PREFIXO: ;3D-009
NOME DO POSTO: ;BUENOPOLIS
MUNICÍPIO: ;MORUNGABA
CURSO D'ÁGUA: ;JAGUARI,R
ÁREA (Km²): ;1.950,00
LATITUDE: ;22°51'02"
LONGITUDE: ;46°46'47"
 
Obs: valores com --- representam dados inexistentes.
 
Vazões médias diárias (m³/s)
 
Mês/Ano;1;2;3;4;5;6;7;8;9;10;11;12;13;14;15;16;17;18;19;20;21;22;23;24;25;26;27;28;29;30;31;Vazão Mínima;Vazão Média;Vazão Máxima
  02/1930;---;---;---;---;---;---;---;---;---;---;---;---;---;---;---;49,775;49,261;52,386;56,705;57,813;53,449;48,749;45,739;47,232;53,985;67,669;75,742;88,382;---;---;---;---;---;---
  03/1930;92,581;89,075;77,671;65,278;57,813;54,524;49,775;46,732;48,749;48,241;45,739;43,306;41,878;40,941;40,476;40,013;38,192;38,192;36,854;36,414;36,414;35,541;35,541;34,679;34,252;37,297;40,476;40,476;37,297;35,541;33,828;33,828;46,251;92,581
  04/1930;33,828;32,988;32,571;32,988;34,252;33,828;35,109;39,097;40,941;40,013;38,192;36,414;35,541;34,252;32,158;35,541;35,976;33,828;32,988;32,158;31,339;30,934;29,735;28,948;28,559;28,559;28,173;28,173;27,789;27,408;---;27,408;33,076;40,941
  05/1930;27,408;26,654;26,654;26,281;25,911;25,911;25,544;24,817;24,817;24,457;24,457;24,457;24,457;24,457;24,457;25,911;27,408;30,532;36,414;31,747;27,030;26,281;25,911;25,911;25,179;24,817;24,457;24,100;23,746;23,746;25,544;23,746;26,112;36,414
  06/1930;26,281;25,911;26,654;26,654;27,789;27,030;25,911;24,457;23,046;22,700;22,700;22,357;22,016;21,678;21,678;22,357;22,700;22,357;21,678;21,343;21,010;21,010;23,046;19,387;20,353;20,028;20,028;19,706;19,706;19,706;---;19,387;22,709;27,789
  07/1930;19,387;19,070;19,070;19,070;18,756;19,070;21,010;18,756;19,706;20,353;20,353;20,353;20,353;25,911;29,340;28,559;28,173;24,457;22,357;21,010;19,706;19,706;19,387;19,070;18,756;18,445;18,445;18,445;17,831;17,831;17,227;17,227;20,644;29,340
  08/1930;17,227;17,227;16,929;18,445;19,706;16,633;17,227;17,227;16,929;16,633;16,633;14,367;15,764;16,051;16,341;16,341;16,633;18,137;19,706;19,706;19,706;19,706;19,070;19,070;18,445;17,527;17,227;15,764;16,051;17,227;17,831;14,367;17,467;19,706
  09/1930;17,831;19,070;23,046;28,173;30,532;26,281;22,357;19,706;18,445;18,445;18,445;18,445;17,831;16,929;16,051;15,764;15,479;15,197;15,479;16,051;16,051;16,929;15,764;15,479;15,479;15,479;16,929;19,387;22,357;19,706;---;15,197;18,771;30,532
  10/1930;17,227;15,764;14,918;14,918;14,918;14,641;14,641;14,641;19,070;24,817;27,408;24,817;21,010;18,756;19,070;19,387;21,010;28,173;30,532;34,679;45,247;48,749;39,554;40,013;40,013;33,406;28,559;28,948;27,789;25,179;24,457;14,641;25,558;48,749
  11/1930;21,678;20,028;19,070;18,756;18,445;18,445;23,746;28,173;27,789;26,654;26,654;24,457;21,678;20,353;20,353;22,357;24,457;24,100;21,678;19,706;17,831;20,028;37,743;35,541;32,988;27,030;23,395;22,357;21,010;19,706;---;17,831;23,540;37,743
  12/1930;19,387;21,010;23,746;24,100;26,281;23,746;23,746;30,532;27,408;24,457;23,746;23,046;33,828;44,271;51,333;55,065;65,278;72,582;72,582;71,337;71,337;58,370;51,858;58,370;67,669;76,382;85,638;111,933;137,469;143,608;141,840;19,387;56,837;143,608
  01/1931;123,133;96,880;74,470;65,872;59,494;52,916;46,732;44,758;45,739;46,732;51,333;56,156;53,449;50,811;46,234;42,827;40,476;37,297;35,541;33,828;32,988;32,988;32,158;32,988;31,339;31,339;35,541;55,065;75,105;94,003;134,023;31,339;54,588;134,023
  02/1931;172,446;208,260;201,874;203,991;189,409;152,615;123,133;116,666;113,499;113,499;108,065;119,877;122,315;111,933;99,801;89,770;84,959;87,004;92,581;95,436;121,499;139,209;137,469;126,433;112,714;105,778;97,606;105,778;---;---;---;84,959;126,915;208,260
  03/1931;99,801;88,382;80,283;73,838;71,958;73,838;73,208;70,103;66,468;89,770;94,003;94,003;88,382;82,938;77,671;77,026;80,283;78,972;75,105;79,626;82,938;87,004;85,638;85,638;77,026;71,958;81,605;108,833;126,433;142,722;144,496;66,468;87,418;144,496
  04/1931;121,499;101,279;93,290;87,692;81,605;75,105;70,103;66,468;64,099;64,099;67,669;68,880;66,468;63,514;60,629;58,370;56,156;55,065;53,985;52,916;53,985;52,916;50,811;50,811;49,261;48,749;47,735;48,241;52,386;53,449;---;47,735;64,575;121,499
  05/1931;51,858;48,749;49,261;50,811;49,775;47,735;45,739;44,758;43,787;43,306;42,827;42,352;41,878;41,408;42,827;44,758;44,271;42,827;43,306;42,827;42,827;42,352;41,878;40,941;39,097;39,097;38,192;38,192;37,743;38,192;37,297;37,297;43,254;51,858
  06/1931;36,414;35,976;35,976;35,541;34,679;34,679;34,252;33,828;33,828;33,828;32,988;34,679;36,414;34,679;34,679;33,828;35,541;40,941;40,941;40,013;36,414;34,679;33,828;32,571;32,158;32,158;32,988;37,743;38,192;36,414;---;32,158;35,362;40,941
  07/1931;33,828;32,571;32,158;31,339;30,132;29,735;29,735;29,735;29,735;28,948;28,559;28,173;29,735;27,030;27,408;27,030;27,030;26,654;26,281;26,281;25,911;25,911;25,179;25,179;24,817;24,817;24,457;24,457;24,100;24,100;24,457;24,100;27,596;33,828
  08/1931;24,457;24,100;23,746;23,746;23,746;23,395;23,046;22,700;22,700;22,357;22,700;22,700;22,357;22,016;22,016;21,678;21,678;21,678;21,010;21,010;20,353;20,353;20,353;20,028;20,028;19,706;19,706;19,387;19,706;20,353;22,357;19,387;21,780;24,457
  09/1931;20,353;20,353;20,028;21,010;21,678;21,010;23,046;23,746;28,948;31,339;38,192;47,232;49,261;41,878;33,406;33,828;39,554;41,878;38,643;35,541;32,571;28,173;25,911;25,179;24,100;23,046;22,357;22,357;22,357;22,016;---;20,028;29,300;49,261
  10/1931;21,678;23,046;27,030;31,339;32,571;27,789;24,100;22,357;21,343;21,010;21,010;22,700;29,735;34,679;38,643;31,339;27,030;23,746;21,678;29,735;46,732;47,735;41,878;35,541;31,339;28,948;27,030;24,817;23,395;22,357;21,678;21,010;28,516;47,735
  11/1931;21,343;22,357;29,340;30,532;28,948;26,281;23,046;21,343;21,678;23,046;24,100;23,746;23,746;22,357;21,010;22,700;24,457;25,911;25,911;23,046;23,046;26,654;26,654;29,735;32,158;35,541;37,297;46,234;49,775;51,858;---;21,010;28,128;51,858
  12/1931;59,494;53,985;61,775;71,337;89,770;111,933;122,315;135,741;142,722;141,840;132,317;105,778;80,283;84,282;107,300;85,638;78,972;63,514;52,386;49,775;45,739;46,234;58,370;61,775;59,494;54,524;53,985;60,629;70,719;75,105;72,582;45,739;80,333;142,722
  01/1932;66,468;72,582;91,170;106,537;98,335;82,938;77,671;70,103;62,932;62,932;61,201;58,370;56,156;52,916;53,985;77,671;98,335;99,801;95,436;88,382;84,959;87,692;84,282;85,638;85,638;101,279;103,516;95,436;80,283;74,470;78,320;52,916;80,498;106,537
  02/1932;81,605;77,671;67,669;64,687;64,099;58,931;56,156;60,629;63,514;61,775;61,775;78,320;98,335;99,801;106,537;108,833;99,067;82,938;68,880;65,278;63,514;60,629;59,494;64,687;73,208;75,105;100,539;89,770;87,004;---;---;56,156;75,878;108,833
  03/1932;81,605;75,105;73,838;89,770;91,170;94,003;94,003;85,638;73,208;68,273;65,278;71,958;76,382;75,105;70,103;70,103;73,208;65,278;61,201;59,494;56,705;53,985;52,916;51,858;50,811;51,333;53,985;60,060;57,258;51,858;49,775;49,775;67,912;94,003
  04/1932;47,735;46,732;46,732;45,739;47,735;47,232;46,732;46,732;44,758;43,787;42,827;41,878;40,941;40,476;40,013;39,097;38,643;38,192;38,192;37,743;37,297;40,476;43,787;43,787;43,787;42,827;40,013;38,192;37,297;36,414;---;36,414;42,193;47,735
  05/1932;35,541;35,109;35,541;34,679;34,679;35,109;34,679;33,828;36,854;52,916;65,278;73,838;67,669;53,449;46,732;41,878;39,554;38,192;37,297;36,414;35,541;34,679;33,828;33,828;33,406;32,988;32,988;48,749;66,468;68,880;64,099;32,988;43,700;73,838
  06/1932;58,370;57,258;53,985;46,234;45,739;47,232;47,232;43,306;40,941;39,554;38,192;42,827;40,941;38,192;37,297;36,414;35,541;34,252;33,828;32,988;32,988;32,571;32,571;32,158;32,158;31,339;31,339;31,339;31,339;31,339;---;31,339;38,982;58,370
  07/1932;30,934;30,532;29,735;28,948;29,735;29,735;29,735;28,948;28,173;28,173;27,408;27,408;27,030;26,654;26,654;25,911;25,911;25,544;25,544;25,179;25,179;24,817;24,817;24,457;24,457;25,179;24,817;24,457;24,100;24,100;23,746;23,746;26,710;30,934
  08/1932;23,746;25,179;25,179;25,179;28,559;28,173;26,654;25,179;24,100;23,395;23,046;22,700;22,357;22,016;21,678;21,343;21,343;21,010;21,343;21,010;21,010;21,010;21,010;20,680;20,680;20,680;20,353;20,353;20,353;21,678;21,010;20,353;22,645;28,559
  09/1932;21,010;20,680;20,353;20,353;20,028;20,028;19,706;19,706;19,387;19,070;19,070;18,756;18,445;18,445;18,137;17,831;19,070;19,070;18,445;18,445;18,445;17,831;17,527;17,227;17,227;16,633;17,227;15,479;16,051;16,929;---;15,479;18,554;21,010
  10/1932;17,227;17,831;17,831;18,137;19,387;20,028;19,070;18,756;19,387;19,387;23,746;23,746;23,046;20,353;21,678;20,353;21,010;27,408;29,735;27,030;25,911;27,030;29,735;34,679;27,030;23,046;20,353;19,070;18,756;18,445;16,051;16,051;22,105;34,679
  11/1932;16,633;16,633;16,341;16,051;15,764;16,051;16,051;17,227;19,706;21,343;21,678;19,706;16,929;17,227;19,070;19,706;19,706;19,070;18,137;20,353;21,010;19,706;21,010;21,678;22,357;35,109;40,013;34,679;34,679;33,406;---;15,764;21,568;40,013
  12/1932;31,339;28,173;27,408;30,532;43,787;60,629;59,494;52,916;42,827;36,414;36,414;37,297;46,732;84,282;95,436;104,267;106,537;99,067;75,742;66,468;84,282;82,938;69,490;66,468;60,629;52,916;49,261;47,735;49,775;53,449;51,333;27,408;59,162;106,537
  01/1933;49,775;51,858;65,278;71,337;51,858;45,739;40,941;40,476;37,743;35,541;33,828;33,828;32,988;32,988;32,988;34,679;39,097;47,232;62,932;71,337;70,103;61,775;59,494;64,099;66,468;62,932;53,985;46,732;42,352;42,352;41,878;32,988;49,181;71,337
  02/1933;40,941;37,743;35,976;32,988;31,339;30,532;33,828;35,541;40,941;47,232;46,732;40,013;40,013;40,941;40,476;38,192;37,297;33,828;32,158;37,297;49,775;53,985;52,916;47,735;47,735;41,878;37,743;36,854;---;---;---;30,532;40,094;53,985
  03/1933;34,679;35,541;36,414;41,878;45,247;52,916;53,985;55,065;49,261;42,352;39,554;36,854;34,679;32,988;37,297;38,192;38,192;33,828;31,339;30,532;29,340;28,173;27,408;27,408;26,654;26,281;25,911;26,654;26,654;26,654;27,408;25,911;35,463;55,065
  04/1933;30,132;33,828;35,109;32,988;29,735;28,948;28,173;26,654;25,911;25,179;25,179;24,457;24,100;23,746;22,700;23,046;23,046;23,046;23,046;23,046;23,046;23,046;24,100;23,395;22,700;22,700;22,357;22,357;22,016;21,678;---;21,678;25,315;35,109
  05/1933;22,357;21,678;21,010;20,680;22,700;29,340;37,297;40,013;39,097;31,339;27,789;25,544;24,457;24,817;24,817;26,654;28,948;30,532;27,408;25,179;23,746;22,357;22,357;22,357;22,357;21,678;21,678;21,010;21,010;20,680;20,353;20,353;25,524;40,013
  06/1933;20,353;20,028;20,353;20,028;20,028;20,028;19,706;19,706;19,706;19,706;19,387;19,070;19,070;19,070;19,070;18,756;18,756;18,756;19,387;27,408;27,030;26,654;25,179;23,046;21,343;20,353;19,706;19,387;19,070;19,070;---;18,756;20,640;27,408
  07/1933;19,070;18,756;18,756;18,756;18,445;18,445;18,445;18,445;17,831;17,831;18,445;18,445;19,070;18,756;18,445;18,445;19,706;20,353;20,353;20,353;19,070;18,756;18,445;17,831;17,527;17,227;17,227;16,929;16,633;16,633;16,341;16,341;18,380;20,353
  08/1933;17,227;21,010;23,046;22,016;19,706;18,445;17,227;16,633;16,633;16,051;15,764;15,479;15,479;15,197;15,197;15,479;15,197;14,918;14,918;14,918;16,341;13,561;15,479;16,051;16,633;19,706;19,070;18,445;17,527;16,633;15,479;13,561;16,950;23,046
  09/1933;14,918;14,641;14,367;14,918;13,561;17,227;21,010;22,357;23,046;21,010;19,070;17,527;16,051;15,479;16,051;15,479;15,197;16,051;13,827;14,641;14,367;14,367;14,641;16,341;18,445;18,137;16,633;15,479;14,918;14,367;---;13,561;16,471;23,046
  10/1933;13,827;14,641;12,270;13,827;14,367;14,367;14,367;14,918;22,357;26,654;34,679;32,988;25,179;22,357;21,343;21,010;16,341;16,633;15,764;15,197;14,641;14,918;15,764;14,367;16,633;18,445;17,831;16,633;15,479;16,051;12,778;12,270;17,956;34,679
  11/1933;13,297;13,297;13,297;13,827;13,827;14,367;14,918;14,367;13,297;12,778;12,270;12,270;10,113;10,808;11,285;11,527;11,285;11,285;10,808;13,036;15,197;14,367;15,479;16,633;29,340;40,013;41,878;29,340;23,046;19,070;---;10,113;16,544;41,878
  12/1933;18,445;17,831;16,633;16,341;15,197;14,641;16,633;19,706;22,700;26,654;31,339;32,158;37,297;47,232;48,241;46,732;34,252;33,406;32,158;28,173;24,457;23,746;25,544;28,173;44,758;52,386;44,758;37,297;30,532;27,408;26,654;14,641;29,725;52,386
  01/1934;44,271;65,278;91,170;99,801;94,003;70,103;52,916;44,271;40,013;39,097;37,743;34,679;35,976;39,097;43,787;48,749;53,449;55,609;55,065;57,258;49,775;49,775;48,749;46,732;41,878;41,878;42,827;41,878;40,476;39,097;42,827;34,679;51,233;99,801
  02/1934;40,476;37,297;39,097;36,854;33,406;29,340;28,173;26,654;26,654;28,173;36,414;40,013;32,988;33,828;32,571;33,828;38,192;51,858;78,320;72,582;57,813;47,735;43,306;42,827;48,749;55,065;57,258;52,916;---;---;---;26,654;42,228;78,320
  03/1934;46,234;42,827;51,858;51,858;48,749;46,234;42,827;42,827;38,192;36,414;33,828;32,158;31,339;31,747;30,934;30,532;30,532;33,828;34,679;32,988;33,828;37,297;35,109;30,532;28,948;29,735;29,340;27,030;26,654;25,911;27,408;25,911;35,561;51,858
  04/1934;30,532;30,132;26,654;27,408;25,911;27,408;25,911;24,457;23,046;23,046;22,700;23,046;23,046;24,100;24,457;24,457;24,457;23,046;22,357;21,678;21,678;23,046;24,457;28,948;27,030;25,179;25,179;24,100;23,046;23,046;---;21,678;24,785;30,532
  05/1934;23,395;24,457;23,395;22,357;21,678;20,353;20,028;20,353;19,706;19,706;19,387;19,070;19,070;19,070;19,070;18,756;18,756;18,445;18,445;18,137;17,831;17,831;17,831;17,527;17,527;17,227;17,227;16,929;16,929;16,929;16,633;16,633;19,163;24,457
  06/1934;16,633;16,341;16,051;16,051;16,051;16,633;19,070;20,353;21,010;20,353;19,070;19,706;20,353;19,070;17,831;17,227;16,633;16,633;16,633;16,341;16,341;16,051;16,051;16,051;15,764;15,764;15,479;15,479;15,479;15,479;---;15,479;17,199;21,010
  07/1934;15,764;15,197;15,197;15,197;15,197;14,918;14,918;14,918;14,641;14,641;14,918;14,641;14,641;14,641;14,641;14,641;14,367;14,367;14,096;13,827;13,827;13,561;13,561;13,561;13,561;13,297;13,036;13,036;13,036;13,036;13,036;13,036;14,255;15,764
  08/1934;13,036;12,778;12,778;12,778;12,778;12,523;12,523;12,270;12,020;12,020;11,772;11,772;11,772;11,772;11,772;11,772;11,772;11,772;12,778;13,827;13,561;13,297;13,297;12,778;12,523;12,270;11,772;11,527;11,527;11,527;11,285;11,285;12,311;13,827
  09/1934;11,285;11,045;11,045;11,285;11,285;11,045;10,808;10,808;10,808;10,808;10,574;10,808;11,772;12,778;13,036;13,036;16,929;19,706;21,010;20,353;20,680;20,353;19,070;17,831;14,918;14,918;16,341;16,929;17,227;15,479;---;10,574;14,466;21,010
  10/1934;13,827;13,297;12,523;12,020;11,772;11,527;11,285;11,527;11,285;17,831;24,457;29,735;40,941;37,297;34,679;29,340;24,457;20,028;15,197;14,367;13,297;12,523;11,527;11,527;13,297;14,096;13,036;13,297;12,270;12,270;12,778;11,285;17,333;40,941
  11/1934;12,270;11,772;10,808;10,342;9,886;9,663;9,886;9,441;9,886;9,441;10,113;12,270;12,523;12,270;11,772;10,808;11,772;12,778;14,367;16,633;15,764;12,778;11,285;10,808;10,342;12,020;15,479;19,706;20,353;21,010;---;9,441;12,608;21,010
  12/1934;22,357;25,544;25,911;35,541;32,158;26,654;25,179;31,339;34,252;37,297;31,339;33,828;44,271;45,739;52,386;90,469;113,499;138,338;173,421;201,874;191,458;160,962;134,023;114,287;91,170;68,880;55,065;64,687;62,932;59,494;55,609;22,357;73,547;201,874
  01/1935;48,749;42,827;40,013;37,297;33,406;32,158;31,339;32,158;35,976;39,097;45,739;40,941;34,679;34,252;35,976;33,406;36,414;39,554;33,828;30,532;28,948;27,408;26,654;27,408;27,789;29,735;38,643;53,985;50,291;41,878;46,234;26,654;36,688;53,985
  02/1935;46,732;48,749;49,261;52,916;62,932;80,283;96,156;104,267;102,767;104,267;102,022;94,718;87,692;79,626;87,004;99,801;104,267;114,287;123,954;143,608;138,338;123,133;108,833;98,335;94,003;95,436;89,075;77,671;---;---;---;46,732;93,219;143,608
  03/1935;71,337;65,278;66,468;68,880;67,669;71,337;75,742;77,671;75,105;84,282;80,942;80,283;85,638;98,335;85,638;82,270;76,382;68,880;71,337;80,283;77,671;72,582;70,103;66,468;60,629;57,813;53,985;51,858;48,749;47,232;46,732;46,732;70,567;98,335
  04/1935;47,735;50,811;62,932;75,105;76,382;68,880;59,494;58,370;58,370;57,258;52,916;49,775;47,735;50,811;54,524;53,985;50,291;46,732;44,758;42,827;41,878;40,941;41,878;42,827;41,878;40,941;40,013;40,476;43,306;45,739;---;40,013;50,986;76,382
  05/1935;40,941;39,097;37,743;36,414;36,414;35,541;35,109;34,679;34,679;33,828;33,828;32,988;32,571;32,158;32,158;31,747;31,339;30,934;31,339;31,747;32,988;33,828;33,828;32,158;31,747;31,339;30,532;29,735;30,132;28,948;28,948;28,948;33,208;40,941
  06/1935;28,559;28,173;27,789;28,173;27,789;27,789;27,789;27,408;27,408;28,948;32,158;34,679;35,541;34,679;32,988;31,339;30,132;29,735;29,340;28,948;28,559;28,173;27,408;26,654;26,281;25,911;25,544;25,544;24,817;24,457;---;24,457;28,757;35,541
  07/1935;24,100;23,746;23,746;23,395;23,395;23,395;23,046;22,700;22,357;22,357;22,016;21,678;21,678;21,678;21,343;21,343;21,343;21,678;21,010;21,010;20,680;20,353;21,010;22,357;22,016;23,046;23,395;24,457;25,911;27,030;25,911;20,353;22,683;27,030
  08/1935;23,746;22,016;21,343;21,678;21,343;21,343;21,010;20,680;20,353;20,028;19,706;20,353;21,010;21,010;20,353;19,706;19,070;18,756;18,445;18,445;18,137;18,445;18,445;18,445;18,445;18,137;17,831;17,831;17,527;17,227;17,227;17,227;19,616;23,746
  09/1935;16,929;16,633;16,633;16,341;15,764;15,764;15,764;16,051;16,051;16,051;17,227;19,070;25,544;27,408;28,948;29,340;28,173;30,132;25,179;25,911;28,173;31,747;28,948;31,339;38,192;43,787;38,192;30,532;33,406;37,743;---;15,764;25,366;43,787
  10/1935;56,705;84,282;80,942;78,972;65,278;51,858;41,878;37,743;50,811;58,931;52,916;43,306;45,739;58,370;50,811;44,758;42,827;40,941;34,679;31,339;29,340;40,013;45,739;41,878;45,739;55,065;56,156;50,811;48,749;41,878;39,097;29,340;49,921;84,282
  11/1935;35,109;32,158;30,132;28,173;27,030;26,654;27,030;26,654;25,179;24,817;24,457;24,817;25,911;25,179;24,457;23,046;22,357;21,678;21,010;19,706;19,070;20,353;21,010;21,010;20,353;19,706;20,028;21,010;21,010;21,343;---;19,070;24,015;35,109
  12/1935;21,678;23,046;23,046;21,678;20,680;19,387;18,756;18,445;22,357;29,340;40,013;48,749;43,787;36,414;33,406;28,948;29,735;32,571;34,679;35,109;31,339;27,789;25,179;24,457;22,357;21,010;23,395;25,179;34,679;43,306;68,880;18,445;29,980;68,880
  01/1936;78,320;73,208;61,775;55,065;53,985;52,916;55,065;49,775;43,787;37,297;33,828;34,679;42,827;50,291;42,352;35,541;33,828;33,406;39,554;48,749;55,609;49,261;40,013;35,109;32,571;30,132;29,340;27,789;26,654;25,911;26,281;25,911;43,062;78,320
  02/1936;25,911;24,457;27,030;28,173;28,559;29,735;62,932;70,103;65,872;62,932;46,732;40,013;34,679;32,158;29,735;28,948;27,408;31,339;32,158;32,158;35,109;39,554;60,629;55,065;60,629;71,337;66,468;58,370;54,524;---;---;24,457;43,542;71,337
  03/1936;58,370;64,099;65,278;60,060;56,705;58,370;92,581;116,666;113,499;112,714;111,933;103,516;87,004;72,582;71,337;87,004;99,801;96,880;94,718;89,075;81,605;74,470;66,468;64,099;67,067;62,932;57,258;54,524;58,931;60,629;62,932;54,524;78,165;116,666
  04/1936;59,494;57,258;51,858;49,261;48,749;47,735;46,234;45,739;43,787;41,878;40,941;42,827;40,013;39,097;40,941;39,097;37,743;37,297;36,414;35,541;36,414;37,297;40,941;47,735;45,739;40,941;37,743;36,414;35,541;33,828;---;33,828;42,483;59,494
  05/1936;36,854;38,192;36,414;35,541;33,828;33,828;32,988;32,158;31,747;31,339;30,532;30,132;29,735;29,735;29,340;28,948;28,948;28,948;28,173;28,173;27,789;27,408;27,408;27,030;26,654;26,281;25,911;25,911;25,544;25,179;25,179;25,179;29,866;38,192
  06/1936;25,179;24,817;24,817;24,457;24,457;24,100;23,746;23,746;23,395;23,046;22,700;22,700;22,700;23,046;24,457;23,395;22,700;22,357;22,016;21,678;21,678;24,457;22,357;21,678;21,678;21,343;21,010;21,343;22,357;20,680;---;20,680;22,936;25,179
  07/1936;21,010;21,010;20,353;20,353;20,353;21,678;19,706;19,706;19,387;19,070;19,706;20,028;21,010;21,678;26,654;31,339;29,735;25,179;23,746;22,700;21,343;20,353;20,353;19,706;19,070;19,706;19,070;18,137;18,445;19,387;19,070;18,137;21,259;31,339
  08/1936;17,831;18,137;18,445;16,929;17,831;20,680;25,179;25,544;24,457;22,357;20,353;19,387;19,706;18,137;19,070;19,706;20,353;18,756;19,706;19,387;18,756;19,070;24,457;29,735;29,735;31,339;36,414;47,735;68,880;67,669;66,468;16,929;27,168;68,880
  09/1936;57,258;40,476;33,828;29,735;27,408;25,179;25,179;21,010;22,357;22,357;22,700;24,817;24,457;24,457;23,746;23,046;23,746;23,746;24,100;25,179;26,281;25,911;27,408;30,532;33,406;35,541;30,132;25,911;24,457;22,016;---;21,010;27,546;57,258
  10/1936;21,678;20,353;19,706;19,070;18,445;18,445;18,445;17,227;17,831;19,070;20,028;25,911;24,457;23,746;21,678;21,678;21,678;21,010;19,706;21,343;28,173;23,395;21,343;20,353;18,756;17,831;17,227;16,633;16,341;15,764;15,764;15,764;20,100;28,173
  11/1936;16,051;15,479;16,341;16,633;70,719;57,258;40,013;26,654;22,357;21,010;21,010;28,559;28,559;22,357;22,357;21,010;19,706;18,756;25,179;40,941;44,758;43,787;38,643;35,976;32,571;32,158;31,339;30,532;28,948;25,179;---;15,479;29,828;70,719
  12/1936;23,046;25,179;47,232;76,382;72,582;60,629;53,449;50,811;48,749;43,787;36,854;33,406;36,414;55,065;104,267;134,880;148,979;189,409;200,820;175,380;140,960;94,718;66,468;58,370;56,156;77,671;97,606;153,532;160,024;168,573;166,653;23,046;92,195;200,820
  01/1937;140,960;118,266;96,880;90,469;87,692;94,003;89,075;77,026;72,582;77,671;83,609;108,833;133,169;142,722;152,615;151,702;145,387;140,960;156,297;146,280;128,938;111,933;95,436;92,581;99,067;99,067;98,335;93,290;84,282;75,105;71,337;71,337;108,244;156,297
  02/1937;69,490;68,880;65,872;65,278;63,514;68,273;65,872;61,201;58,370;58,931;59,494;61,201;62,352;66,468;73,838;72,582;90,469;93,290;88,382;81,605;76,382;69,490;62,352;57,258;57,813;57,813;53,985;53,985;---;---;---;53,985;67,301;93,290
  03/1937;52,916;56,156;57,813;62,352;69,490;68,273;61,201;58,370;56,156;55,609;53,449;56,156;57,813;51,858;49,261;47,232;46,732;45,739;45,739;45,247;44,758;48,749;50,811;48,749;46,234;45,739;51,858;47,735;42,827;40,941;40,476;40,476;51,821;69,490
  04/1937;39,097;38,192;37,297;37,297;44,758;50,811;53,449;59,494;71,337;77,026;82,938;67,669;53,985;49,261;47,232;70,719;77,026;72,582;65,872;56,156;51,858;49,775;48,241;49,261;48,749;47,232;45,739;45,247;45,739;44,758;---;37,297;54,293;82,938
  05/1937;46,234;47,735;50,811;53,985;48,241;44,271;42,827;41,878;40,476;39,554;37,743;37,743;37,297;35,976;36,414;40,941;43,787;43,787;40,941;39,097;38,192;37,297;35,976;35,541;34,252;34,679;35,109;33,828;33,828;32,988;32,158;32,158;39,793;53,985
  06/1937;35,109;38,192;37,743;36,854;33,828;36,414;43,306;47,232;45,739;42,352;38,192;36,414;35,541;33,828;32,988;32,158;31,747;31,339;31,339;30,934;31,747;30,132;29,735;29,340;29,340;28,948;28,559;28,559;27,789;27,789;---;27,789;34,106;47,232
  07/1937;27,789;27,408;27,030;26,654;27,408;26,281;26,281;26,654;25,911;25,544;25,544;26,281;24,817;24,817;24,457;24,457;24,100;24,100;23,746;23,395;23,395;23,046;22,700;22,700;23,046;24,100;22,700;23,395;23,046;22,357;21,678;21,678;24,672;27,789
  08/1937;22,016;23,046;21,010;21,010;21,343;21,343;21,010;21,010;21,010;21,010;21,010;20,680;21,010;20,680;20,680;20,353;20,353;20,028;20,028;19,387;19,070;20,680;23,746;27,408;26,654;25,179;24,100;22,700;22,700;22,700;20,680;19,070;21,730;27,408
  09/1937;19,706;20,028;19,387;19,070;18,756;18,756;18,756;18,756;18,756;18,445;18,137;18,137;17,831;17,831;17,831;17,527;17,527;17,527;17,227;16,929;16,051;16,341;16,051;16,341;16,341;16,051;16,051;15,764;15,764;15,764;---;15,764;17,581;20,028
  10/1937;16,929;18,756;21,010;22,700;22,700;22,700;28,559;29,340;30,934;33,828;38,643;31,747;31,747;37,743;40,941;55,609;60,629;56,156;42,352;42,827;50,811;49,775;41,408;35,976;32,571;35,541;36,414;33,406;30,132;27,030;24,817;16,929;34,959;60,629
  11/1937;23,395;24,100;33,828;43,306;41,878;37,297;30,532;28,948;30,132;31,339;28,173;27,408;28,173;24,457;23,746;34,679;75,742;88,382;91,874;88,382;69,490;57,258;48,749;53,449;54,524;49,261;42,827;38,643;36,414;33,406;---;23,395;43,993;91,874
  12/1937;32,988;32,158;32,988;36,854;49,261;52,386;61,201;69,490;67,067;70,103;80,942;78,320;75,105;67,669;56,705;51,858;62,932;96,156;112,714;124,777;142,722;134,880;126,433;81,605;63,514;60,060;55,609;52,916;49,775;64,687;69,490;32,158;71,399;142,722
  01/1938;68,273;73,208;75,105;74,470;76,382;88,382;106,537;112,714;114,287;108,833;92,581;75,105;62,932;64,099;64,099;62,932;75,105;76,382;70,103;69,490;68,273;62,352;60,060;55,065;54,524;52,916;57,258;51,858;51,858;48,241;46,732;46,732;71,618;114,287
  02/1938;44,758;42,352;40,941;40,476;39,554;40,941;45,739;46,234;43,306;43,787;42,827;46,234;53,985;51,333;50,291;53,449;49,261;50,811;58,370;65,278;69,490;66,468;77,671;88,382;87,004;78,972;62,932;57,813;---;---;---;39,554;54,952;88,382
  03/1938;56,705;65,872;68,880;61,775;61,775;58,931;58,370;59,494;54,524;50,811;49,775;46,732;44,758;45,739;43,787;42,827;41,878;40,941;47,232;47,735;46,234;50,811;52,916;56,705;56,156;52,916;50,811;47,735;46,732;44,271;41,878;40,941;51,474;68,880
  04/1938;41,878;45,739;47,232;45,739;47,232;46,234;47,735;44,758;43,787;41,408;40,476;39,097;38,192;36,854;36,414;36,854;36,414;35,976;35,541;35,109;37,297;39,097;40,476;39,554;39,097;35,541;35,109;33,406;32,988;33,828;---;32,988;39,635;47,735
  05/1938;34,252;32,988;32,158;31,339;30,934;30,934;30,132;29,340;29,340;28,948;28,559;28,948;30,532;35,541;35,541;35,109;35,976;34,679;34,679;38,643;41,408;43,306;43,306;48,241;46,234;39,097;39,554;39,097;37,297;34,679;32,988;28,559;35,283;48,241
  06/1938;32,571;31,339;29,735;28,173;28,559;27,789;26,654;24,817;28,559;28,559;28,173;27,030;27,030;27,408;26,654;25,911;25,544;25,544;25,544;25,179;25,179;25,179;24,817;24,817;24,817;25,179;26,654;24,817;24,457;24,100;---;24,100;26,693;32,571
  07/1938;24,457;24,100;23,746;25,911;24,817;23,746;23,746;23,395;23,046;23,746;24,100;23,046;22,700;22,700;22,700;22,700;23,746;22,016;23,746;23,746;23,746;23,746;23,395;21,678;23,395;20,680;20,353;20,680;21,010;21,010;21,010;20,353;22,988;25,911
  08/1938;22,016;21,678;23,046;24,457;27,408;28,948;28,948;27,408;28,173;32,571;32,158;28,173;26,281;25,179;25,179;21,678;21,010;21,010;20,680;20,353;20,028;20,028;18,756;19,387;19,387;19,387;18,445;18,137;17,831;17,527;17,227;17,227;22,984;32,571
  09/1938;17,227;16,929;17,227;17,227;19,070;16,633;17,831;19,706;26,281;44,271;44,758;33,828;30,934;31,339;28,559;26,281;24,817;24,817;23,046;21,343;20,028;19,387;19,070;19,387;19,387;18,756;18,137;18,137;18,445;19,070;---;16,633;23,064;44,758
  10/1938;19,706;20,028;25,179;34,252;35,109;31,339;27,030;24,100;22,016;20,353;19,070;18,137;20,680;27,408;31,747;35,976;38,192;38,192;55,065;84,282;82,938;80,283;84,282;78,972;77,026;68,273;62,352;56,705;54,524;49,261;49,775;18,137;44,266;84,282
  11/1938;47,232;45,739;44,271;40,941;38,643;35,541;34,252;33,406;35,109;37,297;38,643;40,013;41,878;38,643;34,252;32,571;34,252;34,252;30,934;29,735;28,948;28,173;32,571;34,252;31,747;30,132;30,934;37,743;35,976;33,406;---;28,173;35,716;47,232
  12/1938;38,192;38,643;40,476;37,743;33,406;32,158;30,132;28,559;30,934;35,109;36,854;36,414;32,988;32,158;32,571;32,571;33,406;37,743;40,013;42,352;43,306;40,476;40,013;40,476;52,386;68,880;69,490;63,514;57,258;49,261;44,758;28,559;41,040;69,490
  01/1939;45,739;43,306;42,352;39,554;36,414;38,192;46,234;47,735;86,320;115,870;73,208;64,687;55,609;59,494;60,060;75,742;65,278;53,985;46,234;42,827;40,476;49,775;70,719;99,801;87,004;87,004;84,282;71,958;68,273;77,026;72,582;36,414;62,830;115,870
  02/1939;68,880;62,932;58,931;61,775;66,468;58,370;50,291;47,735;50,291;64,687;79,626;95,436;98,335;96,880;89,075;69,490;57,258;54,524;51,858;51,333;53,985;56,156;58,931;58,370;60,060;57,258;57,813;61,201;---;---;---;47,735;64,212;98,335
  03/1939;61,775;59,494;54,524;49,775;45,739;44,758;42,827;41,408;40,476;41,408;40,941;40,013;42,352;43,306;42,352;42,352;41,878;40,476;41,878;40,941;40,013;40,013;38,643;37,743;42,827;53,449;55,065;49,775;48,241;51,333;60,060;37,743;45,672;61,775
  04/1939;76,382;75,742;73,208;60,060;52,916;55,065;46,732;45,247;44,271;43,787;40,476;36,854;40,941;43,787;48,749;43,306;40,013;38,192;36,854;35,976;35,109;34,679;34,252;40,013;38,643;38,192;38,192;40,013;40,476;38,192;---;34,252;45,211;76,382
  05/1939;35,541;34,679;33,406;32,571;33,828;32,988;32,988;34,252;44,271;53,985;55,065;55,065;51,333;44,758;42,352;43,306;36,854;34,679;33,828;32,571;32,158;31,339;30,934;30,532;30,132;29,735;29,340;28,948;28,948;32,158;33,406;28,948;36,644;55,065
  06/1939;33,828;31,747;30,532;30,132;29,735;31,339;30,532;29,340;28,173;28,173;29,340;30,132;30,934;28,948;28,173;28,173;28,173;27,408;26,281;25,911;25,911;25,911;25,911;25,179;24,817;24,457;24,457;24,457;25,179;25,544;---;24,457;27,961;33,828
  07/1939;24,817;24,457;24,100;23,746;23,395;23,395;23,395;23,046;22,700;22,700;23,046;22,700;22,357;22,016;21,678;21,678;21,678;22,016;21,343;21,678;21,678;21,010;21,678;22,357;24,817;26,654;27,030;28,173;26,281;24,100;21,678;21,010;23,271;28,173
  08/1939;22,016;21,678;21,343;21,010;21,010;20,680;20,353;20,353;20,680;20,028;19,706;19,070;19,070;19,387;16,051;18,445;19,070;18,445;18,756;17,831;17,831;17,831;18,445;18,137;17,831;17,831;17,227;16,633;16,929;18,137;17,527;16,051;19,011;22,016
  09/1939;17,527;17,227;17,831;19,070;20,680;19,387;17,227;17,527;17,227;17,527;17,227;16,929;17,831;17,527;17,527;16,929;16,341;17,527;19,387;20,028;19,706;18,137;16,929;16,051;15,764;15,764;17,227;16,633;15,479;15,197;---;15,197;17,512;20,680
  10/1939;15,479;16,633;17,831;18,756;20,680;22,016;22,357;23,046;20,353;17,831;16,633;15,764;15,764;14,918;15,197;15,479;14,918;15,197;15,764;15,197;14,641;15,197;16,929;17,227;18,445;17,831;16,929;15,764;15,479;13,561;11,772;11,772;16,890;23,046
  11/1939;13,827;13,297;12,020;12,778;14,367;14,918;14,918;18,445;20,353;21,010;21,343;19,387;18,756;17,831;17,831;17,527;17,831;20,680;22,700;23,046;22,700;22,016;21,343;21,343;22,700;28,173;64,687;81,605;70,719;54,524;---;12,020;25,423;81,605
  12/1939;43,787;42,352;39,554;34,252;30,532;30,532;31,339;30,934;29,340;26,654;24,817;28,173;28,948;29,340;27,789;26,654;23,746;21,678;23,746;30,934;39,554;36,414;41,408;56,705;73,838;82,270;87,692;93,290;84,959;79,626;75,742;21,678;43,761;93,290
  01/1940;66,468;58,931;66,468;60,060;52,386;45,739;47,735;54,524;67,067;89,770;128,938;193,519;211,490;209,334;177,351;138,338;106,537;85,638;73,838;75,742;75,742;79,626;78,972;68,880;67,669;69,490;72,582;63,514;54,524;51,333;49,261;45,739;88,434;211,490
  02/1940;67,669;78,972;92,581;103,516;112,714;122,315;158,155;182,326;169,537;150,791;130,622;119,070;122,315;146,280;171,474;161,904;147,177;139,209;129,779;138,338;140,083;141,840;146,280;120,687;115,870;96,156;87,692;81,605;74,470;---;---;67,669;125,842;182,326
  03/1940;73,208;70,103;68,880;70,103;73,208;73,208;68,273;67,067;71,958;73,208;90,469;89,075;89,075;91,170;87,692;87,692;96,880;103,516;93,290;77,026;70,103;67,669;66,468;64,687;60,060;57,813;56,705;55,065;54,524;57,258;65,872;54,524;73,914;103,516
  04/1940;54,524;55,609;52,916;52,386;51,858;51,858;54,524;51,858;51,858;52,386;52,916;52,916;49,775;49,775;49,261;47,232;46,732;49,775;52,916;48,241;45,739;45,739;44,271;43,787;42,352;42,827;43,306;41,878;42,827;40,941;---;40,941;48,766;55,609
  05/1940;40,476;41,878;42,352;42,352;40,941;40,476;40,013;38,643;38,192;37,743;36,414;36,414;36,854;35,976;35,109;35,976;38,942;37,550;35,733;33,958;33,521;32,227;31,801;31,377;30,957;30,539;30,123;30,123;30,123;29,711;29,711;29,711;35,684;42,352
  06/1940;30,539;31,801;30,957;30,123;29,711;28,894;28,894;28,088;27,689;26,508;28,489;27,292;26,508;26,508;26,508;26,120;25,735;26,120;25,735;25,352;24,595;24,972;24,220;23,113;23,480;24,220;24,220;23,480;23,113;23,113;---;23,113;26,537;31,801
  07/1940;22,750;22,750;22,750;22,750;22,389;22,389;22,750;24,972;21,676;22,031;22,031;21,676;21,324;20,974;19,941;20,974;19,603;19,941;19,603;19,603;19,941;22,389;18,933;19,941;19,941;19,267;19,267;18,933;19,603;19,267;18,275;18,275;20,924;24,972
  08/1940;18,275;18,275;17,951;18,603;16,679;18,603;18,275;17,951;17,951;17,629;17,629;17,309;18,275;17,309;16,679;16,368;15,755;16,060;15,452;17,629;16,368;14,561;15,452;15,152;14,561;13,981;15,452;16,679;16,060;15,755;15,452;13,981;16,714;18,603
  09/1940;15,755;14,270;13,981;15,755;14,855;15,152;14,270;13,981;12,581;13,133;13,696;13,981;14,855;14,855;14,855;12,855;11,511;13,696;13,981;13,133;13,133;13,696;14,270;14,855;18,275;18,275;19,603;17,951;17,309;14,561;---;11,511;14,769;19,603
  10/1940;15,152;14,855;13,981;13,696;13,696;12,855;11,774;10,739;13,413;13,413;14,561;20,627;22,031;25,352;23,480;20,974;18,275;15,452;14,270;13,413;13,133;17,951;22,389;19,267;20,283;18,933;17,629;18,603;22,750;25,735;21,676;10,739;17,431;25,735
  11/1940;20,283;16,060;14,561;15,152;20,627;21,676;19,267;18,603;17,951;21,324;17,309;23,480;32,227;42,282;50,406;53,084;54,722;52,005;43,753;41,314;39,411;31,377;26,508;23,849;22,031;26,508;30,123;38,475;54,174;47,280;---;14,561;31,194;54,722
  12/1940;38,475;31,377;30,123;27,689;26,508;23,849;22,389;19,603;18,275;20,974;18,933;18,933;22,031;25,352;23,849;24,220;38,011;51,469;59,780;51,469;46,259;56,944;62,096;58,638;53,627;46,259;38,011;33,087;31,377;30,539;31,377;18,275;34,888;62,096
  01/1941;45,752;60,933;66,250;62,681;49,878;43,753;39,411;31,377;32,227;34,398;33,087;32,656;37,550;33,521;31,801;30,957;35,285;30,957;32,227;35,733;34,840;33,521;36,183;42,282;47,794;44,747;42,769;38,475;32,656;30,539;26,899;26,899;39,069;66,250
  02/1941;25,735;25,735;29,711;28,088;26,899;26,899;25,352;25,352;25,352;24,220;23,113;22,031;21,324;20,283;19,603;19,267;19,603;22,389;21,324;28,088;23,849;23,480;25,735;28,088;28,894;34,398;33,521;33,087;---;---;---;19,267;25,408;34,398
  03/1941;29,711;23,113;24,220;22,389;19,941;19,603;19,603;20,283;19,267;18,933;19,267;18,933;18,933;20,283;23,113;25,735;26,120;24,972;21,676;20,283;19,267;20,974;27,292;32,227;45,249;48,831;47,794;47,280;43,260;35,285;31,377;18,933;26,942;48,831
  04/1941;30,539;29,301;27,292;27,292;28,088;25,735;23,113;22,031;19,941;22,031;22,389;23,480;23,849;22,389;22,031;20,283;19,267;19,267;19,941;19,603;19,267;19,267;18,933;18,603;18,275;17,951;17,629;17,951;14,270;16,060;---;14,270;21,536;30,539
  05/1941;16,368;16,060;16,060;16,060;15,755;15,152;15,152;15,452;15,152;15,755;15,152;14,270;13,696;15,452;14,561;15,452;16,993;19,267;18,933;19,603;17,629;16,060;15,452;15,452;16,060;14,855;14,561;16,060;16,060;15,755;15,755;13,696;15,937;19,603
  06/1941;15,152;14,561;14,270;15,452;15,755;15,452;14,561;14,270;13,696;12,855;14,855;14,855;13,981;13,696;14,270;12,855;12,309;15,452;14,855;13,696;13,413;13,133;13,133;12,855;13,696;14,855;18,603;21,324;26,508;22,031;---;12,309;15,213;26,508
  07/1941;17,951;15,755;15,152;16,060;13,981;13,696;12,581;12,855;15,152;13,981;13,413;13,413;13,413;12,581;12,855;14,561;16,993;18,933;17,629;16,993;15,452;15,452;15,452;14,270;13,696;13,413;12,855;11,774;11,511;13,133;13,696;11,511;14,473;18,933
  08/1941;12,309;12,309;11,511;10,739;8,804;13,696;12,040;11,774;11,251;10,993;10,487;9,036;11,251;10,993;10,487;10,487;10,739;10,993;11,251;12,309;11,774;11,511;10,487;10,487;10,238;8,349;10,739;10,238;9,992;9,749;9,508;8,349;10,856;13,696
  09/1941;8,804;6,848;12,581;19,603;19,941;21,676;28,088;26,899;27,292;24,595;20,283;20,627;19,267;23,480;35,285;47,280;47,280;39,411;38,475;37,550;35,733;29,301;28,088;27,292;32,227;38,942;49,353;54,722;62,681;55,828;---;6,848;31,314;62,681
  10/1941;46,259;53,627;61,513;57,506;43,753;41,314;42,769;45,752;56,944;55,828;47,794;38,011;33,958;30,539;28,489;27,689;30,539;31,801;33,087;29,301;25,352;22,750;22,750;20,974;20,283;19,941;19,267;19,267;18,275;18,603;18,933;18,275;34,286;61,513
  11/1941;19,941;20,974;20,974;27,689;25,735;24,972;33,958;34,840;38,475;38,475;34,398;28,894;25,735;26,508;24,595;23,480;36,183;59,780;61,513;50,406;39,883;35,733;33,087;28,489;26,899;26,120;28,088;27,689;26,508;26,899;---;19,941;31,897;61,513
  12/1941;26,899;33,087;28,894;27,292;26,899;24,972;23,480;23,113;28,489;43,260;49,353;53,627;48,831;48,831;50,936;50,406;49,878;51,469;50,406;47,794;43,753;39,883;37,092;37,550;33,087;31,801;30,123;31,801;30,957;39,411;67,460;23,113;39,059;67,460
  01/1942;68,681;56,944;51,469;49,353;43,753;38,942;37,092;35,733;33,087;38,942;52,543;51,469;51,469;43,753;38,942;38,011;39,411;37,092;33,958;33,521;31,377;30,957;30,539;28,894;26,508;26,899;29,301;30,123;29,711;29,711;34,398;26,508;38,793;68,681
  02/1942;43,753;48,311;52,005;56,385;56,944;45,752;38,011;36,183;35,285;41,314;38,475;36,636;39,883;44,747;38,011;38,011;38,475;40,834;59,207;70,532;78,822;82,796;82,796;82,127;77,518;69,295;57,506;51,469;---;---;---;35,285;52,896;82,796
  03/1942;54,722;49,353;46,259;47,794;54,174;60,933;72,406;80,136;81,461;75,581;68,681;68,069;73,668;78,168;78,168;75,581;73,036;68,681;58,638;54,722;55,828;62,096;58,070;53,084;49,878;49,353;48,311;47,280;53,627;51,469;49,878;46,259;61,261;81,461
  04/1942;49,878;47,794;43,753;41,796;40,834;40,834;40,834;41,796;39,883;38,475;38,011;36,183;36,183;39,411;46,259;51,469;48,831;47,280;39,411;38,942;44,747;48,311;50,936;48,831;44,747;41,796;38,942;37,092;35,733;34,398;---;34,398;42,446;51,469
  05/1942;32,656;32,227;32,227;31,377;32,227;32,227;33,521;33,521;33,521;31,801;30,539;30,957;29,711;29,301;28,489;28,088;27,292;26,899;27,689;27,292;26,508;26,508;26,508;26,508;25,352;26,508;25,735;25,735;25,735;24,972;24,595;24,595;28,911;33,521
  06/1942;24,220;24,972;24,972;23,849;23,849;24,595;23,849;22,389;20,974;26,120;33,087;35,285;33,958;30,957;27,292;27,689;26,899;25,352;24,220;23,849;23,480;23,113;26,508;22,750;22,389;22,389;22,389;22,031;21,676;21,676;---;20,974;25,226;35,285
  07/1942;22,750;22,031;21,324;22,389;26,899;28,088;28,894;26,508;25,352;28,894;35,733;37,092;33,087;29,711;26,899;26,508;24,972;23,113;22,750;21,324;22,389;21,676;20,974;20,974;20,974;20,974;20,627;20,627;20,974;20,627;20,627;20,627;24,702;37,092
  08/1942;20,283;20,627;21,676;21,676;20,627;20,283;19,603;19,267;19,267;17,629;16,993;17,951;18,275;18,933;18,603;18,275;18,275;18,275;17,309;16,993;16,993;16,679;16,993;16,993;16,679;16,679;16,368;16,060;16,368;16,368;16,060;16,060;18,163;21,676
  09/1942;16,368;16,368;16,060;16,060;15,755;14,561;14,561;16,060;16,060;16,368;16,060;16,060;15,452;14,561;14,270;14,561;16,368;16,679;18,603;19,267;18,275;18,275;17,309;16,993;17,309;17,629;19,941;18,933;17,629;16,679;---;14,270;16,636;19,941
  10/1942;15,755;15,452;14,855;14,270;13,696;16,679;20,283;18,275;16,679;18,603;14,561;13,696;12,855;14,855;14,855;14,270;14,855;14,561;13,413;12,855;13,413;13,133;12,855;12,855;14,270;13,413;14,855;15,452;20,627;22,031;20,974;12,855;15,458;22,031
  11/1942;19,941;17,951;17,309;16,679;15,452;14,561;12,581;13,133;13,981;13,696;14,270;14,855;16,060;16,060;19,603;18,933;19,267;18,603;17,309;16,679;17,629;17,629;17,309;15,452;13,696;14,270;18,275;23,480;23,849;26,899;---;12,581;17,180;26,899
  12/1942;24,220;27,292;29,301;30,539;31,377;30,539;26,508;28,894;26,120;21,676;19,941;19,267;18,933;18,603;21,676;26,120;24,220;23,113;23,113;22,389;20,974;23,480;29,301;36,183;38,011;39,411;38,942;34,398;31,377;29,301;29,711;18,603;27,256;39,411
  01/1943;26,899;23,849;21,324;21,324;21,324;19,941;20,283;22,750;23,849;27,689;32,656;31,377;33,087;33,958;34,398;36,636;38,475;34,840;31,801;41,314;47,794;49,878;51,469;61,513;62,096;58,070;62,681;74,941;55,828;50,936;50,936;19,941;38,836;74,941
  02/1943;55,828;54,722;66,250;66,250;61,513;51,469;41,796;38,011;35,733;34,840;35,733;34,398;33,521;33,087;32,227;34,398;39,883;45,752;53,627;58,070;75,581;74,303;71,778;62,681;52,543;52,005;55,828;55,828;---;---;---;32,227;50,273;75,581
  03/1943;46,768;45,752;43,260;38,475;35,733;38,011;48,311;60,933;69,912;62,681;74,303;80,797;74,941;76,224;132,605;99,620;102,567;92,430;81,461;63,270;59,780;48,311;45,249;45,249;47,280;50,406;52,543;57,506;64,454;62,681;50,406;35,733;62,965;132,605
  04/1943;46,259;46,259;43,260;39,411;37,550;36,636;34,840;33,958;32,656;31,801;30,539;30,123;30,123;29,711;30,957;32,656;32,227;31,377;30,957;29,711;27,689;27,292;27,292;26,508;26,120;26,120;26,120;25,735;25,352;24,972;---;24,972;31,807;46,259
  05/1943;24,595;24,220;23,849;24,595;23,113;23,480;23,480;22,750;22,750;23,113;23,849;23,480;23,113;22,750;22,750;22,750;21,676;22,389;22,389;22,031;21,676;20,974;20,627;20,283;20,283;20,974;21,324;20,283;20,283;19,941;19,267;19,267;22,227;24,595
  06/1943;19,941;19,267;19,267;18,933;19,267;19,603;20,627;22,750;23,480;23,480;24,220;23,480;22,031;20,627;20,283;19,941;19,603;19,267;19,603;19,941;22,031;21,324;19,267;18,933;18,933;19,267;19,267;18,275;18,933;18,275;---;18,275;20,337;24,220
  07/1943;18,275;18,275;17,629;17,309;16,679;17,629;17,629;16,993;17,309;16,993;16,993;16,993;16,679;16,679;16,060;15,755;15,755;15,755;15,152;15,452;16,060;16,060;16,060;16,060;15,755;15,452;15,152;15,452;15,152;15,152;14,561;14,561;16,352;18,275
  08/1943;14,561;13,696;13,133;14,561;14,561;14,270;13,981;13,981;13,981;14,855;15,152;14,561;14,270;13,981;13,981;14,561;13,981;13,696;13,696;13,696;13,696;13,413;12,581;13,696;16,993;18,603;20,283;18,933;16,993;14,855;14,270;12,581;14,757;20,283
  09/1943;14,561;14,270;13,133;13,133;13,133;12,040;10,739;12,581;10,993;11,774;13,413;14,270;13,696;16,368;16,993;16,368;13,981;13,696;13,133;12,309;10,238;13,413;13,696;15,152;18,275;19,267;21,324;19,603;16,993;15,152;---;10,238;14,457;21,324
  10/1943;14,561;13,133;12,855;12,581;13,133;15,452;14,855;15,152;15,152;14,855;14,270;14,855;16,060;21,676;22,389;21,676;19,603;18,933;17,629;16,679;15,755;15,755;16,993;17,951;16,679;17,309;17,309;21,324;30,123;46,259;45,249;12,581;18,910;46,259
  11/1943;32,656;31,377;35,285;31,801;30,123;27,292;36,636;30,539;28,489;30,123;25,352;25,352;24,972;23,113;20,283;18,933;17,951;16,993;17,629;17,951;17,309;16,060;16,060;17,309;16,993;16,993;16,368;16,679;13,981;11,251;---;11,251;22,728;36,636
  12/1943;17,309;19,267;20,974;22,389;22,750;19,267;18,603;16,368;15,755;14,561;14,855;14,270;13,981;13,133;17,951;20,283;18,933;16,368;15,755;15,755;14,855;16,060;19,267;31,377;46,768;46,259;43,260;32,656;30,539;28,088;37,550;13,133;22,426;46,768
  01/1944;29,711;38,475;36,636;40,834;38,475;37,550;36,183;37,092;37,550;36,183;27,689;22,389;21,324;22,031;24,595;25,352;23,113;20,974;19,603;18,275;17,309;16,993;16,060;16,679;17,951;22,750;23,849;22,750;21,324;20,283;18,933;16,060;26,094;40,834
  02/1944;19,603;19,603;19,603;21,324;23,113;21,324;23,113;20,627;22,389;22,750;22,031;20,283;20,627;19,603;18,933;22,750;26,508;28,088;44,747;38,011;44,747;53,084;55,828;60,355;65,649;66,854;56,385;50,406;47,794;---;---;18,933;33,660;66,854
  03/1944;50,936;55,828;62,681;56,385;83,467;86,178;104,057;98,889;80,136;67,460;66,250;52,005;50,936;57,506;54,174;55,828;54,722;52,543;56,944;55,828;54,722;48,831;44,747;40,357;37,550;35,285;32,656;33,087;31,377;31,377;29,711;29,711;55,563;104,057
  04/1944;28,489;30,957;31,801;30,123;28,894;26,899;26,899;25,735;24,972;24,220;24,972;23,849;23,113;23,113;22,750;23,113;23,849;25,352;26,899;28,088;26,899;25,735;24,595;23,480;23,480;22,389;21,324;20,627;20,283;19,941;---;19,941;25,095;31,801
  05/1944;19,267;19,603;19,603;19,603;18,933;19,267;18,933;18,275;18,603;18,933;18,603;18,933;18,603;18,275;17,951;18,603;19,267;19,603;19,267;19,603;19,267;18,603;17,629;17,951;17,951;17,629;16,679;17,309;17,951;16,993;16,679;16,679;18,528;19,603
  06/1944;16,679;16,679;16,368;16,368;16,060;15,152;16,679;16,679;16,060;15,755;16,368;15,452;14,561;16,060;16,060;14,270;15,152;14,855;13,696;13,696;16,060;16,368;16,368;16,060;15,452;14,270;11,774;15,755;16,060;14,855;---;11,774;15,522;16,679
  07/1944;13,133;15,755;16,679;12,855;14,561;15,452;16,368;16,679;16,060;15,755;15,755;16,060;15,755;15,152;14,270;13,981;13,696;10,993;14,270;14,270;14,561;13,413;13,413;12,855;10,487;13,696;14,270;13,696;13,133;12,581;10,993;10,487;14,213;16,679
  08/1944;9,749;13,133;12,855;12,309;12,581;12,040;11,251;9,036;11,774;11,774;11,774;11,511;10,993;11,774;9,508;10,739;10,238;11,511;11,774;11,774;10,739;8,804;11,251;11,511;10,993;10,993;10,993;9,992;8,575;11,251;11,774;8,575;11,128;13,133
  09/1944;11,511;11,251;12,309;12,581;10,739;13,133;13,413;13,413;11,251;10,993;10,487;8,126;10,487;10,487;10,238;10,739;9,271;9,271;7,262;9,036;9,508;9,271;9,036;9,271;9,036;6,645;9,036;9,749;9,508;9,036;---;6,645;10,203;13,413
  10/1944;8,804;8,349;6,445;8,126;8,575;8,349;7,474;7,262;7,262;6,054;7,474;8,575;8,575;8,804;8,575;9,036;9,749;11,774;10,993;11,774;12,309;11,511;9,992;7,054;10,238;9,992;10,487;11,774;13,696;17,951;16,679;6,054;9,797;17,951
  11/1944;33,521;26,120;20,627;19,267;20,627;21,324;22,389;21,324;21,324;18,275;33,521;26,120;20,627;19,267;20,627;21,324;22,389;21,324;21,324;18,275;15,152;16,060;15,452;19,603;21,676;29,711;36,636;37,550;36,183;30,123;---;15,152;23,591;37,550
  12/1944;26,899;24,972;22,750;22,031;23,480;26,508;32,656;30,123;24,595;22,389;20,627;19,267;16,679;16,679;13,133;14,270;13,696;13,133;14,561;17,629;16,679;14,561;14,561;13,413;14,561;14,270;15,452;16,679;18,933;17,629;18,603;13,133;19,078;32,656
  01/1945;17,309;15,452;14,561;17,309;17,629;24,220;32,656;37,550;39,411;39,883;36,183;27,292;23,480;21,324;18,933;18,275;30,123;39,883;43,260;38,011;36,636;35,285;29,301;26,120;24,220;22,750;19,267;19,267;18,933;21,676;26,899;14,561;26,874;43,260
  02/1945;58,070;107,824;117,919;149,882;209,806;148,109;96,713;79,478;73,036;69,295;58,638;50,406;46,768;45,752;43,753;40,834;39,411;35,733;35,285;35,285;39,411;44,747;44,747;45,752;43,260;36,183;31,801;28,489;---;---;---;28,489;66,300;209,806
  03/1945;28,088;27,689;30,123;30,539;28,489;27,689;27,292;26,899;28,489;34,398;39,411;36,636;32,227;27,689;26,508;27,292;28,489;26,508;23,849;23,480;27,689;32,656;36,183;34,840;30,123;30,539;30,539;29,711;27,689;26,508;26,120;23,480;29,496;39,411
  04/1945;24,220;23,113;22,031;22,750;23,113;24,595;28,894;24,972;22,031;20,974;20,627;19,941;20,283;19,603;19,267;19,603;19,267;18,603;18,933;33,521;33,521;29,711;28,088;25,352;22,750;19,603;19,267;19,267;19,603;19,267;---;18,603;22,759;33,521
  05/1945;18,933;19,941;20,283;18,933;19,267;18,603;18,275;14,561;16,060;16,679;16,060;16,368;16,368;16,679;17,629;16,679;16,368;17,309;17,309;17,309;17,309;16,679;16,679;16,993;16,679;16,060;15,452;16,679;18,275;19,603;20,974;14,561;17,451;20,974
  06/1945;18,933;16,368;16,679;16,060;16,060;16,993;18,275;18,603;18,275;17,309;14,270;15,152;16,060;15,152;14,855;13,696;13,981;13,696;13,696;17,629;37,092;65,649;76,224;93,137;111,656;114,767;110,885;99,620;76,870;54,174;---;13,696;38,727;114,767
  07/1945;43,260;36,183;33,521;31,801;31,377;30,957;32,227;30,957;30,539;28,894;26,899;25,735;23,849;22,389;22,031;22,389;22,750;22,389;22,031;22,031;21,676;20,974;18,603;18,603;18,933;18,603;18,275;18,275;18,275;17,951;16,679;16,679;24,808;43,260
  08/1945;16,368;16,679;16,679;16,368;15,755;16,060;15,755;16,368;16,679;15,755;16,368;15,755;15,755;15,755;16,368;16,368;15,755;15,755;15,755;15,452;15,452;15,755;15,755;15,452;15,452;15,152;14,561;13,413;14,561;14,855;13,696;13,413;15,666;16,679
  09/1945;12,855;13,413;12,855;12,855;13,696;13,981;13,696;13,133;12,855;12,581;12,040;13,981;12,855;13,133;13,133;13,981;16,368;16,368;17,309;16,993;15,755;14,270;13,413;13,133;13,133;13,413;12,581;11,774;11,511;10,739;---;10,739;13,593;17,309
  10/1945;10,739;9,508;12,581;11,774;13,413;13,981;14,561;13,981;14,855;16,060;16,368;16,679;15,755;14,561;12,581;9,992;13,133;12,581;11,774;12,309;12,309;11,251;9,508;11,511;10,993;10,487;9,508;10,487;12,309;13,981;16,993;9,508;12,791;16,993
  11/1945;21,324;30,123;34,398;30,539;26,120;23,480;22,031;21,324;27,689;39,411;45,249;38,011;33,521;47,280;59,207;52,005;39,883;33,087;33,958;28,894;27,689;29,711;30,957;31,801;29,711;26,120;24,595;23,480;23,113;21,676;---;21,324;31,880;59,207
  12/1945;20,974;20,283;18,603;17,951;18,275;24,220;33,087;35,285;38,011;40,357;38,475;34,398;32,656;35,285;41,314;50,406;65,050;69,295;61,513;59,780;48,831;42,282;38,011;33,521;30,957;28,894;52,543;63,860;53,084;54,722;59,207;17,951;40,682;69,295
  01/1946;87,549;80,797;80,797;82,127;86,178;89,626;103,311;117,127;117,919;109,349;98,161;82,127;76,870;69,295;82,796;80,797;72,406;62,096;58,070;77,518;86,178;85,497;79,478;79,478;71,778;83,467;92,430;119,510;121,916;126,796;107,824;58,070;89,331;126,796
  02/1946;95,992;81,461;82,796;84,818;89,626;78,822;69,912;67,460;63,860;58,638;55,274;59,780;60,355;59,207;57,506;69,295;65,050;59,780;53,084;51,469;53,084;56,385;57,506;55,828;55,274;59,207;65,649;62,096;---;---;---;51,469;65,329;95,992
  03/1946;58,638;48,311;47,794;51,469;61,513;63,860;74,941;92,430;91,022;83,467;77,518;78,168;76,224;73,668;71,154;66,250;58,638;55,274;56,385;56,385;57,506;53,627;49,353;47,280;48,311;49,353;48,831;45,752;44,249;43,260;40,834;40,834;60,370;92,430
  04/1946;52,005;71,154;80,136;77,518;68,069;61,513;55,828;51,469;50,406;49,878;46,768;44,747;44,249;41,314;41,314;39,411;39,411;38,475;37,550;37,092;36,183;35,733;34,840;34,840;34,398;33,958;32,656;32,656;30,957;30,957;---;30,957;45,516;80,136
  05/1946;30,957;30,539;31,377;31,801;32,227;30,539;30,539;30,539;30,123;30,123;29,711;29,711;28,894;29,711;30,123;29,301;29,711;28,489;28,088;26,899;28,088;27,689;26,899;27,689;26,508;26,508;24,972;26,508;25,352;25,352;23,849;23,849;28,671;32,227
  06/1946;24,595;28,489;34,840;39,883;38,942;34,398;30,123;28,489;27,292;26,899;26,508;26,120;25,735;24,595;24,595;24,220;23,849;24,595;24,220;24,220;23,849;23,113;23,113;22,750;22,750;22,750;22,389;22,031;22,031;21,676;---;21,676;26,302;39,883
  07/1946;21,324;21,676;21,676;21,324;20,974;20,627;20,974;20,627;20,974;20,627;20,283;20,283;22,389;27,292;30,539;38,475;45,249;48,311;39,883;33,958;29,301;26,508;26,120;24,972;23,480;23,849;22,750;21,324;20,627;20,283;20,283;20,283;25,708;48,311
  08/1946;19,941;20,283;19,941;19,267;17,951;19,941;19,603;18,933;18,933;17,629;17,629;16,679;18,603;18,275;17,629;15,152;16,679;16,679;16,679;17,309;16,679;16,679;16,060;16,060;15,755;15,452;16,060;16,060;16,368;17,309;15,152;15,152;17,464;20,283
  09/1946;14,855;14,270;14,270;15,452;14,855;14,561;14,561;14,270;13,696;13,696;15,152;14,855;13,981;13,133;13,133;12,309;12,040;12,040;13,133;12,855;13,413;13,133;12,309;11,251;13,133;13,981;13,981;13,981;16,679;16,993;---;11,251;13,866;16,993
  10/1946;16,993;18,603;15,755;13,696;13,981;13,696;12,855;10,993;13,413;13,133;13,696;14,270;14,855;15,152;14,561;20,283;27,292;30,123;29,301;30,123;31,377;31,801;27,292;26,508;26,899;26,899;23,480;20,283;20,283;18,933;16,993;10,993;20,114;31,801
  11/1946;17,629;31,377;30,957;29,711;27,292;24,220;21,676;21,324;20,974;19,941;19,267;19,941;19,941;17,951;13,696;14,270;16,993;16,679;15,755;15,152;15,152;16,679;16,368;16,368;15,452;15,755;17,629;17,951;17,951;16,368;---;13,696;19,347;31,377
  12/1946;22,389;20,974;19,267;18,275;17,951;16,993;16,060;16,060;18,933;20,283;23,113;24,595;22,031;18,933;16,368;14,855;18,603;21,676;19,603;19,267;17,629;17,629;20,974;25,352;32,656;37,550;45,249;55,828;58,070;45,249;39,411;14,855;25,220;58,070
  01/1947;41,314;45,752;56,385;65,050;85,497;97,436;104,057;100,353;85,497;64,454;47,280;42,769;44,249;54,174;77,518;84,818;85,497;78,822;72,406;71,778;67,460;65,649;60,933;56,385;60,355;82,796;93,847;102,567;112,430;124,345;142,850;41,314;76,604;142,850
  02/1947;144,593;128,443;102,567;79,478;65,649;59,780;54,174;47,794;46,259;43,753;44,249;47,280;45,249;44,249;49,353;67,460;75,581;95,275;112,430;121,916;129,270;130,932;112,430;96,713;83,467;86,863;116,338;119,510;---;---;---;43,753;83,966;144,593
  03/1947;140,255;184,491;224,658;222,507;171,942;145,468;129,270;107,066;98,161;92,430;87,549;84,141;82,796;84,141;84,818;78,168;75,581;76,870;79,478;80,797;83,467;84,141;85,497;78,168;69,912;66,250;66,250;65,649;62,096;58,638;54,722;54,722;100,173;224,658
  04/1947;53,627;52,005;49,878;49,353;47,794;47,280;47,280;49,353;52,005;56,385;53,084;49,878;47,280;44,747;44,249;43,753;42,282;42,769;43,753;45,249;44,249;43,753;42,282;41,314;40,357;39,883;38,942;37,550;38,011;37,092;---;37,092;45,515;56,385
  05/1947;36,183;35,733;37,550;37,092;37,092;37,550;36,636;35,733;34,840;34,398;33,521;33,521;33,958;33,958;33,521;32,227;32,227;30,957;30,123;35,285;38,011;39,883;37,092;34,840;33,521;33,087;32,656;31,377;30,539;29,711;28,894;28,894;34,249;39,883
  06/1947;28,489;27,689;28,088;28,088;26,899;26,508;26,508;26,508;26,899;27,292;26,899;26,120;26,120;24,972;24,595;24,595;24,972;24,595;24,595;27,292;29,711;33,521;37,092;38,011;34,840;33,521;31,377;29,711;28,489;26,899;---;24,595;28,363;38,011
  07/1947;26,508;26,120;24,595;23,849;24,595;27,292;26,899;30,123;31,377;32,227;38,011;34,398;30,957;30,123;28,894;27,292;25,735;23,480;23,849;23,480;23,113;23,113;22,750;22,750;22,389;22,389;21,676;22,389;26,120;26,120;23,849;21,676;26,337;38,011
  08/1947;23,113;24,220;26,120;27,292;25,735;22,750;22,031;22,031;19,941;19,267;19,603;20,627;22,389;22,031;20,974;20,627;19,267;19,267;19,603;19,267;18,933;18,275;17,629;17,629;17,629;18,933;18,603;19,267;27,689;31,801;36,183;17,629;21,894;36,183
  09/1947;30,957;28,489;24,972;24,972;27,689;28,088;29,711;27,292;26,120;24,595;23,113;20,974;19,603;19,603;19,603;19,267;18,603;20,283;20,627;21,324;22,389;22,389;20,283;19,941;30,539;44,747;56,385;53,084;45,249;44,747;---;18,603;27,855;56,385
  10/1947;39,411;38,011;43,260;44,249;44,747;45,249;38,475;33,087;31,801;32,227;31,377;29,711;27,689;26,120;24,220;22,750;22,750;22,031;21,324;20,974;23,849;23,113;23,113;25,352;27,689;33,521;36,636;33,958;29,301;26,120;24,595;20,974;30,539;45,249
  11/1947;23,113;23,113;25,735;28,088;30,123;33,521;30,123;26,120;23,480;20,627;20,283;20,627;22,389;24,972;23,849;22,750;23,113;21,324;19,603;18,933;18,933;18,603;19,267;18,933;23,480;32,656;39,411;35,733;36,636;36,636;---;18,603;25,406;39,411
  12/1947;38,942;38,011;33,958;28,489;25,735;24,220;22,750;21,324;20,974;24,972;32,227;50,936;53,627;50,406;55,828;63,270;65,050;53,627;49,353;80,797;107,824;111,656;115,551;115,551;100,353;83,467;78,822;77,518;74,303;68,681;61,513;20,974;59,024;115,551
  01/1948;65,050;69,295;58,070;52,543;47,794;43,260;39,883;38,475;38,011;37,092;42,282;52,543;59,780;60,355;63,860;71,154;92,430;98,889;93,847;76,870;65,649;53,627;51,469;57,506;55,828;52,005;52,005;51,469;48,831;47,280;48,311;37,092;57,596;98,889
  02/1948;48,311;44,747;46,259;44,747;42,769;48,831;53,627;52,543;54,174;58,638;70,532;78,822;69,912;61,513;66,250;66,854;71,154;73,668;74,303;81,461;91,022;91,725;82,127;75,581;73,036;64,454;58,070;55,274;55,828;---;---;42,769;64,008;91,725
  03/1948;54,722;69,912;73,036;71,154;63,860;55,828;52,543;50,406;46,259;45,752;47,794;84,141;86,863;104,057;132,605;146,346;143,720;141,117;141,117;122,723;114,767;99,620;89,626;83,467;82,127;83,467;82,127;81,461;78,168;70,532;62,681;45,752;85,871;146,346
  04/1948;59,780;58,070;56,385;63,860;64,454;58,070;55,274;52,543;51,469;52,005;49,878;47,794;45,752;45,249;44,747;43,260;43,260;41,314;41,314;42,282;41,796;43,260;41,796;41,314;39,883;38,942;38,942;37,550;37,092;37,092;---;37,092;47,148;64,454
  05/1948;36,636;35,285;34,840;35,733;34,840;34,840;35,285;34,840;34,398;33,958;33,958;33,087;32,656;32,656;31,801;31,377;32,656;37,092;39,883;40,834;39,883;38,011;34,840;33,958;33,087;31,801;32,227;30,957;30,957;31,377;30,957;30,957;34,345;40,834
  06/1948;30,957;30,539;30,539;30,539;31,801;30,957;28,894;28,894;28,489;28,489;26,899;26,508;26,899;26,508;26,508;26,899;26,120;25,735;25,352;25,735;24,595;24,595;24,595;24,595;23,849;24,220;23,480;23,480;22,750;23,113;---;22,750;26,751;31,801
  07/1948;23,113;22,750;22,750;23,849;23,849;22,750;23,480;22,031;22,031;21,676;21,676;20,974;20,283;20,283;20,974;20,627;20,974;20,627;20,283;20,283;19,941;20,283;19,603;20,283;21,324;21,676;21,676;22,750;26,508;28,894;29,301;19,603;22,177;29,301
  08/1948;26,899;23,849;21,676;20,974;20,974;20,627;20,283;22,031;23,113;23,113;22,031;20,974;20,974;22,389;23,113;21,324;20,627;19,267;19,267;18,603;18,275;18,275;17,951;17,629;17,309;17,309;17,309;17,309;17,309;16,993;16,679;16,679;20,144;26,899
  09/1948;16,679;16,679;16,368;16,368;16,368;16,060;15,755;15,452;16,060;15,755;15,755;17,629;18,933;19,941;19,267;18,603;17,309;16,368;15,755;15,152;13,981;14,561;15,755;14,855;14,561;14,561;13,981;13,413;13,981;14,561;---;13,413;16,016;19,941
  10/1948;13,981;13,696;13,981;15,152;16,368;19,267;20,627;18,933;17,951;17,309;16,993;17,629;16,993;17,629;17,629;15,755;14,561;14,561;13,696;13,981;13,413;12,581;12,040;11,774;12,581;12,309;12,855;14,270;16,368;17,629;18,933;11,774;15,530;20,627
  11/1948;16,679;17,309;17,629;17,629;18,275;17,951;17,951;21,676;23,480;20,627;20,283;24,972;29,301;22,389;19,267;18,933;17,629;17,629;16,993;16,993;17,309;18,275;17,629;17,309;16,060;17,951;13,413;13,696;15,755;16,993;---;13,413;18,600;29,301
  12/1948;16,368;16,679;16,060;16,993;18,603;18,603;19,603;18,275;16,679;17,629;16,060;14,855;13,981;12,581;13,133;12,855;16,060;26,508;50,936;59,207;56,944;47,280;34,840;28,088;26,120;23,849;20,283;19,603;18,603;16,993;16,060;12,581;23,236;59,207
  01/1949;16,679;16,368;19,941;18,275;15,755;15,152;14,561;14,270;16,679;18,603;26,508;25,735;39,411;64,454;73,668;76,224;76,870;72,406;53,627;56,385;63,860;62,096;44,747;41,796;36,636;36,636;37,092;38,942;38,011;41,314;49,878;14,270;39,438;76,870
  02/1949;52,543;44,249;37,092;36,636;36,183;34,398;35,733;54,722;83,467;88,239;78,822;65,649;54,722;43,753;38,942;39,411;57,506;73,036;74,303;67,460;59,207;54,722;50,936;48,311;44,747;40,834;38,942;37,092;---;---;---;34,398;52,559;88,239
  03/1949;34,840;34,840;36,183;35,285;32,227;32,227;33,958;42,282;56,944;50,936;53,084;54,722;44,747;36,636;31,801;30,123;28,088;27,689;28,894;31,377;33,087;31,801;32,227;33,958;36,183;36,183;38,942;40,357;37,092;41,314;42,769;27,689;37,445;56,944
  04/1949;39,411;38,942;43,260;46,259;44,249;40,834;38,011;36,636;35,285;31,377;27,689;30,123;31,377;27,689;27,689;26,120;25,735;24,972;24,595;23,480;23,480;22,750;22,750;33,087;35,285;37,550;33,521;30,123;28,088;26,899;---;22,750;31,909;46,259
  05/1949;23,480;22,750;22,750;22,389;22,750;22,750;23,113;22,389;21,324;22,750;25,352;26,899;27,689;28,088;25,352;23,113;22,750;22,031;20,974;20,627;20,283;19,941;19,603;20,283;19,941;19,941;18,933;18,603;18,933;18,603;19,267;18,603;22,053;28,088
  06/1949;19,267;18,603;19,267;18,933;18,275;18,933;21,676;20,974;20,627;18,933;18,603;18,603;19,267;21,324;23,113;24,220;23,849;24,595;21,676;19,603;19,267;19,267;18,603;18,275;17,951;17,629;16,368;16,993;16,368;16,679;---;16,368;19,591;24,595
  07/1949;16,679;16,368;15,755;16,368;16,368;16,679;16,368;16,060;15,755;16,060;14,855;15,755;16,060;15,152;14,855;14,561;13,981;13,981;13,981;15,452;14,561;13,981;13,981;13,413;13,133;13,981;14,855;14,855;15,152;13,981;13,413;13,133;15,045;16,679
  08/1949;12,581;12,855;12,855;13,133;12,581;12,855;12,040;12,581;12,309;12,855;12,040;12,040;12,309;12,040;11,774;11,251;12,581;12,581;12,040;11,774;11,511;10,993;10,993;11,511;11,251;11,774;12,040;11,774;10,993;10,993;12,040;10,993;12,031;13,133
  09/1949;11,511;12,040;12,309;12,040;11,251;10,487;11,511;10,993;10,739;11,511;10,739;10,739;10,739;10,487;11,251;11,251;10,238;10,739;10,238;10,238;10,739;10,487;10,487;10,238;9,749;9,508;9,036;9,271;8,804;9,036;---;8,804;10,614;12,309
  10/1949;8,804;9,036;9,036;9,036;10,238;10,487;10,238;10,487;10,739;11,774;11,251;12,309;12,855;13,413;12,581;12,581;13,981;15,452;16,060;13,981;12,855;11,774;11,251;10,739;9,508;10,487;13,133;12,581;13,696;13,696;12,855;8,804;11,836;16,060
  11/1949;11,251;11,251;9,749;9,271;9,749;11,251;16,368;18,933;20,974;27,689;41,314;31,377;26,899;22,389;18,933;14,270;10,739;12,309;11,774;11,511;13,696;14,270;13,133;13,413;13,133;13,133;12,855;11,774;10,487;10,993;---;9,271;15,830;41,314
  12/1949;11,511;19,267;36,183;50,406;40,357;32,656;27,689;28,894;37,550;39,883;36,636;32,656;31,801;41,314;43,753;42,769;60,355;65,050;62,681;53,627;44,249;33,087;30,957;40,834;48,831;54,722;66,854;75,581;77,518;71,778;65,050;11,511;45,306;77,518
  01/1950;49,353;43,753;36,183;39,883;38,011;36,636;36,183;39,883;48,831;48,831;49,878;47,280;49,353;54,722;61,513;62,681;53,627;48,831;45,752;40,834;71,778;78,168;95,275;98,161;101,827;105,556;109,349;114,767;126,796;134,287;129,270;36,183;67,653;134,287
  02/1950;120,310;124,345;119,510;114,767;105,556;92,430;83,467;97,436;98,161;109,349;133,445;169,105;177,681;170,048;154,359;136,830;112,430;108,586;103,311;100,353;95,275;104,057;115,551;128,443;125,976;117,127;102,567;89,626;---;---;---;83,467;118,218;177,681
  03/1950;73,668;69,295;65,649;60,933;56,385;55,274;58,070;67,460;68,069;70,532;98,161;90,323;78,822;73,668;70,532;70,532;78,168;78,168;80,136;106,310;123,532;118,713;112,430;106,310;95,275;84,818;71,154;63,270;59,780;58,070;56,944;55,274;78,079;123,532
  04/1950;58,638;57,506;60,355;60,933;56,385;52,543;49,878;48,311;47,280;45,752;45,249;44,249;46,259;56,944;70,532;82,127;89,626;89,626;81,461;73,036;69,912;66,250;60,355;55,274;51,469;48,831;48,311;49,353;51,469;54,722;---;44,249;59,088;89,626
  05/1950;52,543;49,878;47,280;49,353;46,259;43,753;41,796;40,834;40,357;40,357;38,942;38,475;37,550;37,092;36,636;36,183;35,733;35,285;34,840;34,840;34,398;33,958;34,398;33,521;33,087;32,227;31,801;31,801;30,957;30,957;30,539;30,539;37,924;52,543
  06/1950;30,539;30,957;30,123;30,123;29,711;30,957;33,087;34,840;34,840;33,087;31,801;30,123;30,539;30,123;30,539;30,957;34,398;33,958;33,521;32,656;31,801;30,539;29,711;29,301;28,489;27,689;28,088;26,508;26,899;26,899;---;26,508;30,760;34,840
  07/1950;28,489;28,088;30,123;31,801;29,711;28,088;27,292;26,899;26,899;26,508;25,735;24,972;24,220;24,220;24,220;23,849;23,113;23,849;23,113;23,113;23,480;23,113;22,389;21,676;21,676;21,324;21,324;20,974;20,974;20,974;20,283;20,283;24,596;31,801
  08/1950;21,676;21,324;19,941;21,324;20,974;20,283;20,974;19,603;20,283;19,267;19,267;18,933;18,275;17,951;18,275;18,603;18,275;17,951;17,629;17,629;17,309;16,993;17,951;17,309;17,309;16,993;17,309;16,993;16,368;17,309;16,368;16,368;18,602;21,676
  09/1950;15,755;16,060;15,755;15,152;14,270;16,368;15,755;16,060;15,755;15,452;15,452;15,152;15,755;15,452;15,152;14,270;14,270;14,270;14,561;15,152;14,270;14,270;14,855;16,368;16,679;17,309;17,951;16,993;16,060;14,855;---;14,270;15,516;17,951
  10/1950;14,270;14,561;15,452;16,679;16,993;19,941;18,933;20,627;18,603;23,849;26,508;23,480;24,595;24,220;23,849;23,113;23,113;21,324;24,595;32,227;32,227;30,123;24,220;22,389;22,389;24,595;25,735;21,676;19,603;16,993;16,679;14,270;22,050;32,227
  11/1950;16,060;16,060;16,060;15,452;14,855;14,561;14,270;14,561;14,561;16,060;24,220;28,489;33,087;31,801;30,123;26,899;30,539;31,377;30,123;29,301;30,123;28,088;26,899;23,113;23,113;24,220;39,883;57,506;76,870;87,549;---;14,270;28,861;87,549
  12/1950;91,022;95,275;82,127;58,638;49,353;65,050;59,207;55,274;54,722;66,250;59,780;56,944;50,406;53,627;70,532;71,154;64,454;54,174;44,747;40,834;38,011;34,840;32,227;30,539;28,088;27,689;26,120;25,735;28,894;30,539;29,301;25,735;50,824;95,275
  01/1951;31,377;30,539;40,357;41,796;47,280;49,878;54,174;52,543;48,311;59,207;66,250;65,649;60,355;59,780;71,154;67,460;79,478;110,885;120,310;112,430;101,827;94,560;89,626;78,822;67,460;63,860;73,036;75,581;75,581;77,518;74,303;30,539;69,077;120,310
  02/1951;71,778;68,069;63,860;88,239;84,141;81,461;82,127;84,818;91,725;88,931;81,461;71,154;66,854;63,860;61,513;63,860;66,854;67,460;76,870;82,127;84,818;82,796;76,870;72,406;71,154;67,460;59,207;53,084;---;---;---;53,084;74,106;91,725
  03/1951;49,878;47,280;45,249;45,249;45,249;49,878;62,681;83,467;104,805;117,919;115,551;98,889;80,136;67,460;71,154;81,461;73,036;68,681;69,295;68,681;66,854;59,207;58,070;64,454;60,933;56,944;53,627;51,469;51,469;55,274;56,385;45,249;67,119;117,919
  04/1951;57,506;64,454;69,912;75,581;70,532;68,681;66,854;60,933;55,828;52,005;48,831;46,259;44,249;42,282;42,282;41,796;42,769;42,282;41,314;40,834;39,883;39,883;38,942;39,411;37,550;37,092;35,733;35,733;35,733;36,183;---;35,733;48,378;75,581
  05/1951;34,840;34,840;37,550;39,883;37,550;34,398;33,958;34,840;32,656;32,227;31,801;31,377;30,957;30,957;31,377;30,539;30,123;29,301;29,301;28,894;29,711;30,123;29,301;28,088;28,088;28,088;28,088;27,689;27,292;26,899;26,508;26,508;31,201;39,883
  06/1951;27,689;28,088;27,292;27,689;26,899;26,508;26,508;25,735;25,735;25,352;24,595;24,972;24,595;24,595;24,220;23,480;23,480;23,480;23,113;23,480;23,480;23,113;22,750;22,389;22,031;22,750;23,480;23,480;26,120;24,220;---;22,031;24,711;28,088
  07/1951;23,849;23,480;22,750;23,113;26,508;30,123;29,711;27,292;24,595;24,595;23,480;22,750;22,389;21,676;21,324;20,283;19,941;19,603;19,941;19,941;19,603;19,267;19,603;19,941;19,267;19,603;19,267;19,267;19,267;18,933;18,275;18,275;21,924;30,123
  08/1951;19,267;19,267;18,275;18,933;19,941;21,324;22,389;21,324;20,283;19,267;19,267;19,267;18,275;18,275;18,275;17,309;16,993;16,679;17,309;18,275;17,629;19,941;23,113;23,480;24,220;20,627;19,267;17,951;17,309;16,679;16,368;16,368;19,251;24,220
  09/1951;16,060;16,679;15,755;15,755;16,060;15,152;14,855;14,561;15,152;15,152;14,855;14,270;14,270;13,981;13,413;13,133;13,413;13,413;13,696;14,561;14,270;14,270;13,696;12,309;12,309;13,696;13,133;13,413;12,855;12,581;---;12,309;14,224;16,679
  10/1951;12,309;12,309;13,413;12,855;11,774;13,133;13,981;13,133;12,309;13,133;12,581;12,309;12,581;13,133;14,270;13,981;13,981;13,133;17,951;19,603;24,972;24,220;23,113;17,629;17,629;17,629;18,603;18,275;18,275;19,267;17,951;11,774;15,788;24,972
  11/1951;16,060;14,561;13,133;12,309;12,855;12,309;12,309;11,774;12,040;11,774;11,511;10,993;10,487;11,774;12,040;12,309;11,774;11,774;12,040;11,774;13,413;18,603;16,060;24,595;39,883;71,154;68,681;68,069;65,649;58,070;---;10,487;22,993;71,154
  12/1951;46,768;58,070;49,353;49,353;38,011;32,656;33,521;34,840;38,475;46,259;49,353;38,011;33,087;28,489;28,088;30,957;28,088;26,508;23,480;22,750;23,113;23,849;24,220;24,972;25,352;21,676;19,941;20,627;27,292;32,656;30,123;19,941;32,579;58,070
  01/1952;40,357;58,070;60,355;56,385;44,249;37,092;34,840;35,285;32,227;32,656;31,377;31,377;31,377;31,377;37,550;43,753;63,270;65,050;65,649;73,036;74,303;57,506;42,769;43,753;50,936;71,154;73,668;56,944;46,768;40,834;38,011;31,377;48,451;74,303
  02/1952;39,883;47,794;69,295;87,549;109,349;120,310;121,916;107,066;86,178;76,870;64,454;61,513;73,668;88,931;99,620;90,323;73,036;62,681;66,854;62,681;67,460;80,136;98,161;107,824;125,159;152,561;151,665;141,117;130,100;---;---;39,883;91,867;152,561
  03/1952;113,206;90,323;81,461;79,478;69,912;63,860;59,780;57,506;53,627;54,722;59,207;63,860;65,050;71,778;82,127;81,461;79,478;76,224;71,154;69,295;62,681;55,828;54,722;57,506;58,070;59,207;62,096;64,454;63,270;55,274;50,936;50,936;67,340;113,206
  04/1952;51,469;52,543;49,878;46,768;44,747;43,260;40,834;40,357;39,883;38,942;39,883;42,769;42,769;39,411;38,011;36,636;35,733;36,183;34,840;33,521;32,656;32,656;32,656;32,227;32,227;31,377;30,957;30,539;30,539;30,123;---;30,123;38,146;52,543
  05/1952;30,123;29,301;29,711;28,489;28,489;27,689;27,292;27,689;27,292;26,899;26,508;26,120;26,120;25,735;25,352;25,352;25,352;24,972;24,972;26,120;24,595;24,220;24,595;24,595;24,595;24,595;24,595;23,849;23,849;23,113;22,750;22,750;25,965;30,123
  06/1952;22,389;22,389;22,389;22,750;22,389;22,389;22,031;21,676;24,220;36,636;47,794;43,753;36,183;37,550;39,411;49,353;51,469;55,828;62,681;62,681;62,096;58,638;40,834;33,958;31,377;30,123;27,689;28,088;26,120;25,735;---;21,676;36,354;62,681
  07/1952;26,120;25,735;24,595;24,220;24,220;23,849;23,849;23,480;23,113;23,113;22,389;22,750;22,389;22,031;22,750;21,676;21,324;21,324;20,627;20,627;20,283;20,283;20,283;20,283;20,283;20,283;19,941;19,603;20,627;19,941;22,750;19,603;22,088;26,120
  08/1952;19,267;18,933;18,275;17,951;18,603;18,275;18,275;17,951;17,629;17,629;17,309;17,629;17,629;18,603;18,275;16,993;17,309;16,368;16,679;16,679;16,679;16,368;16,679;17,309;18,933;14,270;16,060;16,368;16,368;16,060;16,368;14,270;17,346;19,267
  09/1952;13,981;15,452;15,755;15,152;14,561;15,755;17,951;18,275;18,933;17,629;17,309;16,993;16,679;16,993;16,060;15,755;16,060;18,275;24,972;27,292;28,088;25,352;18,275;16,993;16,060;15,755;15,452;15,152;14,270;14,561;---;13,981;17,660;28,088
  10/1952;13,981;13,413;12,855;12,855;12,581;12,855;12,581;13,696;13,413;13,413;13,133;13,981;13,981;15,452;16,368;15,452;14,855;14,561;16,060;16,060;15,152;17,629;18,275;17,309;16,679;16,060;16,679;22,031;27,292;23,849;18,603;12,581;15,842;27,292
  11/1952;16,679;16,060;19,603;18,933;17,629;16,679;15,452;17,951;23,480;23,113;32,227;37,550;38,011;35,733;26,120;22,031;18,933;22,750;26,899;30,539;42,769;45,249;42,769;34,840;26,899;24,972;24,220;23,849;22,031;21,324;---;15,452;26,176;45,249
  12/1952;19,941;21,676;20,974;21,324;18,933;17,629;16,679;16,368;16,679;16,368;16,993;17,309;20,627;22,031;22,389;19,603;16,993;17,629;15,452;15,452;16,679;20,627;20,627;20,627;17,951;16,993;18,275;18,933;20,627;19,603;18,933;15,452;18,739;22,389
  01/1953;22,389;24,972;30,539;34,840;33,958;28,088;26,120;26,899;24,595;23,480;20,627;17,309;16,060;16,060;16,368;16,679;16,368;15,452;14,270;12,581;12,581;12,581;11,774;13,981;13,413;14,855;15,152;17,629;19,603;24,972;26,120;11,774;20,010;34,840
  02/1953;22,750;17,951;16,993;16,993;15,755;15,452;15,152;13,133;13,133;13,133;20,627;20,283;20,283;22,031;33,087;39,411;39,411;33,087;27,689;30,123;27,689;28,088;26,120;24,595;22,750;20,974;17,629;18,603;---;---;---;13,133;22,604;39,411
  03/1953;19,603;19,267;19,267;17,629;16,368;15,152;14,561;14,270;13,133;13,981;14,270;17,629;19,267;18,275;18,603;19,267;18,603;18,933;18,275;19,941;20,627;19,603;22,389;22,389;23,113;24,220;34,398;45,752;48,311;40,834;32,227;13,133;21,941;48,311
  04/1953;31,377;30,123;27,292;27,292;29,711;33,958;36,183;36,183;34,398;38,011;26,899;32,227;26,899;22,750;20,974;20,283;20,283;23,113;25,352;25,352;22,031;19,941;19,603;19,267;19,941;19,941;19,267;18,603;18,275;18,275;---;18,275;25,460;38,011
  05/1953;17,309;16,993;16,368;16,993;17,951;19,267;19,603;21,324;19,603;16,993;16,679;16,368;16,368;16,060;16,060;16,368;15,755;14,855;15,452;14,855;14,270;13,981;14,561;16,060;15,452;16,060;18,275;18,275;18,275;16,993;16,993;13,981;16,788;21,324
  06/1953;18,603;18,603;17,951;16,993;15,452;15,755;15,152;14,855;14,855;15,152;16,368;16,060;15,755;14,855;13,981;13,696;13,981;14,270;13,981;13,413;12,581;13,133;12,855;13,413;13,133;13,133;13,413;12,855;12,309;12,040;---;12,040;14,620;18,603
  07/1953;12,309;13,133;12,581;12,040;11,774;11,774;10,993;11,774;12,581;12,855;12,855;13,133;13,696;13,981;13,413;13,133;13,133;12,309;12,040;12,309;12,309;12,309;12,309;12,309;11,774;11,251;11,511;10,993;11,251;10,993;11,251;10,993;12,261;13,981
  08/1953;11,511;10,993;10,993;10,993;11,511;11,251;11,251;10,487;10,238;10,238;9,992;9,992;9,749;9,749;9,508;9,508;9,036;9,036;9,992;10,993;10,487;9,992;9,508;10,993;12,855;13,133;12,581;12,309;11,511;10,993;10,739;9,036;10,714;13,133
  09/1953;9,749;10,487;9,992;10,739;9,749;9,271;10,238;10,487;10,238;10,487;10,993;12,581;11,511;11,251;12,040;13,133;13,133;13,413;12,855;10,993;10,993;9,992;10,238;10,487;10,238;9,508;8,575;9,271;9,036;9,271;---;8,575;10,698;13,413
  10/1953;8,575;9,271;7,474;7,262;9,036;10,993;11,511;10,739;9,992;10,739;9,749;9,992;9,271;9,036;9,508;14,855;14,855;14,855;16,679;17,309;18,603;18,603;15,755;12,855;10,487;10,238;9,749;10,238;9,271;10,993;15,452;7,262;11,740;18,603
  11/1953;19,267;19,603;21,676;19,941;19,603;17,951;16,679;13,413;15,152;16,679;16,368;16,679;15,452;18,275;24,595;24,595;25,735;22,389;18,275;23,849;22,750;19,267;16,679;14,855;14,855;13,133;12,855;11,511;10,238;12,581;---;10,238;17,830;25,735
  12/1953;15,755;23,480;25,352;29,301;31,377;28,489;25,352;22,389;18,933;17,309;16,368;16,993;24,972;32,656;35,733;28,489;22,389;23,480;23,113;23,849;21,676;18,275;18,275;16,993;16,679;16,679;16,679;15,755;15,152;16,993;16,060;15,152;21,774;35,733
  01/1954;15,152;14,270;15,452;26,508;47,280;75,581;80,797;80,797;71,778;66,854;60,355;59,780;47,280;37,092;33,087;28,489;25,352;23,849;27,689;31,801;63,270;41,796;38,942;38,942;35,733;34,840;29,301;26,120;24,972;22,750;25,352;14,270;40,363;80,797
  02/1954;20,974;19,603;19,603;19,267;19,267;20,627;26,120;41,314;98,303;105,055;124,943;151,900;135,077;87,531;75,401;69,663;72,824;68,418;78,021;74,752;63,545;57,129;52,124;49,439;48,911;47,861;46,308;41,309;---;---;---;19,267;61,975;151,900
  03/1954;37,974;37,974;36,129;32,571;30,020;29,605;29,192;33,006;35,674;33,006;39,863;51,582;57,129;62,354;49,971;37,974;35,223;33,444;39,387;40,824;36,586;30,439;28,375;25,992;25,220;24,459;25,992;27,971;29,192;30,439;34,774;24,459;35,559;62,354
  04/1954;38,442;39,387;36,586;32,139;29,605;28,782;25,992;24,838;25,220;24,082;22,971;22,971;23,709;21,528;20,823;20,823;19,787;21,528;21,174;20,130;19,448;18,118;19,111;18,446;17,470;17,470;17,793;18,446;19,448;17,793;---;17,470;23,469;39,387
  05/1954;17,793;17,793;21,174;20,475;18,777;18,446;18,118;19,111;20,130;21,528;25,220;30,439;33,885;49,971;57,129;45,796;34,774;32,139;30,439;30,439;33,885;51,042;62,354;57,129;44,276;38,442;34,328;30,860;28,782;25,992;25,220;17,793;32,125;62,354
  06/1954;24,459;23,709;22,243;22,606;25,220;37,046;28,782;28,782;26,382;24,459;23,338;22,971;22,606;20,475;21,528;20,475;19,111;18,446;19,448;18,446;18,446;19,787;20,130;19,448;19,111;19,448;18,777;18,118;17,793;17,470;---;17,470;21,969;37,046
  07/1954;17,470;17,470;16,519;16,519;16,208;16,519;15,900;15,900;16,208;15,900;15,292;14,992;14,695;15,595;15,900;16,519;16,519;16,208;15,292;15,292;15,595;15,292;14,992;14,401;14,110;14,695;14,992;14,695;14,401;14,401;14,401;14,110;15,577;17,470
  08/1954;14,401;14,695;12,974;14,401;14,401;13,822;12,974;13,254;12,698;11,884;12,974;12,424;12,153;11,884;12,153;11,884;11,357;12,424;11,884;11,357;11,357;11,097;10,841;11,097;11,357;11,619;11,097;11,619;11,619;10,841;10,841;10,841;12,238;14,695
  09/1954;11,619;10,587;10,587;10,841;10,088;10,088;10,336;10,336;10,336;9,843;9,601;9,601;9,126;9,126;9,362;9,362;9,601;9,126;8,662;9,126;9,126;9,362;9,601;9,601;9,126;8,434;9,126;9,601;11,097;13,537;---;8,434;9,866;13,537
  10/1954;15,595;15,595;12,974;15,292;14,401;13,537;13,254;13,254;12,424;12,424;14,110;12,698;11,619;11,884;11,884;11,357;12,698;12,698;11,619;12,974;16,833;25,992;26,382;21,884;18,118;14,992;14,401;15,292;16,833;16,208;17,150;11,357;15,044;26,382
  11/1954;15,900;15,292;14,401;12,698;12,153;11,357;10,587;10,088;9,126;9,601;9,126;8,434;8,210;7,769;8,662;10,587;11,619;11,097;10,088;8,662;7,769;8,434;7,340;8,662;8,210;8,210;7,340;6,923;6,923;6,923;---;6,923;9,740;15,900
  12/1954;7,340;8,210;9,601;12,974;12,153;10,587;9,362;10,587;11,884;11,097;13,537;15,595;30,860;37,046;36,129;29,192;21,528;19,787;21,528;25,220;25,992;27,570;38,913;64,145;62,948;42,780;29,605;23,709;18,118;19,111;19,111;7,340;23,426;64,145
  01/1955;17,150;16,833;20,130;25,992;30,860;38,913;51,042;51,042;43,276;36,129;31,710;27,570;26,775;25,220;27,971;34,328;58,846;89,637;91,767;95,372;53,768;41,797;36,129;31,710;37,046;31,710;27,971;25,992;25,992;23,709;22,971;16,833;38,689;95,372
  02/1955;25,992;26,775;24,838;25,220;24,459;21,528;19,448;20,130;18,118;17,793;18,118;18,118;23,709;19,448;17,470;16,833;16,208;13,822;13,254;12,698;13,254;18,118;23,709;27,570;27,171;36,129;43,276;44,780;---;---;---;12,698;22,428;44,780
  03/1955;40,824;55,436;62,354;54,321;44,780;41,797;34,328;32,139;30,860;34,328;48,911;51,042;55,436;55,997;52,124;51,042;51,582;54,877;44,780;38,442;34,328;32,139;30,020;27,971;25,992;24,459;23,709;22,243;21,884;24,459;32,571;21,884;39,844;62,354
  04/1955;37,046;35,223;30,860;32,571;33,444;30,860;28,375;25,992;25,220;23,709;22,243;21,528;20,823;23,709;25,220;25,220;26,382;24,459;24,459;24,459;24,459;22,971;21,174;20,130;19,111;18,777;18,118;18,118;19,787;20,130;---;18,118;24,819;37,046
  05/1955;19,448;18,777;18,446;17,470;16,833;15,900;15,900;16,833;16,833;16,833;16,208;15,595;15,292;14,992;15,595;15,292;17,470;18,118;18,118;17,793;19,111;18,446;18,446;18,777;17,150;14,992;15,900;16,208;15,595;15,595;16,208;14,992;16,909;19,448
  06/1955;18,118;19,448;19,448;18,118;17,470;16,519;15,900;14,992;16,208;16,208;15,900;14,992;16,208;16,208;15,595;14,992;14,992;14,401;14,695;14,401;14,110;14,401;15,595;15,900;13,822;13,822;13,254;12,698;13,822;13,254;---;12,698;15,516;19,448
  07/1955;12,698;12,974;13,254;14,110;14,401;14,401;14,401;14,401;13,822;12,153;12,974;12,424;12,153;12,153;11,619;11,619;11,357;11,097;10,587;11,097;11,619;11,619;11,619;10,841;10,336;10,587;11,097;11,097;10,841;10,336;10,587;10,336;12,073;14,401
  08/1955;10,088;10,336;11,097;10,841;10,587;10,841;10,587;10,088;9,843;10,587;10,587;10,587;10,587;10,088;10,336;10,587;10,587;11,097;10,841;10,088;9,601;9,601;9,601;10,088;9,843;10,088;14,695;24,838;29,192;30,860;24,082;9,601;12,670;30,860
  09/1955;20,823;18,118;16,519;13,254;11,619;11,884;12,153;11,619;11,619;11,619;10,841;10,841;9,601;10,088;10,088;9,601;9,362;9,126;9,601;9,126;9,126;9,126;9,126;8,892;8,662;8,434;8,210;8,662;8,662;8,210;---;8,210;10,820;20,823
  10/1955;7,769;7,340;7,769;7,769;7,769;7,340;7,553;7,988;7,988;7,988;7,769;7,988;9,601;11,097;9,362;8,662;9,601;11,097;11,097;10,587;10,587;12,698;11,619;9,601;8,210;8,434;8,892;26,775;28,375;37,046;29,605;7,340;11,806;37,046
  11/1955;27,171;30,020;37,974;37,046;30,860;30,860;23,709;20,823;19,111;18,118;17,470;23,709;19,787;16,208;15,595;13,537;12,424;13,822;20,130;38,913;39,387;32,571;33,444;38,913;36,129;29,192;23,709;20,130;18,118;15,595;---;12,424;25,149;39,387
  12/1955;14,992;15,595;22,971;35,223;53,217;54,321;54,321;48,385;43,774;45,796;35,674;29,192;28,375;30,439;28,782;25,992;25,992;34,328;36,129;30,020;22,971;19,448;18,446;18,446;17,470;20,823;21,528;25,604;38,913;63,545;77,362;14,992;33,486;77,362
  01/1956;80,014;87,531;102,781;124,115;126,605;102,781;79,347;64,145;51,582;39,387;33,885;32,139;30,020;27,971;25,604;24,459;23,338;22,606;25,992;31,710;31,710;29,192;30,020;30,020;30,020;28,375;26,382;24,082;22,971;22,243;21,528;21,528;46,211;126,605
  02/1956;19,787;19,448;19,111;18,777;16,833;15,900;15,292;14,992;14,695;14,695;14,992;16,519;20,130;25,220;28,782;37,508;34,328;36,129;51,042;64,145;64,747;53,217;45,796;51,042;37,974;31,710;29,192;49,971;58,846;---;---;14,695;31,752;64,747
  03/1956;65,960;86,140;83,391;69,039;57,129;46,823;38,442;34,328;33,885;33,006;32,139;31,283;30,439;30,439;31,710;30,860;31,283;31,710;30,439;29,605;30,439;28,782;28,375;23,709;24,838;24,838;25,604;27,171;25,604;26,382;30,020;23,709;37,220;86,140
  04/1956;28,782;33,006;37,046;35,674;32,139;27,971;25,604;24,838;24,082;28,782;28,375;32,571;27,971;24,459;23,709;22,606;21,528;20,823;21,174;22,243;21,528;19,787;20,130;20,130;19,111;18,777;18,777;22,971;34,328;38,913;---;18,777;25,928;38,913
  05/1956;37,508;34,328;32,139;32,139;32,571;33,885;27,570;27,171;25,992;26,382;28,782;25,992;24,459;22,606;21,884;20,823;20,475;20,130;19,448;19,111;18,777;20,823;21,174;21,174;32,139;51,042;59,424;60,004;51,042;43,276;35,674;18,777;30,579;60,004
  06/1956;33,885;33,444;31,710;29,192;27,171;25,220;24,459;24,838;27,171;26,382;31,283;29,605;39,863;51,582;49,971;45,796;42,287;39,387;36,586;33,006;32,571;28,375;27,171;25,992;24,459;24,459;24,082;22,606;21,884;22,606;---;21,884;31,235;51,582
  07/1956;22,606;21,528;21,884;21,528;20,823;20,475;21,884;21,528;20,823;21,174;20,475;19,787;19,448;19,111;18,777;18,777;19,448;18,446;18,118;18,446;18,446;17,793;18,777;22,971;33,006;35,223;31,283;24,838;22,971;22,243;24,838;17,793;21,854;35,223
  08/1956;33,444;36,586;39,863;58,271;60,004;63,545;57,129;42,780;34,774;28,375;28,782;27,171;24,459;24,082;23,709;22,606;21,528;20,823;20,130;19,448;19,787;19,448;19,111;18,777;18,446;18,446;17,793;18,118;18,118;17,470;17,150;17,150;28,715;63,545
  09/1956;16,833;16,519;15,900;15,900;15,900;15,900;15,900;15,595;15,292;18,446;25,992;30,439;28,782;28,375;30,439;28,375;25,220;22,971;20,475;18,777;18,118;17,470;16,208;15,292;15,595;16,519;16,208;16,208;17,150;17,150;---;15,292;19,598;30,439
  10/1956;16,208;16,833;16,208;15,595;14,992;14,695;14,110;13,537;13,254;13,822;16,833;22,606;27,171;27,971;22,971;19,787;17,793;17,150;16,519;15,595;15,595;15,595;16,833;21,528;24,459;24,838;23,338;21,174;20,475;21,528;22,606;13,254;18,762;27,971
  11/1956;21,528;22,971;20,130;16,833;16,519;16,519;16,833;15,595;14,992;15,595;17,793;22,243;20,823;18,777;18,446;17,470;15,292;14,110;13,537;13,254;13,254;13,537;17,793;14,992;14,992;17,793;15,595;15,292;15,292;15,900;---;13,254;16,790;22,971
  12/1956;14,695;13,537;12,424;11,619;12,153;12,424;16,208;24,082;27,570;27,570;22,606;18,777;17,150;18,777;26,382;25,992;29,192;28,375;26,382;22,243;20,823;20,823;20,823;27,171;33,006;32,571;30,860;30,020;26,775;22,243;19,787;11,619;22,357;33,006
  01/1957;18,118;17,793;17,470;16,833;15,292;17,793;16,519;17,150;18,446;23,709;30,860;36,586;46,308;60,004;52,669;57,698;99,785;133,361;151,900;185,373;197,587;166,804;119,207;96,101;78,683;64,747;63,545;65,960;65,352;57,698;54,321;15,292;66,570;197,587
  02/1957;47,861;42,780;46,308;53,217;55,997;60,588;56,562;55,436;61,174;65,352;82,032;76,052;69,663;66,570;65,960;71,551;93,201;92,483;90,345;84,760;74,107;60,588;54,321;53,768;60,588;80,684;98,303;107,354;---;---;---;42,780;68,843;107,354
  03/1957;108,126;105,055;95,372;70,919;56,562;51,582;54,321;53,217;52,669;61,763;70,290;69,663;63,545;55,997;52,124;46,823;47,341;47,861;47,861;43,774;76,052;102,028;128,278;119,207;115,988;118,398;118,398;99,785;79,347;73,464;59,424;43,774;75,653;128,278
  04/1957;56,562;57,698;58,846;61,174;58,271;55,436;53,768;53,217;52,669;52,124;51,582;50,505;48,911;45,796;47,341;49,439;48,385;47,341;45,286;42,287;41,309;39,863;38,913;37,974;37,046;36,586;36,586;35,223;34,328;34,774;---;34,328;46,975;61,174
  05/1957;39,387;40,824;39,863;36,586;34,328;33,885;33,006;32,571;32,571;35,223;36,129;35,223;33,444;33,885;34,774;32,571;32,571;33,006;32,571;31,283;29,605;29,605;28,782;28,375;28,375;27,971;27,971;27,570;27,570;26,775;25,992;25,992;32,332;40,824
  06/1957;25,992;25,604;25,992;26,382;25,604;26,382;25,992;35,674;40,342;42,287;37,046;31,283;29,192;26,382;27,570;26,382;25,220;24,838;24,838;24,459;24,459;24,082;24,082;23,709;23,709;23,709;23,338;23,338;22,606;23,709;---;22,606;27,140;42,287
  07/1957;23,709;23,338;22,606;22,606;22,606;24,838;24,459;24,459;24,082;21,884;21,884;21,174;20,823;20,475;19,787;21,884;25,604;29,192;31,710;31,283;30,860;29,605;25,604;23,709;24,459;25,992;28,375;27,570;25,992;22,243;20,823;19,787;24,633;31,710
  08/1957;20,130;19,111;19,111;19,111;18,777;19,111;18,446;18,118;17,470;17,470;17,150;16,833;17,150;17,793;19,111;20,475;25,604;29,605;35,674;42,287;39,387;31,710;27,171;24,082;22,243;20,823;20,475;18,777;17,470;17,470;18,777;16,833;22,159;42,287
  09/1957;20,130;19,787;28,782;49,971;63,545;69,663;72,824;56,562;44,780;34,328;31,710;28,782;27,570;26,775;25,604;25,992;24,459;22,971;22,606;21,174;21,174;23,709;27,570;34,774;38,442;38,913;33,885;30,020;26,775;24,459;---;19,787;33,925;72,824
  10/1957;23,338;20,823;20,475;19,787;19,111;18,118;17,470;17,470;17,150;16,833;16,519;17,793;18,777;22,606;32,139;31,283;27,570;22,606;19,111;17,470;16,833;21,174;21,884;21,884;19,787;20,130;23,709;30,860;40,342;46,823;49,439;16,519;23,526;49,439
  11/1957;48,385;40,342;32,571;31,710;32,139;27,971;25,220;28,782;31,283;30,860;29,192;28,782;30,439;32,571;31,283;33,885;27,971;25,604;27,570;30,860;37,508;40,824;37,974;35,223;34,774;42,287;38,442;31,283;28,782;29,605;---;25,220;32,804;48,385
  12/1957;33,885;44,780;42,780;42,780;49,971;52,669;57,698;65,960;65,352;53,768;48,911;43,774;41,797;42,287;44,276;40,342;37,508;35,674;33,885;31,710;29,192;27,171;27,171;25,992;24,459;24,838;28,375;30,439;28,782;30,439;32,139;24,459;39,316;65,960
  01/1958;28,375;25,220;25,220;24,838;22,971;22,243;20,130;19,448;18,777;18,118;19,111;18,777;18,777;19,448;21,528;24,459;26,382;30,020;30,020;32,139;32,139;33,444;38,913;54,877;64,747;124,943;156,486;223,139;241,526;298,668;290,728;18,118;65,342;298,668
  02/1958;213,381;161,136;121,649;101,278;86,834;92,483;102,028;108,900;116,789;108,126;100,530;77,362;62,948;59,424;53,768;51,582;48,385;44,780;42,287;42,780;44,780;43,774;40,824;38,913;39,863;44,780;54,321;57,698;---;---;---;38,913;77,193;213,381
  03/1958;56,562;62,354;70,919;77,362;74,107;74,752;91,055;107,354;108,900;95,372;80,014;69,663;60,004;51,042;46,823;48,911;52,669;62,354;72,186;73,464;74,107;69,039;65,960;56,562;52,124;46,308;44,780;41,797;41,797;40,824;41,309;40,824;64,854;108,900
  04/1958;51,042;56,562;60,588;60,004;54,321;48,385;43,774;42,780;44,780;47,341;44,780;45,796;48,911;49,971;46,308;45,796;45,796;44,780;57,698;64,747;69,663;65,960;59,424;52,124;47,861;43,774;40,824;39,863;39,387;37,508;---;37,508;50,018;69,663
  05/1958;37,046;37,046;46,823;61,763;66,570;69,663;68,418;62,354;51,042;45,796;43,774;41,797;39,863;38,913;39,863;40,342;38,913;37,046;35,674;35,223;36,129;44,780;60,004;55,436;58,846;60,004;62,354;63,545;62,948;61,174;55,436;35,223;50,277;69,663
  06/1958;49,971;46,823;42,780;41,797;38,913;38,913;37,974;36,586;35,223;35,223;33,444;32,571;32,571;34,328;63,545;65,960;83,391;80,014;76,705;69,663;58,271;51,042;46,308;43,276;41,797;39,863;37,974;37,046;36,129;36,129;---;32,571;46,808;83,391
  07/1958;35,223;34,328;34,328;33,444;33,006;32,139;31,710;32,139;31,710;30,439;30,860;31,283;32,139;32,571;31,710;30,020;31,283;59,424;61,174;55,436;49,439;41,309;37,508;36,129;33,444;31,710;30,439;30,020;29,605;29,192;28,375;28,375;35,533;61,174
  08/1958;28,782;28,375;28,375;28,375;29,192;28,782;30,020;28,782;26,775;25,992;24,838;24,459;24,082;24,459;24,459;24,082;24,459;24,838;24,838;23,338;23,709;23,709;23,709;22,606;21,528;21,528;21,174;21,528;21,884;21,174;20,823;20,823;24,860;30,020
  09/1958;20,130;21,528;21,528;21,174;21,528;21,528;21,528;22,243;22,971;24,459;29,192;30,860;31,283;42,780;47,341;45,286;37,974;32,571;30,020;26,775;23,709;22,971;22,606;21,174;25,604;26,775;26,775;25,604;24,459;21,528;---;20,130;27,130;47,341
  10/1958;20,823;20,130;20,130;19,787;19,787;20,130;22,971;23,709;23,338;25,220;25,604;25,992;32,139;33,885;27,570;23,709;21,884;21,174;20,475;21,174;22,971;21,174;20,475;19,787;19,787;19,448;21,174;28,375;32,571;36,586;33,444;19,448;24,046;36,586
  11/1958;30,860;28,782;27,570;28,375;29,605;32,139;27,570;25,220;22,971;20,130;19,787;18,777;19,111;21,528;22,243;27,570;25,604;24,838;27,171;26,775;24,459;23,709;22,243;22,243;23,338;29,605;28,375;27,570;31,710;25,992;---;18,777;25,529;32,139
  12/1958;22,606;22,606;21,528;20,130;20,475;20,475;33,006;24,459;28,782;29,192;32,139;27,171;25,992;25,220;23,338;23,709;27,171;34,328;50,505;51,582;55,997;52,124;44,276;37,974;36,129;32,139;28,782;24,838;23,338;24,082;24,082;20,130;30,586;55,997
  01/1959;23,709;22,243;22,243;23,709;34,328;50,505;51,582;52,669;58,846;66,570;72,186;77,362;72,824;63,545;63,545;53,768;55,436;49,971;42,780;38,913;37,046;36,129;36,129;41,309;47,341;52,669;53,217;57,698;54,877;52,669;42,780;22,243;48,664;77,362
  02/1959;37,974;34,328;34,328;37,974;41,309;37,046;35,223;35,674;34,774;33,444;30,860;30,020;28,375;28,375;25,220;25,220;28,375;53,768;58,846;50,505;39,387;33,444;31,283;30,860;33,444;37,974;44,276;49,971;---;---;---;25,220;36,510;58,846
  03/1959;61,174;49,971;37,974;35,223;34,328;32,139;30,020;30,860;33,444;49,439;53,217;49,971;45,796;48,911;45,796;43,774;40,824;36,586;43,774;59,424;80,014;80,014;77,362;73,464;69,663;77,362;72,186;78,021;69,663;61,763;62,354;30,020;53,694;80,014
  04/1959;82,710;86,834;91,055;87,531;84,074;82,710;75,401;69,039;61,763;52,124;48,911;46,823;46,308;43,774;40,824;38,913;37,046;36,129;35,223;33,885;33,444;33,444;34,328;34,774;35,223;37,046;40,342;37,974;35,223;36,129;---;33,444;51,300;91,055
  05/1959;33,006;33,444;32,139;30,860;30,860;30,020;30,020;29,192;28,375;28,375;27,570;27,570;27,171;26,775;25,992;25,992;25,220;25,220;26,775;29,192;31,710;33,006;29,192;27,971;26,775;25,992;25,220;24,459;24,459;24,459;24,459;24,459;28,112;33,444
  06/1959;24,082;23,709;24,459;24,459;23,709;23,338;22,971;22,971;22,606;22,606;22,243;22,243;21,528;21,174;20,823;20,823;20,823;20,823;21,174;20,823;20,823;20,130;20,130;19,787;19,448;19,448;19,111;18,777;18,118;18,777;---;18,118;21,398;24,459
  07/1959;18,118;19,111;18,777;18,446;18,118;18,118;18,118;17,470;17,470;17,470;17,470;17,470;16,833;16,833;16,833;16,833;16,833;16,519;16,208;15,900;15,595;15,595;15,595;15,595;15,595;15,292;15,292;14,992;14,992;14,992;14,992;14,992;16,693;19,111
  08/1959;15,595;16,833;17,150;16,519;16,833;16,833;16,519;16,208;15,900;15,595;15,595;16,208;18,777;19,111;29,192;30,020;23,709;22,243;18,118;17,793;17,150;15,900;14,992;14,992;14,695;14,695;14,401;14,401;13,822;13,822;13,822;13,822;17,337;30,020
  09/1959;13,822;16,833;16,208;14,401;14,110;13,822;13,822;13,822;13,254;13,254;13,822;13,822;13,822;13,254;13,254;13,254;12,974;12,974;12,698;12,153;12,153;12,153;11,619;11,619;11,619;11,097;11,619;11,619;11,619;12,698;---;11,097;13,106;16,833
  10/1959;13,254;12,153;11,619;10,088;10,088;10,336;11,097;10,587;9,843;9,601;10,088;12,153;15,900;18,118;16,208;15,595;14,401;13,822;16,833;22,971;24,459;23,709;20,475;18,777;15,292;13,822;13,254;12,153;12,424;12,424;12,153;9,601;14,313;24,459
  11/1959;12,698;13,822;13,822;13,822;14,992;14,401;13,822;16,833;23,709;30,020;32,571;27,971;25,604;22,971;20,130;18,118;15,595;14,110;12,698;12,424;14,401;20,823;18,777;17,793;18,777;25,604;38,442;54,321;42,287;30,860;---;12,424;21,741;54,321
  12/1959;25,992;22,971;23,709;28,375;35,223;31,283;30,020;30,439;38,442;38,913;34,328;30,860;27,570;24,838;23,709;23,709;21,884;18,777;17,470;24,082;30,860;38,913;52,124;82,710;74,752;62,354;53,217;49,439;43,774;45,796;35,223;17,470;36,186;82,710
  01/1960;38,677;40,824;39,387;32,139;28,987;26,973;51,582;59,714;74,107;69,663;65,960;66,265;61,174;59,135;53,768;49,705;56,279;62,948;66,570;71,235;82,032;103,536;97,566;93,201;96,101;100,530;93,201;79,347;61,763;48,123;42,780;26,973;63,654;103,536
  02/1960;42,780;44,025;54,044;58,846;60,588;58,846;55,436;52,943;48,123;50,238;46,823;40,342;36,586;40,583;48,647;53,768;57,984;57,698;53,768;55,156;59,714;76,052;89,637;95,008;108,513;104,675;99,414;96,832;98,303;---;---;36,586;63,634;108,513
  03/1960;99,043;100,530;101,278;98,303;90,345;83,050;80,349;79,015;63,545;54,044;51,312;48,911;51,312;57,698;55,156;53,217;53,768;48,385;44,780;41,797;44,276;45,796;52,813;54,738;67,889;80,034;79,702;72,253;55,573;46,461;44,681;41,797;64,518;101,278
  04/1960;41,951;40,978;40,256;39,540;37,196;40,256;36,736;36,736;37,427;40,016;39,066;38,359;36,278;34,251;31,849;31,422;30,785;30,155;30,155;30,996;33,588;32,280;29,738;28,504;27,695;27,295;26,502;26,502;26,110;26,110;---;26,110;33,624;41,951
  05/1960;31,422;34,921;34,251;30,996;27,695;26,897;26,110;25,721;25,721;26,110;27,494;28,098;27,896;29,738;29,946;34,029;34,474;32,496;28,708;28,301;30,785;35,596;39,778;35,370;29,946;28,098;26,502;26,110;24,570;23,816;23,444;23,444;29,517;39,778
  06/1960;23,074;23,074;22,707;22,707;22,343;21,981;21,981;21,623;21,267;21,623;20,914;20,564;20,216;20,564;28,504;31,209;28,912;28,504;26,897;25,527;22,343;21,981;22,343;24,192;25,721;25,335;27,295;31,635;33,149;30,364;---;20,216;24,618;33,149
  07/1960;26,897;24,570;23,074;22,707;22,343;21,623;20,564;20,216;19,530;19,191;19,191;18,854;19,530;19,191;18,854;18,190;17,538;17,538;17,538;17,056;17,216;16,896;16,580;16,266;16,266;16,266;16,580;17,538;16,896;16,896;16,580;16,266;18,973;26,897
  08/1960;16,580;16,580;15,956;15,648;15,648;15,648;15,343;15,040;15,040;15,040;14,741;14,444;14,444;14,151;14,444;17,538;19,191;19,191;19,530;17,700;16,896;16,580;15,956;15,956;15,040;14,741;14,444;13,860;13,572;13,287;13,287;13,287;15,662;19,530
  09/1960;13,860;13,572;13,572;13,572;14,005;13,572;13,287;12,725;12,449;12,449;12,175;11,905;11,637;11,372;11,637;11,240;10,594;10,851;10,851;10,851;11,110;10,851;10,851;10,851;10,851;10,851;10,091;10,594;11,637;11,905;---;10,091;11,859;14,005
  10/1960;12,175;12,175;12,175;12,175;12,587;13,287;12,725;12,175;11,110;11,905;11,637;12,725;13,287;14,592;11,637;12,725;19,871;18,026;15,495;14,444;14,151;15,343;14,741;15,343;16,896;19,360;18,521;19,191;17,056;16,580;15,648;11,110;14,508;19,871
  11/1960;15,343;15,040;14,444;14,444;15,343;14,741;14,444;19,360;22,707;24,951;23,259;20,216;19,360;23,444;21,802;20,216;18,521;18,854;23,074;26,306;32,064;36,278;32,064;28,708;26,502;22,343;20,564;20,043;26,699;35,596;---;14,444;22,224;36,278
  12/1960;33,368;28,301;23,444;19,871;18,190;16,896;17,538;18,190;18,521;16,580;14,005;14,444;17,216;23,816;42,441;41,463;45,694;59,260;95,272;127,002;214,763;446,892;538,875;398,527;270,687;193,557;129,076;98,910;82,037;76,746;81,702;14,005;103,977;538,875
  01/1961;77,725;124,126;152,936;128,245;114,894;101,124;99,645;91,344;80,699;80,034;72,570;67,889;70,367;70,367;76,746;84,065;74,163;73,524;69,123;77,398;83,386;91,698;94,552;87,496;80,699;76,746;74,163;72,887;69,123;67,276;65,453;65,453;85,499;152,936
  02/1961;63,654;62,468;64,251;73,524;70,367;69,123;62,468;59,549;51,727;52,269;53,909;78,711;76,096;79,371;82,711;85,429;81,367;74,163;72,887;70,367;69,123;69,123;69,123;70,367;74,805;69,744;64,251;62,468;---;---;---;51,727;69,051;85,429
  03/1961;76,746;83,725;81,367;76,096;72,887;63,654;55,573;59,837;67,889;74,163;78,711;91,698;87,496;83,386;72,887;80,699;84,065;81,702;78,053;84,065;100,014;104,865;103,361;92,053;83,725;73,843;67,889;63,060;62,468;61,879;61,292;55,573;77,714;104,865
  04/1961;57,544;51,727;49,589;49,589;55,294;62,173;66,058;58,114;53,359;51,189;51,189;52,540;48,798;45,949;45,440;43,928;42,687;40,496;40,496;40,016;40,256;40,016;40,016;39,540;39,540;57,544;66,666;75,772;79,371;76,421;---;39,540;52,044;79,371
  05/1961;59,260;48,798;49,061;58,114;69,744;74,805;73,843;65,453;55,294;50,119;47,752;45,440;42,687;40,496;40,016;39,540;38,125;37,659;37,196;36,278;35,823;34,921;22,707;34,921;34,474;34,029;32,713;32,280;32,280;31,849;31,422;22,707;44,100;74,805
  06/1961;30,996;30,996;30,574;30,155;30,155;30,155;29,324;28,912;28,504;28,098;28,098;27,695;27,695;28,098;28,708;31,635;32,931;30,574;29,738;28,912;28,098;28,098;27,295;27,295;26,897;26,502;26,110;25,721;25,335;24,951;---;24,951;28,609;32,931
  07/1961;24,570;24,192;23,816;23,816;23,816;23,444;23,444;23,074;23,074;23,074;22,707;22,343;22,343;21,981;21,623;21,623;21,267;20,914;20,914;20,564;20,216;20,216;19,871;19,871;19,871;19,530;19,191;18,854;18,854;18,854;18,854;18,854;21,509;24,570
  08/1961;20,043;18,521;18,190;17,863;17,863;17,863;17,538;17,216;16,896;16,580;16,580;16,580;16,266;16,266;16,266;16,266;16,266;15,956;15,956;15,956;15,648;16,111;15,648;15,648;15,343;15,956;19,530;18,854;19,871;17,863;16,266;15,343;17,022;20,043
  09/1961;16,266;16,266;15,956;15,648;15,040;14,741;14,444;14,444;14,444;14,151;14,151;14,151;14,444;14,444;14,151;13,860;13,572;13,572;13,287;13,005;12,725;12,175;12,175;11,905;11,905;11,905;11,637;11,372;11,110;11,110;---;11,110;13,602;16,266
  10/1961;10,851;10,851;10,851;10,851;10,851;10,594;10,594;10,594;10,341;10,341;10,722;11,372;11,110;11,372;12,040;14,444;15,495;17,216;16,266;14,741;13,860;13,005;11,905;11,372;11,372;13,287;15,648;15,801;14,444;13,572;14,297;10,341;12,583;17,216
  11/1961;13,860;14,151;16,266;18,687;22,162;25,527;22,343;22,525;23,074;17,863;15,343;15,495;16,580;18,026;22,343;23,630;19,871;17,863;16,266;15,191;13,572;13,572;17,538;17,538;16,896;20,390;23,444;17,538;15,343;15,956;---;13,572;18,295;25,527
  12/1961;15,343;14,444;16,111;23,444;31,422;25,527;17,863;17,863;19,022;19,700;18,190;18,355;22,890;27,095;25,142;21,267;24,192;35,370;41,220;50,119;52,813;51,189;47,234;39,778;32,931;31,209;37,427;44,681;52,540;54,184;58,399;14,444;31,838;58,399
  01/1962;58,973;46,461;32,496;30,155;29,738;28,504;23,444;20,216;26,502;36,506;37,427;30,785;26,306;23,630;24,760;26,502;26,897;44,933;52,540;55,573;52,813;56,414;63,654;63,654;54,738;50,386;62,468;58,686;52,269;47,234;40,978;20,216;41,472;63,654
  02/1962;34,921;33,588;35,823;59,837;92,408;111,762;119,668;122,496;104,865;78,711;63,357;55,294;51,189;49,061;45,440;47,234;48,535;43,430;48,013;48,535;50,653;58,399;66,666;80,034;82,037;77,072;67,889;56,978;---;---;---;33,588;65,496;122,496
  03/1962;48,798;45,440;70,367;76,746;75,772;73,524;70,367;56,414;45,440;40,737;43,679;58,114;103,361;106,000;126,177;166,286;200,681;174,838;149,793;128,245;107,141;97,812;85,429;75,449;69,744;63,952;57,261;53,086;50,119;48,798;45,949;40,737;84,372;200,681
  04/1962;44,933;43,928;43,928;44,933;42,441;40,978;39,540;38,594;37,659;38,125;37,659;37,196;35,823;34,474;34,029;33,588;34,029;32,280;32,280;31,849;31,422;30,996;30,574;29,738;28,912;28,504;28,504;28,098;28,912;28,912;---;28,098;35,095;44,933
  05/1962;29,946;31,422;37,892;45,949;44,179;36,966;33,149;30,996;30,155;28,504;27,695;27,295;26,502;26,502;26,502;25,721;25,335;25,721;25,335;24,570;24,570;24,192;24,192;23,816;23,444;23,074;22,707;22,707;22,707;22,707;22,707;22,707;27,973;45,949
  06/1962;22,343;22,343;23,259;25,527;24,192;23,816;24,192;24,951;24,570;24,570;23,816;23,816;22,707;22,343;20,914;20,914;20,564;20,564;20,564;20,216;19,871;19,530;19,530;19,191;19,191;19,530;18,521;17,863;17,538;17,863;---;17,538;21,494;25,527
  07/1962;18,190;18,190;17,863;17,863;18,190;18,190;17,863;17,863;18,854;18,687;20,216;19,871;19,530;19,191;18,521;17,216;16,266;17,538;17,538;18,854;18,854;18,854;17,538;17,216;16,580;16,580;16,580;16,580;16,266;16,266;15,648;15,648;17,853;20,216
  08/1962;16,580;16,580;16,266;15,956;15,648;15,343;15,040;14,741;14,444;14,444;14,151;14,151;14,444;14,151;14,151;14,444;14,151;14,151;13,860;13,860;13,572;16,896;18,026;24,381;29,324;26,110;20,914;18,687;16,896;16,266;15,648;13,572;16,557;29,324
  09/1962;14,444;14,151;14,151;14,151;13,860;14,297;16,266;16,266;16,738;19,360;20,216;18,687;16,580;15,648;14,741;14,741;13,572;13,572;12,725;12,725;12,449;13,287;15,495;16,896;16,423;15,040;14,005;13,287;12,175;11,637;---;11,637;14,920;20,216
  10/1962;16,738;20,564;24,760;27,295;28,708;26,502;23,074;20,390;22,162;32,064;45,440;55,852;71,622;85,087;87,496;66,666;35,145;32,280;60,417;65,453;60,708;49,589;38,359;36,506;42,196;44,430;47,234;40,016;34,251;35,145;42,687;16,738;42,543;87,496
  11/1962;43,679;45,694;44,933;38,125;34,697;33,368;34,029;42,196;35,823;37,196;34,474;31,422;28,098;25,915;24,570;23,074;22,525;26,502;30,996;30,155;30,574;30,574;30,155;28,301;24,951;22,707;20,914;20,216;23,074;22,707;---;20,216;30,721;45,694
  12/1962;23,444;27,896;26,110;28,098;42,441;38,359;33,368;29,324;29,324;31,209;31,422;34,029;49,061;65,756;74,163;64,251;55,294;46,976;54,461;65,152;70,055;68,505;60,708;51,189;49,061;44,681;38,829;38,359;43,928;62,173;91,698;23,444;47,398;91,698
  01/1963;117,269;165,817;188,544;181,630;166,286;182,610;108,288;86,804;79,371;65,453;66,362;76,746;86,115;80,366;79,040;104,865;96,719;94,552;92,408;85,429;77,725;65,453;67,889;66,666;69,744;66,971;63,060;61,292;58,973;55,573;52,813;52,813;93,898;188,544
  02/1963;56,695;53,359;51,189;52,813;60,417;75,127;85,429;82,037;79,702;70,993;63,060;58,399;59,837;64,251;67,276;64,251;61,879;56,978;53,909;62,173;73,524;99,645;79,371;78,711;74,805;72,253;68,814;62,468;---;---;---;51,189;67,477;99,645
  03/1963;53,086;50,653;49,061;49,589;50,119;50,119;52,269;50,119;46,976;44,933;44,179;41,951;41,951;41,463;40,496;46,461;44,933;43,928;43,430;42,934;40,978;38,829;36,736;35,823;42,441;42,934;41,220;38,125;36,736;36,736;35,370;35,370;43,696;53,086
  04/1963;35,145;32,280;31,849;30,574;29,324;28,504;28,098;28,504;28,098;28,098;28,504;27,695;27,695;27,695;26,502;26,897;27,695;26,897;26,110;25,721;25,721;25,335;25,335;24,192;23,816;23,816;23,444;23,444;23,074;22,707;---;22,707;27,092;35,145
  05/1963;22,343;22,343;21,623;21,623;21,267;21,267;21,267;20,914;20,564;20,564;20,216;20,216;20,216;19,871;19,871;19,871;19,871;20,564;21,623;20,564;20,564;20,216;20,216;19,871;19,871;19,871;19,530;19,191;18,854;18,854;18,521;18,521;20,394;22,343
  06/1963;18,521;18,521;18,190;18,190;17,863;17,538;17,538;17,216;17,216;17,538;17,216;16,896;17,216;17,216;17,216;16,896;17,216;16,580;16,580;16,580;16,580;16,266;16,266;16,580;16,580;15,956;15,956;15,648;15,648;15,648;---;15,648;16,969;18,521
  07/1963;15,343;15,343;15,040;15,343;15,040;15,040;15,040;14,741;15,040;15,040;14,741;14,444;14,444;14,444;14,151;14,151;14,151;13,860;13,860;13,860;13,572;13,572;13,287;13,005;12,865;12,175;13,287;13,005;13,005;12,725;12,312;12,175;14,062;15,343
  08/1963;11,637;13,005;13,005;12,725;12,725;12,175;12,449;12,449;12,175;12,175;11,905;11,905;11,905;11,905;11,637;11,905;13,572;13,572;13,287;13,287;12,725;12,175;11,637;11,372;11,372;11,372;11,637;11,110;11,110;10,851;10,594;10,594;12,108;13,572
  09/1963;10,341;10,341;10,341;9,598;9,598;9,598;9,357;9,118;8,882;8,550;8,550;8,550;8,550;8,550;8,550;8,550;8,550;8,170;7,798;7,798;7,798;4,961;6,390;7,434;7,434;8,170;8,550;8,170;8,170;8,170;---;4,961;8,486;10,341
  10/1963;9,118;8,550;8,170;10,851;10,594;9,843;10,341;10,594;9,237;8,170;10,467;9,357;8,882;8,550;7,798;7,434;6,058;9,000;12,449;13,716;12,865;24,570;35,596;42,441;34,697;23,816;22,707;28,912;34,474;35,370;29,946;6,058;16,599;42,441
  11/1963;19,871;17,216;16,580;16,266;15,495;13,860;13,572;13,572;16,580;15,956;21,444;24,192;23,259;19,871;18,355;22,162;30,155;35,823;50,119;32,713;34,474;33,149;29,946;23,259;20,043;18,854;24,760;26,699;26,110;22,162;---;13,572;23,217;50,119
  12/1963;20,043;17,216;16,580;16,266;15,343;14,005;13,572;13,716;16,580;15,956;16,423;18,190;16,738;14,592;13,145;11,637;11,637;10,851;10,722;11,110;12,175;16,896;16,896;13,287;12,175;11,110;10,594;10,091;9,598;9,237;11,240;9,237;13,794;20,043
  01/1964;18,687;24,192;22,707;21,267;19,700;13,860;13,860;14,151;13,860;13,287;12,449;11,637;11,110;11,110;9,843;10,851;10,594;9,357;7,434;8,550;8,170;8,882;10,722;13,145;19,022;36,966;57,544;73,843;74,484;67,276;59,549;7,434;22,842;74,484
  02/1964;43,182;36,966;40,737;48,535;44,933;36,278;31,635;26,699;28,098;27,896;26,110;25,721;31,849;40,978;46,976;49,854;56,978;75,772;87,842;131,166;170,537;172,920;154,746;138,821;113,714;81,033;60,127;49,589;51,458;---;---;25,721;66,591;172,920
  03/1964;51,189;49,589;44,681;40,737;37,196;34,921;32,713;31,422;31,422;32,713;30,996;27,896;25,721;24,192;24,951;23,444;23,074;22,707;22,343;21,267;20,914;20,914;20,564;20,914;20,043;18,190;17,538;17,863;19,191;24,570;23,444;17,538;27,655;51,189
  04/1964;22,707;24,570;24,760;28,098;26,110;24,951;25,721;24,004;20,914;19,191;18,521;17,538;16,896;17,216;16,896;16,580;16,580;17,056;17,538;17,216;17,538;18,190;19,530;18,026;17,863;16,580;15,040;15,343;16,266;16,896;---;15,040;19,478;28,098
  05/1964;20,043;23,259;26,110;23,259;20,914;21,090;20,564;20,914;22,707;20,738;18,190;17,216;16,580;16,738;16,580;15,648;15,343;14,741;14,444;14,741;14,741;14,444;14,151;14,444;14,741;14,741;14,444;14,151;14,444;14,151;14,444;14,151;17,378;26,110
  06/1964;13,860;13,860;13,572;13,860;13,572;13,860;13,572;13,287;13,287;13,287;13,860;15,040;15,956;16,896;16,896;17,216;17,216;16,580;15,648;15,648;15,040;15,040;14,151;13,860;13,287;13,287;13,287;13,287;13,572;13,860;---;13,287;14,521;17,216
  07/1964;13,860;14,592;16,738;18,355;23,259;23,816;20,216;17,216;16,266;15,648;14,741;14,151;13,572;14,592;15,648;13,572;12,449;12,175;12,175;12,175;12,175;11,905;11,905;11,905;14,297;15,343;14,444;13,572;13,005;12,725;12,040;11,905;14,791;23,816
  08/1964;11,637;11,372;11,372;11,372;11,372;11,372;11,372;11,110;11,110;10,851;10,851;11,110;11,110;11,372;11,110;10,594;10,594;10,091;10,091;10,091;11,372;12,449;13,572;13,287;11,905;11,372;10,594;10,341;10,091;9,357;9,118;9,118;11,078;13,572
  09/1964;9,118;8,882;9,357;9,357;9,357;9,598;9,598;9,118;8,882;8,882;8,882;8,170;7,798;8,170;8,170;7,798;7,434;6,730;6,730;5,735;5,419;5,419;5,735;6,559;9,843;12,175;16,896;25,915;21,981;18,521;---;5,419;9,874;25,915
  10/1964;24,192;20,216;21,623;18,854;17,376;17,863;18,355;19,871;23,630;23,444;19,700;15,648;15,495;14,592;13,005;12,449;11,372;11,372;11,110;11,110;15,648;17,538;17,216;17,700;15,495;14,741;15,956;17,538;23,074;25,915;26,502;11,110;17,697;26,502
  11/1964;37,659;38,359;29,530;23,259;21,981;23,074;23,816;21,981;19,191;15,956;15,343;14,444;13,287;11,372;12,449;12,175;11,372;11,372;11,637;14,151;15,495;19,871;25,335;23,259;17,863;17,538;16,266;15,495;13,860;12,175;---;11,372;18,652;38,359
  12/1964;13,287;18,854;30,574;39,540;39,540;37,659;29,738;23,074;22,343;20,216;23,444;22,343;22,707;34,921;52,813;48,013;51,727;50,119;44,430;38,594;35,823;30,996;35,370;43,430;62,468;98,177;107,905;108,671;103,361;86,804;78,053;13,287;46,935;108,671
  01/1965;68,505;60,708;61,879;61,292;62,173;63,357;60,127;56,978;59,549;61,292;61,879;58,114;52,813;51,727;54,738;61,879;66,666;70,367;87,150;118,066;126,177;122,496;117,668;110,985;86,459;80,034;70,055;70,367;79,371;96,719;109,825;51,727;76,433;126,177
  02/1965;132,849;144,038;126,177;119,668;110,211;101,124;88,886;78,711;67,276;58,973;54,184;50,920;48,535;62,763;73,843;88,537;82,711;79,702;67,582;56,695;54,461;51,458;58,114;63,654;66,058;65,756;91,344;85,772;---;---;---;48,535;79,643;144,038
  03/1965;83,386;83,725;85,087;82,037;83,386;83,725;76,096;70,680;66,971;74,484;80,366;72,887;70,993;68,197;63,060;57,261;58,973;60,708;57,261;55,015;56,133;61,585;64,251;64,251;58,973;56,695;56,133;56,978;51,458;46,976;43,928;43,928;66,183;85,087
  04/1965;41,951;41,463;40,978;40,016;38,594;39,066;37,659;36,736;36,278;36,736;36,278;36,278;34,921;33,588;32,280;31,422;30,996;30,996;30,155;30,574;31,422;30,574;30,155;30,155;29,324;28,504;28,098;27,695;30,364;30,996;---;27,695;33,808;41,951
  05/1965;47,234;50,653;44,179;41,463;35,370;33,368;30,996;30,155;28,912;28,504;28,912;30,364;33,808;35,823;37,427;39,066;37,659;38,829;45,694;48,535;50,119;45,694;41,463;35,823;32,931;30,996;30,155;28,098;28,098;26,502;26,502;26,502;36,237;50,653
  06/1965;26,110;25,335;24,951;24,570;24,192;23,816;23,816;24,192;24,192;23,816;23,816;23,444;23,444;23,816;23,816;24,192;24,570;24,951;25,335;26,502;23,816;23,444;23,816;24,192;24,760;27,295;27,295;24,570;23,816;23,444;---;23,444;24,511;27,295
  07/1965;22,707;21,981;20,738;20,564;21,267;23,816;26,502;26,897;26,502;27,695;30,996;36,278;34,251;28,504;26,502;24,570;23,816;23,444;23,444;21,981;21,623;21,623;19,871;19,530;19,191;19,530;19,191;18,521;17,863;18,190;18,521;17,863;23,423;36,278
  08/1965;19,191;18,854;19,191;18,521;18,190;17,863;17,863;19,871;19,530;19,191;18,854;18,521;17,863;17,538;16,896;16,580;16,266;15,956;15,648;15,343;15,343;15,648;15,343;15,040;15,040;14,741;14,741;14,444;14,151;14,444;14,444;14,151;16,810;19,871
  09/1965;14,151;14,151;13,572;13,860;13,572;13,005;13,005;13,005;13,287;13,005;12,725;12,725;12,725;12,725;12,449;12,725;12,175;12,175;12,175;12,175;11,637;11,372;11,637;11,637;11,372;13,005;18,521;28,912;32,496;28,504;---;11,372;14,616;32,496
  10/1965;31,849;44,933;55,852;47,493;35,596;27,695;23,074;18,190;18,521;18,854;20,216;19,530;19,191;18,687;19,871;20,216;20,564;19,871;18,190;23,630;24,951;26,897;32,713;39,302;49,854;46,461;43,430;40,016;35,370;43,928;54,184;18,190;30,940;55,852
  11/1965;50,920;45,186;39,540;30,155;25,335;28,708;27,095;27,494;27,896;31,422;30,155;27,695;26,897;28,912;43,430;50,386;62,468;63,060;55,573;38,829;32,496;29,738;25,915;23,444;23,816;29,738;62,173;50,386;44,933;39,066;---;23,444;37,429;63,060
  12/1965;36,050;34,029;34,474;32,064;33,588;35,823;39,066;46,461;59,549;77,398;86,804;95,633;107,905;110,598;105,621;95,272;83,386;68,814;59,549;52,540;43,679;43,679;52,540;48,013;47,493;46,205;42,441;39,540;40,978;47,752;49,589;32,064;57,953;110,598
  01/1966;64,551;85,429;101,495;87,842;92,408;101,867;100,383;100,014;87,842;77,725;72,570;70,680;74,805;76,421;80,699;81,702;78,711;70,367;63,060;60,708;52,540;48,274;44,681;42,934;42,441;48,274;56,133;64,251;79,040;71,937;67,582;42,441;72,496;101,867
  02/1966;78,382;91,698;95,994;95,994;92,408;81,702;64,551;53,909;48,013;43,928;40,978;40,496;38,829;37,659;37,892;37,659;36,966;36,278;37,196;37,196;37,659;48,798;58,399;63,654;59,837;85,087;80,034;53,909;---;---;---;36,278;57,682;95,994
  03/1966;51,727;53,359;51,189;47,493;53,909;74,484;106,380;110,985;121,280;131,586;144,477;137,102;132,849;122,496;108,288;87,496;73,524;66,971;60,127;56,414;54,738;51,189;49,324;46,976;46,461;55,573;61,000;58,973;55,294;52,813;50,119;46,461;76,600;144,477
  04/1966;46,976;48,013;50,386;50,119;50,119;42,934;43,430;41,463;41,463;41,463;40,496;34,474;38,125;37,659;36,736;35,823;35,370;35,370;33,368;33,149;32,280;32,280;31,849;31,422;31,849;32,280;31,849;31,849;33,149;31,422;---;31,422;37,906;50,386
  05/1966;30,996;30,574;29,324;28,912;28,912;31,849;36,050;37,196;36,050;31,849;30,574;30,574;32,713;31,849;31,422;30,155;28,912;27,695;27,695;27,295;26,110;26,699;28,912;28,912;29,324;27,695;27,295;26,502;26,502;25,721;24,192;24,192;29,628;37,196
  06/1966;23,444;23,816;23,444;23,444;23,816;23,444;23,444;22,707;23,074;22,707;22,343;22,343;21,623;21,623;20,914;20,914;20,564;20,564;20,216;19,871;19,871;20,216;20,216;19,530;19,191;19,191;19,191;18,854;18,521;18,854;---;18,521;21,265;23,816
  07/1966;18,854;18,521;19,191;17,056;18,190;18,854;18,521;18,190;18,190;18,521;18,521;17,863;17,863;17,216;16,896;16,896;16,580;16,896;16,580;16,580;16,266;16,266;16,580;16,580;16,580;16,266;16,266;15,956;15,956;15,956;16,423;15,956;17,260;19,191
  08/1966;19,360;22,343;24,192;20,914;19,871;18,687;17,538;16,580;16,580;16,896;18,521;17,216;16,580;16,266;15,648;15,343;15,343;15,040;14,741;14,741;14,741;14,444;14,444;14,151;14,444;15,495;15,956;15,956;16,580;15,648;15,040;14,151;16,752;24,192
  09/1966;15,040;15,040;15,956;16,896;17,216;16,266;15,648;14,741;14,444;14,151;14,151;13,572;13,005;12,449;12,175;11,905;11,637;12,175;12,175;12,449;13,005;12,725;12,449;12,725;12,449;12,175;11,905;12,449;14,297;15,343;---;11,637;13,687;17,216
  10/1966;15,040;14,444;14,005;12,449;12,449;11,905;12,587;15,495;21,802;30,574;26,110;19,360;16,896;16,896;15,956;14,741;13,860;13,005;12,725;13,287;15,191;17,056;21,090;22,707;21,267;22,707;19,191;26,897;43,182;55,573;41,707;11,905;20,328;55,573
  11/1966;31,635;40,737;49,061;43,182;33,588;27,295;25,335;23,816;24,951;26,306;24,004;30,364;30,996;29,946;27,695;29,738;36,506;37,427;41,951;35,145;28,912;24,951;23,816;22,343;20,564;19,700;17,863;16,896;15,648;15,343;---;15,343;28,524;49,061
  12/1966;15,648;15,343;15,956;15,040;14,297;15,343;17,216;27,095;32,931;30,574;30,996;41,463;33,808;29,738;29,324;30,155;28,912;26,502;24,570;30,155;46,205;74,163;119,668;193,557;388,128;473,927;314,937;187,052;127,416;99,277;75,127;14,297;84,017;473,927
  01/1967;57,544;53,634;50,653;51,727;56,414;65,453;84,746;94,552;88,190;87,842;98,910;118,466;124,944;142,289;133,695;127,416;120,473;101,124;101,124;99,277;108,288;98,543;80,034;78,711;94,552;88,190;88,190;85,429;98,910;104,865;105,621;50,653;93,220;142,289
  02/1967;102,613;98,177;95,994;101,867;120,070;162,087;160,236;150,688;140,984;135,393;109,440;86,804;92,764;87,150;84,746;75,127;72,253;70,367;69,744;72,887;75,449;76,746;76,096;70,367;63,654;60,708;59,549;58,973;---;---;---;58,973;93,962;162,087
  03/1967;55,573;54,461;58,973;61,292;61,292;58,973;60,708;60,708;59,837;64,551;68,505;64,851;61,292;60,127;59,549;65,453;69,744;65,453;66,971;69,123;66,058;67,276;67,276;63,060;53,909;53,359;56,133;60,708;59,549;58,399;57,829;53,359;61,645;69,744
  04/1967;49,854;48,013;50,386;47,493;44,681;41,951;40,978;39,066;37,659;36,736;36,736;37,196;40,256;38,125;37,196;37,196;35,823;34,474;37,196;34,474;34,474;34,474;34,921;34,474;32,713;31,849;31,849;31,849;32,280;32,713;---;31,849;37,903;50,386
  05/1967;33,149;30,996;30,996;33,149;34,251;32,280;32,496;30,155;28,912;28,504;27,695;27,695;27,295;26,897;26,502;26,502;25,721;24,951;23,816;22,162;24,192;24,192;24,570;24,192;24,192;23,816;23,444;23,444;23,074;23,444;23,074;22,162;26,960;34,251
  06/1967;22,707;22,707;23,074;23,074;23,816;24,192;28,098;29,530;31,849;28,098;30,364;36,278;49,589;56,978;51,189;46,718;39,540;34,251;31,422;27,695;26,502;25,721;24,570;24,192;23,444;23,816;23,074;22,707;22,707;22,343;---;22,343;30,008;56,978
  07/1967;22,343;21,981;21,623;20,914;20,914;20,216;19,871;20,216;20,216;19,871;20,043;20,914;20,914;20,216;20,564;20,216;20,216;20,216;20,216;19,530;19,530;19,360;19,191;19,191;18,854;18,521;18,190;17,538;17,216;17,216;16,896;16,896;19,771;22,343
  08/1967;16,896;16,580;16,580;16,266;16,580;16,580;16,580;16,580;16,580;16,580;16,266;16,266;16,266;16,266;16,580;16,580;16,580;16,580;16,266;15,343;13,572;15,343;15,040;14,444;14,444;13,860;13,860;13,287;12,175;13,005;12,725;12,175;15,502;16,896
  09/1967;12,725;12,175;12,175;12,175;12,449;12,175;13,287;12,175;14,592;17,056;16,896;18,854;21,444;25,335;24,570;23,444;20,564;17,700;15,343;13,860;14,151;14,151;15,040;15,343;14,297;13,287;12,725;12,449;12,175;11,905;---;11,905;15,484;25,335
  10/1967;12,175;12,865;13,860;13,572;12,725;12,040;11,372;11,637;10,851;10,722;10,215;10,215;10,980;12,175;12,449;14,151;15,801;17,216;17,216;18,521;15,343;16,580;16,896;16,580;18,190;23,630;34,029;40,496;39,302;34,697;27,095;10,215;17,535;40,496
  11/1967;22,162;18,854;18,521;21,267;21,802;20,564;20,913;16,587;17,416;16,751;15,456;14,516;16,916;26,486;33,535;35,816;38,404;40,825;40,092;36,281;35,816;33,986;31,758;42,061;43,566;45,351;46,385;41,565;37,690;34,212;---;14,516;29,518;46,385
  12/1967;31,103;28,126;28,543;32,198;29,598;27,919;25,483;26,284;27,301;27,919;27,919;26,689;25,483;24,694;25,882;26,486;29,174;31,978;34,667;35,816;35,125;42,560;54,755;50,357;64,943;48,221;40,580;36,748;38,643;38,165;37,690;24,694;34,227;64,943
  01/1968;35,816;39,123;59,316;71,112;62,843;51,714;44,072;39,364;35,125;32,198;30,454;29,174;37,217;45,609;49,819;48,751;60,189;59,606;58,448;61,657;73,970;88,660;90,755;97,896;88,660;70,798;53,086;53,086;36,281;35,355;34,439;29,174;54,019;97,896
  02/1968;35,355;33,986;31,978;30,024;29,598;28,963;27,919;27,506;27,506;27,919;27,096;28,126;26,689;27,506;29,386;29,598;31,103;33,986;33,535;29,811;25,483;26,892;27,919;31,978;34,896;32,198;32,641;31,978;30,886;---;---;25,483;30,085;35,355
  03/1968;30,024;27,506;25,483;25,087;27,506;27,096;27,096;28,753;40,825;52,261;47,430;46,646;64,641;57,300;51,441;56,446;53,086;50,898;44,582;47,693;41,813;35,816;39,364;44,582;41,318;36,514;40,092;35,816;31,758;30,886;35,816;25,087;40,180;64,641
  04/1968;39,364;44,838;38,883;33,986;33,086;35,585;33,986;32,419;30,886;28,753;27,096;26,284;25,882;25,087;23,915;23,530;23,148;23,530;22,018;27,096;30,454;29,598;28,543;26,083;24,303;23,915;23,148;22,392;21,647;20,913;---;20,913;28,346;44,838
  05/1968;21,279;20,913;20,551;19,834;19,480;19,129;18,781;18,781;19,480;19,480;19,480;19,129;19,129;19,480;19,129;23,148;28,335;27,096;24,694;23,915;23,530;22,392;21,279;19,834;19,834;19,480;19,129;19,129;18,781;18,781;18,781;18,781;20,716;28,335
  06/1968;18,781;18,435;18,435;18,435;18,781;18,093;18,093;18,435;18,435;18,093;18,093;17,416;17,082;16,751;17,416;17,416;17,082;16,751;16,751;16,423;17,753;18,435;18,435;18,435;17,416;17,082;17,416;17,416;16,098;16,098;---;16,098;17,659;18,781
  07/1968;15,776;15,456;15,140;14,826;15,140;14,826;14,826;15,456;15,456;15,776;15,776;15,776;15,456;15,456;15,140;15,456;14,826;14,516;14,208;13,903;14,055;14,983;14,983;15,776;15,140;15,140;14,208;13,903;13,602;13,303;13,602;13,303;14,900;15,776
  08/1968;13,303;13,007;13,602;13,303;13,303;13,602;13,903;14,208;18,607;25,285;23,339;19,834;18,093;16,098;15,616;13,903;13,602;13,303;13,303;13,007;13,303;13,007;11,158;11,573;12,138;12,425;12,714;13,007;12,425;12,425;14,055;11,158;14,531;25,285
  09/1968;14,208;13,303;13,007;14,983;15,776;16,098;15,776;15,456;13,602;12,714;12,425;12,138;11,573;11,021;10,749;10,480;10,480;10,480;10,480;10,480;10,749;10,884;11,021;10,749;11,021;10,884;10,749;10,480;10,480;9,692;---;9,692;12,065;16,098
  10/1968;9,952;9,952;8,685;9,692;9,692;9,183;8,932;8,685;8,563;7,962;7,728;7,962;8,200;7,962;8,200;8,200;19,657;27,301;27,096;25,882;18,093;14,055;15,776;23,148;31,320;27,506;23,915;20,191;27,096;19,480;19,834;7,728;15,481;31,320
  11/1968;19,834;19,480;23,530;23,148;19,480;18,435;17,753;15,456;14,055;13,303;12,138;11,573;11,021;11,021;10,749;10,480;9,692;8,685;8,685;8,932;9,436;9,309;8,685;7,962;7,496;7,268;7,728;7,962;10,884;17,584;---;7,268;12,725;23,530
  12/1968;24,694;48,751;49,284;49,819;46,385;38,643;33,535;29,386;23,148;18,607;17,753;16,751;16,098;14,826;14,208;13,903;20,191;16,423;21,279;19,834;19,480;19,129;18,093;14,826;13,602;13,007;13,007;18,093;18,781;20,551;22,580;13,007;23,376;49,819
  01/1969;20,913;19,304;16,751;16,098;15,140;18,435;18,781;18,093;16,751;16,751;16,423;17,753;19,480;17,922;15,776;16,916;18,093;15,776;15,140;14,826;13,602;13,303;15,776;36,514;47,168;45,609;43,566;43,062;47,693;47,430;46,385;13,303;24,040;47,693
  02/1969;34,439;30,024;28,335;31,539;38,404;37,690;31,539;27,919;24,890;22,768;21,279;18,435;17,753;17,416;18,781;19,834;22,018;24,694;24,109;22,018;24,498;30,886;27,506;26,284;26,689;25,882;25,285;27,096;---;---;---;17,416;26,000;38,404
  03/1969;26,284;30,239;36,982;32,198;35,816;37,690;35,355;28,753;24,303;21,647;20,551;19,834;19,129;18,435;17,753;18,781;18,093;18,093;16,423;15,140;15,936;18,093;19,834;19,129;19,480;17,082;18,781;19,129;22,768;25,285;25,683;15,140;22,990;37,690
  04/1969;22,768;33,535;33,760;25,683;27,096;31,978;36,982;39,123;31,758;27,506;25,882;24,498;23,148;22,018;20,551;19,834;18,435;17,416;16,751;16,751;16,423;16,423;16,098;16,423;16,423;16,423;16,423;16,098;16,098;16,423;---;16,098;22,624;39,123
  05/1969;16,423;16,423;16,098;15,776;16,098;16,751;16,751;16,423;15,456;14,826;14,208;13,903;13,602;13,903;13,602;13,303;13,602;13,303;13,602;13,007;13,007;13,007;12,714;14,208;13,303;13,303;13,602;13,903;14,361;10,480;20,551;10,480;14,500;20,551
  06/1969;21,832;23,915;23,530;22,580;20,191;19,480;19,129;17,753;16,423;15,140;14,516;14,208;14,208;13,903;13,602;13,303;13,602;13,602;13,303;13,303;13,303;15,776;16,423;16,098;15,456;14,516;13,903;13,602;13,303;13,007;---;13,007;16,097;23,915
  07/1969;12,425;12,425;12,425;11,854;12,138;12,138;12,138;12,138;11,573;11,573;11,573;11,573;12,425;12,425;12,138;11,854;11,573;11,573;11,295;11,295;10,749;10,749;11,021;11,021;9,952;10,480;10,214;9,952;10,214;10,214;10,214;9,952;11,398;12,425
  08/1969;9,952;10,749;12,714;15,456;17,082;18,093;16,423;14,516;13,903;13,602;13,303;12,425;11,854;11,021;10,749;11,295;11,573;12,425;13,903;13,602;13,007;11,021;10,480;10,480;9,692;9,692;9,436;9,692;9,436;8,932;8,200;8,200;12,087;18,093
  09/1969;8,200;9,952;9,183;8,932;8,685;8,441;8,200;7,962;8,200;9,183;8,200;7,962;8,200;7,042;6,386;7,962;7,962;7,042;7,042;6,386;4,967;4,967;9,692;9,183;8,441;8,200;8,200;6,820;6,602;9,692;---;4,967;7,930;9,952
  10/1969;11,573;13,007;13,303;16,423;21,279;28,753;27,506;25,483;23,530;22,392;20,191;18,435;16,751;14,208;12,714;11,573;10,749;10,480;10,214;12,425;15,140;14,826;33,535;33,086;22,768;19,480;20,191;18,093;19,480;20,551;20,551;10,214;18,667;33,535
  11/1969;20,191;20,913;20,551;18,093;16,751;16,423;19,834;23,915;25,087;26,689;26,284;26,284;28,753;38,165;41,071;44,582;46,646;42,560;48,221;49,284;64,641;63,440;59,897;56,446;45,094;38,643;32,198;25,483;28,753;32,641;---;16,423;34,918;64,641
  12/1969;35,816;41,071;45,094;43,566;37,217;30,024;30,024;28,335;29,598;31,758;30,454;32,198;46,646;47,693;53,086;51,441;46,646;40,092;45,094;34,896;24,303;23,530;23,148;23,915;24,303;24,694;24,303;23,148;22,392;20,191;20,551;20,191;33,394;53,086
  01/1970;23,530;26,689;30,669;34,439;35,816;35,125;35,816;33,086;36,048;36,982;31,320;29,598;28,963;27,506;28,335;69,858;107,161;108,678;109,822;127,215;159,923;153,203;135,498;123,162;92,517;73,970;65,246;58,448;50,898;45,867;47,168;23,530;64,599;159,923
  02/1970;46,646;47,168;49,284;58,737;58,160;63,440;60,774;49,284;41,318;40,336;45,094;59,026;70,484;67,074;74,612;79,174;95,010;106,406;174,688;171,875;197,923;386,255;340,327;330,879;452,017;314,112;198,421;144,445;---;---;---;40,336;136,535;452,017
  03/1970;117,981;103,038;97,896;87,275;80,167;74,933;70,171;68,305;68,925;66,462;61,953;58,737;69,858;66,462;69,858;76,552;78,515;73,012;65,853;67,074;74,933;70,484;57,586;54,755;54,475;52,535;51,987;48,751;47,430;46,126;43,313;43,313;68,561;117,981
  04/1970;47,168;46,646;48,751;48,751;47,693;46,126;44,072;41,565;40,092;39,123;38,643;37,217;36,748;35,816;35,355;34,439;33,986;32,641;33,086;33,086;33,535;33,086;31,978;31,320;30,886;30,454;30,454;29,598;31,758;31,758;---;29,598;37,194;48,751
  05/1970;34,439;35,125;33,535;32,198;33,086;30,454;33,086;34,896;35,585;40,336;36,281;33,086;32,198;33,310;30,886;30,024;29,174;27,919;27,506;27,096;27,506;27,919;27,506;27,506;26,689;25,882;25,483;24,303;24,303;23,915;23,915;23,915;30,166;40,336
  06/1970;23,530;23,148;23,148;22,768;23,148;22,768;22,018;22,018;21,647;21,647;21,647;21,279;21,647;20,913;24,109;28,963;29,174;27,096;25,483;24,303;23,915;22,768;24,303;31,978;38,643;39,123;37,217;32,198;27,506;26,284;---;20,913;25,813;39,123
  07/1970;24,109;24,303;23,915;23,148;23,530;23,148;22,768;22,392;22,018;21,279;21,279;22,018;23,915;24,890;25,087;23,915;23,915;23,148;22,018;21,279;20,551;19,834;19,480;19,480;19,480;19,834;19,834;19,834;19,480;19,834;18,781;18,781;21,887;25,087
  08/1970;18,435;18,093;17,753;17,082;17,416;16,751;16,423;16,751;16,098;16,423;16,423;16,098;15,776;16,098;15,776;15,776;16,098;15,456;15,456;15,456;15,140;15,140;14,826;14,516;14,826;16,916;22,204;29,598;34,212;39,364;46,126;14,516;19,113;46,126
  09/1970;46,646;43,819;34,439;30,024;27,301;25,087;24,694;24,303;23,148;25,087;26,284;25,683;29,174;34,896;29,598;31,320;35,125;39,606;36,748;30,669;26,284;25,087;25,483;23,530;21,832;20,913;19,834;19,129;19,834;20,913;---;19,129;28,216;46,646
  10/1970;21,647;22,580;20,191;23,148;29,386;32,198;32,863;29,811;23,530;22,768;21,279;22,768;21,832;20,913;19,834;19,129;17,922;17,082;16,751;17,753;17,416;20,913;32,641;33,086;29,811;27,096;26,284;25,285;22,580;22,018;20,370;16,751;23,577;33,086
  11/1970;18,781;18,954;21,462;21,279;19,834;19,480;19,129;27,096;48,486;60,189;53,086;41,318;35,585;37,927;47,430;47,693;41,565;30,669;26,892;21,279;22,768;24,498;24,694;26,486;23,722;21,832;19,834;19,129;20,732;23,530;---;18,781;29,512;60,189
  12/1970;28,753;35,816;34,896;32,641;29,174;22,392;21,279;20,551;20,370;21,279;21,279;27,096;27,506;26,689;26,284;24,694;24,303;27,096;26,689;26,284;34,896;34,667;30,454;26,284;24,694;41,813;35,355;30,024;28,126;27,096;26,689;20,370;27,909;41,813
  01/1971;27,343;27,753;30,268;37,414;36,949;43,183;48,773;42,689;34,209;31,126;28,999;30,696;27,343;35,113;28,999;29,842;36,949;35,568;30,696;25,727;23,766;23,766;22,245;20,403;20,042;19,684;18,627;17,595;16,587;16,920;17,595;16,587;28,609;48,773
  02/1971;17,936;17,595;17,595;17,256;16,920;16,257;16,920;17,256;17,595;18,977;19,684;20,403;19,684;18,281;17,936;17,595;15,929;15,605;15,283;16,920;20,042;24,153;23,382;20,042;21,871;31,126;23,382;21,871;---;---;---;15,283;19,196;31,126
  03/1971;20,403;19,684;18,977;18,281;17,595;23,000;32,433;34,209;31,126;26,530;37,881;36,949;42,198;46,707;43,680;36,486;32,433;30,696;25,727;23,766;22,621;22,621;23,766;24,153;25,727;33,316;37,881;34,209;31,995;32,433;36,486;17,595;29,805;46,707
  04/1971;33,316;30,696;29,419;26,127;23,766;22,621;21,132;19,684;20,403;23,000;24,153;23,382;23,000;22,245;20,403;20,042;23,000;23,382;24,935;23,382;20,766;22,621;24,153;26,127;26,935;24,153;23,766;22,621;21,871;21,132;---;19,684;23,741;33,316
  05/1971;20,042;19,684;19,684;20,766;23,382;25,727;24,543;23,382;23,382;23,000;20,403;19,684;19,684;20,403;19,329;17,936;17,595;17,595;17,256;17,256;16,587;16,257;14,647;15,929;16,920;18,977;20,403;16,920;15,283;17,256;17,256;14,647;19,263;25,727
  06/1971;16,920;17,595;15,605;15,283;14,963;14,647;15,283;14,963;16,257;16,920;16,920;17,595;18,977;20,766;20,403;21,871;25,727;35,113;54,645;64,262;61,940;54,099;48,253;38,351;31,559;28,581;26,530;23,766;22,621;21,871;---;14,647;27,076;64,262
  07/1971;20,042;20,403;21,500;23,382;24,935;24,935;21,871;21,132;20,042;19,329;18,977;18,977;18,627;18,281;18,281;17,936;17,595;17,256;17,256;16,920;16,920;16,587;16,257;16,257;16,587;16,257;15,929;15,605;15,283;16,257;18,281;15,283;18,642;24,935
  08/1971;18,977;18,281;17,936;16,920;16,587;16,257;15,929;15,605;15,283;14,963;14,963;14,647;14,647;14,334;13,410;13,715;13,715;13,410;13,715;13,410;13,108;13,108;12,809;13,108;13,108;12,513;12,809;12,513;13,108;13,410;13,108;12,513;14,497;18,977
  09/1971;13,108;13,108;13,108;12,809;12,219;12,513;11,929;12,513;15,283;12,513;12,219;17,595;20,403;19,684;18,281;16,587;14,963;14,023;13,715;13,108;11,929;11,641;11,357;11,075;12,513;13,715;18,627;18,281;16,257;15,929;---;11,075;14,367;20,403
  10/1971;16,920;17,256;18,281;18,627;18,977;18,977;19,329;25,330;27,343;25,727;24,153;45,689;65,436;70,221;57,964;45,183;36,949;32,433;31,126;27,343;23,766;21,871;20,403;21,132;19,684;19,329;20,403;19,684;18,977;19,329;21,132;16,920;28,031;70,221
  11/1971;19,684;23,382;27,343;30,696;35,113;26,935;23,382;21,132;19,684;19,329;19,684;20,403;23,382;25,727;26,127;23,766;22,621;21,132;19,684;18,977;18,281;17,936;18,627;18,281;18,977;20,403;21,871;23,766;25,330;25,727;---;17,936;22,579;35,113
  12/1971;24,543;29,419;25,330;28,999;30,696;29,842;25,727;23,000;24,935;28,166;30,268;28,999;28,166;28,999;31,559;32,433;31,559;28,999;27,343;28,999;35,113;39,776;37,881;43,680;49,295;48,773;63,097;76,399;82,795;80,854;75,146;23,000;38,735;82,795
  01/1972;69,615;63,097;53,556;46,197;40,737;35,113;33,316;34,209;36,026;41,222;38,824;40,255;36,949;30,696;27,753;26,530;24,543;25,727;26,127;26,530;26,127;45,183;60,223;75,146;82,795;82,795;85,413;73,902;71,439;78,932;90,751;24,543;49,346;90,751
  02/1972;85,413;72,666;64,262;56,849;53,016;48,773;45,183;49,820;61,366;57,405;56,294;55,192;54,099;55,192;63,097;56,849;57,405;56,294;55,192;72,666;77,029;80,211;71,439;71,439;78,932;86,735;87,399;85,413;77,029;---;---;45,183;65,264;87,399
  03/1972;70,829;60,223;54,099;51,941;50,876;57,405;54,099;47,736;42,689;41,222;40,737;39,776;40,737;43,680;45,183;40,255;38,824;37,881;37,414;36,949;36,026;34,209;33,316;58,526;50,347;40,737;37,881;36,026;33,316;31,995;31,559;31,559;43,758;70,829
  04/1972;33,316;42,198;47,736;47,220;50,876;47,736;40,255;37,881;36,949;36,026;35,568;33,316;31,559;29,842;28,166;27,343;28,166;31,559;30,696;27,343;26,935;26,935;26,530;26,127;25,727;25,330;24,935;24,543;24,153;23,382;---;23,382;32,612;50,876
  05/1972;22,621;23,000;22,621;22,245;22,245;23,000;22,621;23,000;24,153;24,935;23,382;22,621;22,245;21,871;21,500;21,500;21,132;21,132;20,766;20,766;21,500;21,500;22,245;21,871;25,330;27,753;28,166;25,727;23,382;22,621;21,871;20,766;22,881;28,166
  06/1972;21,500;21,132;20,766;20,042;19,684;19,329;18,977;18,977;18,977;18,627;18,977;18,977;19,329;18,627;18,627;18,281;18,627;18,627;18,627;18,977;19,329;18,977;18,627;18,281;17,936;17,595;17,256;17,595;16,920;16,920;---;16,920;18,837;21,500
  07/1972;16,587;16,257;16,257;16,257;16,587;16,257;16,587;16,920;17,595;16,920;16,920;20,403;35,113;41,222;37,881;34,660;30,696;28,166;25,727;23,382;21,871;21,500;21,132;20,403;21,132;20,042;18,977;18,977;18,627;18,281;17,595;16,257;21,901;41,222
  08/1972;16,920;16,587;16,257;18,977;24,153;31,559;41,708;39,298;33,761;31,559;28,166;26,127;23,382;22,621;21,871;21,132;20,766;18,977;18,627;17,595;17,256;16,920;16,920;18,281;19,684;20,403;19,329;18,281;17,595;17,256;16,920;16,257;22,222;41,708
  09/1972;16,920;16,257;16,587;17,595;16,920;18,281;21,500;25,727;23,000;20,403;18,281;16,920;16,587;16,257;16,257;15,929;15,605;14,963;14,647;14,334;14,023;13,715;13,410;13,715;14,334;16,587;16,920;17,256;18,281;17,595;---;13,410;16,960;25,727
  10/1972;17,256;19,329;18,977;25,727;35,113;31,559;32,873;35,113;30,696;28,581;69,615;89,404;89,404;81,498;63,678;45,689;39,776;36,026;31,559;27,753;26,935;24,935;22,621;21,871;20,766;19,684;18,627;18,281;19,684;24,935;25,330;17,256;35,268;89,404
  11/1972;26,127;27,343;29,842;34,209;39,298;41,708;40,737;31,559;27,343;26,530;26,935;27,343;27,753;26,935;26,530;26,935;27,343;43,680;54,645;65,436;69,011;49,295;40,255;34,660;32,433;32,873;31,995;29,842;27,343;24,935;---;24,935;35,029;69,011
  12/1972;24,935;26,530;31,995;35,568;36,949;36,026;34,660;31,559;28,999;25,727;24,153;23,382;24,935;26,530;24,153;21,871;20,766;19,329;19,684;23,382;23,000;22,621;24,153;28,166;35,113;44,679;36,949;34,209;36,949;37,881;38,351;19,329;29,136;44,679
  01/1973;34,209;30,268;28,166;27,343;32,433;35,568;32,433;32,873;39,298;46,197;48,773;57,405;59,655;55,742;48,773;44,679;44,178;46,197;47,220;45,689;41,708;44,679;45,689;43,183;40,737;48,253;58,526;61,366;49,820;43,680;45,689;27,343;43,885;61,366
  02/1973;44,679;46,707;48,773;49,295;50,876;48,773;48,773;46,707;45,689;39,776;35,113;33,316;39,776;55,742;62,517;60,793;56,294;50,876;51,941;55,192;51,941;47,736;44,679;38,824;36,486;36,026;36,026;35,568;---;---;---;33,316;46,389;62,517
  03/1973;34,660;33,761;33,761;32,873;35,568;38,824;39,298;33,316;46,707;57,405;53,556;48,773;36,949;35,113;31,995;31,126;30,268;28,999;27,753;27,343;26,935;26,530;38,351;55,742;49,820;39,298;37,414;35,568;31,995;30,268;32,873;26,530;36,866;57,405
  04/1973;46,707;43,680;52,477;55,742;48,253;43,183;39,776;39,298;42,198;40,737;39,776;39,298;53,016;55,742;44,178;40,255;39,298;40,255;36,949;35,568;38,351;39,298;39,776;39,298;34,660;32,873;30,696;30,696;29,842;29,842;---;29,842;40,724;55,742
  05/1973;28,999;28,581;27,343;26,530;27,343;29,419;31,995;28,581;26,935;29,419;33,761;35,568;35,113;34,209;30,268;29,419;28,999;28,581;27,343;26,127;25,727;28,166;34,660;35,568;32,433;28,999;29,419;28,581;27,343;25,727;25,330;25,330;29,564;35,568
  06/1973;24,543;24,153;23,382;23,000;22,621;22,621;22,245;22,245;21,871;21,871;21,500;21,500;21,132;20,766;20,403;20,766;21,132;21,500;23,382;23,382;22,621;21,132;21,132;20,403;20,403;20,403;21,132;24,153;25,727;24,935;---;20,403;22,202;25,727
  07/1973;23,000;23,766;28,166;33,761;34,660;26,127;28,999;23,766;22,245;21,132;19,684;19,684;20,042;20,403;20,042;19,684;18,977;18,627;18,977;18,627;18,627;21,132;21,871;22,621;20,766;19,684;18,977;20,766;24,543;25,330;22,245;18,627;22,482;34,660
  08/1973;20,403;19,684;19,329;18,627;18,627;20,766;20,403;20,042;19,329;18,627;17,936;17,256;16,920;16,587;16,257;16,920;16,587;16,257;16,257;15,929;15,605;15,605;15,283;15,283;14,963;14,963;14,963;14,647;14,647;14,334;14,334;14,334;17,012;20,766
  09/1973;14,647;16,587;19,684;21,871;21,500;18,627;17,256;16,257;15,605;15,605;15,283;15,283;14,963;14,334;14,963;15,605;15,605;15,283;14,963;14,023;13,410;13,108;12,809;13,108;12,809;13,108;13,715;14,023;14,334;13,715;---;12,809;15,403;21,871
  10/1973;13,715;13,410;13,108;12,513;12,219;12,809;13,108;13,715;18,281;20,403;32,873;44,679;52,477;38,351;28,166;25,330;21,871;20,403;20,403;19,684;23,382;21,132;18,977;16,920;16,257;15,283;21,500;19,684;20,403;20,042;20,403;12,219;16,717;52,477
  11/1973;32,433;43,680;40,737;36,026;31,126;28,581;24,935;23,382;21,132;18,977;18,281;16,920;25,330;31,559;29,419;27,343;23,000;35,113;59,655;56,294;48,253;39,776;34,209;31,559;33,316;28,999;26,127;24,935;23,382;21,500;---;16,920;31,199;59,655
  12/1973;21,132;19,329;18,977;20,403;27,343;42,689;39,776;48,253;69,011;65,436;63,097;51,407;38,824;43,680;50,876;44,679;37,881;36,026;44,679;54,645;70,221;78,295;78,932;76,399;79,570;67,811;56,294;51,941;47,220;53,016;69,615;18,977;50,563;79,570
  01/1974;86,735;96,224;101,830;90,076;77,661;67,811;55,742;55,192;63,097;64,262;69,011;71,439;75,146;83,446;87,399;86,073;99,010;99,010;95,532;90,751;83,446;75,772;67,214;60,793;53,556;55,192;58,526;71,439;82,795;86,735;89,404;53,556;77,430;101,830
  02/1974;85,413;77,661;75,772;70,221;58,526;51,941;48,773;47,736;44,679;41,708;39,776;41,708;39,776;40,737;39,776;36,026;35,113;39,776;45,689;43,183;39,298;43,680;43,680;41,708;37,881;37,414;36,026;32,433;---;---;---;32,433;47,004;85,413
  03/1974;31,559;30,696;32,433;34,209;31,559;29,419;28,581;34,209;39,776;40,737;37,881;38,824;41,708;40,737;41,222;44,679;39,776;45,183;49,820;64,262;68,410;73,283;71,439;72,666;70,221;61,366;63,678;56,294;47,736;43,680;39,298;28,581;46,624;73,283
  04/1974;38,824;36,486;38,824;42,689;57,964;54,099;43,680;37,881;36,026;35,113;34,660;33,316;34,209;34,660;36,026;34,209;32,433;30,696;29,842;29,419;28,999;28,999;28,581;28,166;28,999;29,842;30,696;31,126;29,842;28,999;---;28,166;34,844;57,964
  05/1974;28,166;28,166;27,753;27,343;26,935;26,127;25,727;24,935;25,727;25,330;24,935;24,153;23,382;24,935;25,727;24,153;22,621;23,000;23,382;24,153;23,766;23,382;23,000;22,621;22,245;21,871;21,871;21,500;22,621;24,153;22,621;21,500;24,397;28,166
  06/1974;21,871;21,500;21,871;21,871;21,500;21,132;21,871;22,621;22,621;22,245;22,621;28,999;40,737;38,824;30,696;28,581;26,127;25,727;23,766;23,382;22,621;23,382;25,727;26,127;39,298;50,876;51,941;45,689;39,298;37,414;---;21,132;29,031;51,941
  07/1974;33,316;29,842;27,753;26,530;24,935;23,382;22,621;22,245;21,871;21,500;21,132;21,132;20,766;19,684;20,766;19,684;19,329;20,042;18,281;18,977;18,627;17,936;18,627;18,281;17,936;18,281;17,595;17,595;18,281;17,595;17,256;17,256;21,026;33,316
  08/1974;17,256;17,595;16,920;15,929;15,605;15,929;15,605;14,963;15,283;14,963;15,283;15,605;15,929;15,605;14,963;16,257;15,929;16,257;15,929;14,963;14,647;14,334;13,715;13,410;13,108;13,108;13,108;13,108;12,513;12,809;13,108;12,513;14,959;17,595
  09/1974;13,108;12,809;13,715;14,963;15,605;14,334;13,715;13,410;13,108;12,809;12,513;11,929;10,797;11,075;11,357;11,075;10,797;10,248;9,712;10,248;11,357;12,513;12,809;12,219;11,357;10,248;9,712;9,979;15,605;19,329;---;9,712;12,415;19,329
  10/1974;17,936;16,587;16,587;17,595;22,245;21,132;18,627;16,587;14,963;13,715;12,513;12,219;11,641;11,929;10,797;10,521;10,248;10,248;10,797;10,797;11,075;12,513;12,809;11,641;11,357;11,929;12,809;14,963;25,727;47,736;48,773;10,248;16,420;48,773
  11/1974;33,316;23,382;18,281;16,587;14,963;16,587;14,647;15,605;14,647;13,108;12,809;11,929;12,219;12,513;13,715;14,334;13,715;12,513;11,357;9,979;12,809;24,935;39,776;45,689;32,433;24,935;21,500;29,842;30,268;29,842;---;9,979;19,941;45,689
  12/1974;28,166;27,343;30,696;29,419;29,419;28,999;29,419;28,999;26,127;21,871;20,042;20,042;20,403;21,132;28,581;31,126;29,842;35,568;50,876;56,294;53,016;51,941;49,295;73,902;87,399;85,413;91,428;106,122;82,795;66,619;63,097;20,042;45,335;106,122
  01/1975;63,678;73,283;63,097;57,964;51,941;47,220;43,183;41,222;38,351;36,486;36,949;40,255;48,253;59,655;82,145;73,902;69,615;61,940;49,820;43,680;38,824;36,026;34,209;32,873;33,316;32,873;31,126;28,999;28,166;27,753;30,268;27,753;46,357;82,145
  02/1975;30,268;31,995;43,183;53,556;75,772;86,073;88,733;81,498;86,073;88,065;81,498;64,848;51,941;45,689;55,192;66,026;49,295;40,737;38,351;43,183;50,347;49,295;52,477;51,407;48,773;47,736;48,253;60,223;---;---;---;30,268;57,517;88,733
  03/1975;66,026;70,221;80,211;77,661;61,940;49,295;43,680;42,689;45,183;42,198;41,708;36,949;35,113;34,209;33,316;32,433;31,126;29,842;28,999;28,999;28,166;28,999;30,696;29,842;35,113;42,689;39,298;32,873;29,842;30,268;31,126;28,166;40,991;80,211
  04/1975;32,873;33,316;35,113;31,126;29,842;27,753;27,753;27,343;26,935;28,581;31,126;30,696;29,842;27,343;27,343;28,999;31,126;28,999;26,935;26,127;26,127;26,127;25,727;24,935;25,330;23,382;23,000;23,000;23,000;22,621;---;22,621;27,747;35,113
  05/1975;22,621;22,621;22,621;23,000;23,000;26,530;27,343;26,935;26,935;26,530;23,382;23,000;22,621;22,621;22,245;22,245;20,403;19,684;19,684;19,684;19,684;19,329;19,329;18,977;18,977;19,329;18,977;18,627;18,281;18,281;17,936;17,936;21,659;27,343
  06/1975;18,281;18,281;18,281;18,281;18,281;18,281;18,281;18,281;18,281;17,595;17,595;16,920;16,257;16,257;16,920;16,587;16,587;16,257;15,605;16,257;16,257;16,257;15,929;16,257;15,605;15,929;15,605;15,283;15,929;15,929;---;15,283;16,878;18,281
  07/1975;15,929;15,929;16,257;21,132;20,042;20,042;18,977;17,595;16,587;16,257;15,929;15,929;15,605;15,605;15,283;15,283;15,929;16,257;16,257;15,929;15,605;15,605;15,605;15,283;14,647;14,963;14,963;14,334;14,334;13,715;14,023;13,715;16,124;21,132
  08/1975;14,647;14,647;13,410;13,108;12,809;12,809;12,513;12,513;12,513;12,809;12,513;11,929;11,929;12,219;11,357;11,357;11,357;11,075;10,521;11,075;11,075;11,075;10,797;10,521;10,248;10,248;10,248;9,979;9,712;9,712;11,075;9,712;11,671;14,647
  09/1975;9,979;9,712;9,712;9,712;9,448;9,188;9,712;9,448;9,448;8,424;7,931;7,931;7,931;8,176;8,424;8,176;7,931;7,931;7,931;7,931;7,931;7,931;9,188;9,979;8,930;7,450;7,931;9,188;9,188;11,075;---;7,450;8,796;11,075
  10/1975;13,108;13,715;15,929;15,605;13,108;19,329;17,936;18,977;28,999;26,530;21,132;21,871;26,530;26,530;20,766;18,627;16,587;16,257;15,929;16,587;18,627;17,256;14,963;13,108;14,647;14,647;11,357;10,797;11,929;10,248;11,929;10,248;17,212;28,999
  11/1975;13,410;15,929;19,684;18,977;17,256;15,283;13,410;14,647;14,963;14,963;14,023;14,647;16,587;17,256;14,647;12,513;12,219;12,219;12,219;13,410;26,530;23,382;22,245;29,419;33,316;43,183;54,099;60,223;63,097;69,615;---;12,219;24,112;69,615
  12/1975;58,526;64,262;53,556;41,222;33,761;30,696;27,753;26,935;26,530;31,559;31,126;36,949;49,820;85,413;82,145;73,902;69,615;53,556;46,707;43,680;41,222;34,209;33,316;40,737;54,099;67,214;80,854;89,404;88,065;83,446;70,829;26,530;53,262;89,404
  01/1976;53,556;45,689;41,222;39,776;37,414;37,881;43,680;58,526;64,262;61,366;53,556;50,347;53,556;42,198;37,881;37,414;33,316;33,761;33,761;35,568;39,298;40,255;35,113;32,873;31,126;29,842;35,113;35,568;35,113;33,761;40,737;29,842;41,404;64,262
  02/1976;46,197;53,556;59,089;60,223;64,848;64,262;106,122;127,899;127,120;120,959;118,682;112,698;93,471;63,678;51,407;46,197;45,183;48,253;50,876;52,477;57,405;54,645;57,964;67,811;69,615;72,666;80,854;95,532;109,755;---;---;45,183;75,153;127,899
  03/1976;120,198;124,795;130,248;104,683;88,733;75,772;68,410;65,436;61,366;55,742;53,016;61,366;63,678;62,517;59,089;58,526;57,964;51,941;54,099;88,733;97,613;87,399;69,011;63,097;83,446;82,145;73,902;73,283;67,811;66,026;63,097;51,941;75,263;130,248
  04/1976;55,192;49,820;46,707;46,197;44,178;44,679;43,183;40,737;39,776;42,198;44,178;51,941;71,439;85,413;92,788;96,917;96,917;82,795;64,848;56,294;51,407;48,253;47,220;47,736;46,197;44,178;42,689;41,222;40,255;39,776;---;39,776;54,838;96,917
  05/1976;38,824;39,776;37,414;36,486;37,414;36,486;36,486;36,026;35,113;38,824;38,351;41,222;40,255;42,198;38,351;36,026;35,568;35,568;38,824;46,707;52,477;55,742;51,407;46,707;42,198;40,255;38,824;45,183;77,661;92,107;86,073;35,113;44,986;92,107
  06/1976;80,854;67,214;53,016;47,736;43,680;90,076;97,613;88,733;76,399;67,214;59,089;57,964;56,849;51,941;50,876;49,295;46,707;45,183;42,198;40,737;39,776;38,351;37,414;36,486;36,486;36,026;35,568;35,568;34,660;34,209;---;34,209;52,597;97,613
  07/1976;33,761;43,183;86,073;111,222;103,967;101,830;94,156;66,619;59,089;61,366;61,940;62,517;57,964;50,876;48,773;46,197;43,680;42,689;41,222;40,737;39,298;39,776;39,298;38,824;38,351;36,949;36,486;34,209;35,113;34,660;33,761;33,761;53,696;111,222
  08/1976;33,761;32,873;32,873;32,433;32,433;33,761;33,316;34,660;33,761;34,660;37,414;42,198;48,253;58,526;57,405;51,941;44,679;41,222;40,255;41,708;44,679;49,295;50,876;44,679;40,255;38,351;36,026;34,660;32,433;32,873;32,433;32,433;39,829;58,526
  09/1976;31,995;31,559;31,126;30,268;29,842;32,873;40,737;72,051;77,029;72,666;62,517;50,876;48,253;79,570;73,902;73,283;70,829;67,811;59,655;50,876;47,736;44,178;44,679;43,680;42,198;41,222;50,876;88,065;91,428;93,471;---;29,842;55,842;93,471
  10/1976;92,107;72,666;55,742;49,295;45,183;45,689;43,183;41,222;40,255;49,295;50,876;51,941;45,689;41,708;37,881;36,949;36,026;36,026;38,824;37,881;37,414;36,026;36,026;36,026;38,824;40,255;50,347;45,689;42,198;37,414;36,026;36,026;44,667;92,107
  11/1976;45,183;44,679;38,351;36,026;36,949;48,773;50,876;43,680;37,414;36,486;36,026;34,660;37,414;38,824;37,414;35,568;47,736;45,689;45,689;52,477;77,661;86,073;77,029;67,811;56,849;50,876;48,773;49,295;47,736;50,876;---;34,660;48,096;86,073
  12/1976;45,689;42,689;46,197;49,820;49,295;49,295;45,183;53,016;75,772;65,436;54,645;48,773;47,736;44,679;44,178;54,645;53,016;55,742;57,964;61,366;56,294;50,876;55,192;67,811;67,811;71,439;69,615;69,011;71,439;66,619;56,294;42,689;56,372;75,772
  01/1977;51,407;48,253;46,197;44,679;46,707;54,099;66,026;77,029;73,902;58,526;49,820;47,220;44,178;41,222;42,689;42,198;41,708;43,183;58,526;86,073;88,733;89,404;81,498;64,848;54,645;56,849;69,615;69,615;70,829;72,051;84,755;41,222;60,209;89,404
  02/1977;96,224;93,471;86,073;73,902;62,517;55,192;50,347;53,016;55,742;52,477;46,707;44,178;43,183;42,198;40,255;39,298;40,255;37,881;36,486;36,949;38,824;37,881;36,949;36,026;39,776;38,351;38,351;36,486;---;---;---;36,026;49,607;96,224
  03/1977;34,660;33,316;32,873;35,113;36,026;41,708;40,737;38,351;36,949;37,881;36,486;35,113;32,873;33,316;32,433;33,316;34,660;32,433;34,209;38,824;41,708;64,262;61,940;54,099;48,253;45,183;49,295;55,192;58,526;64,848;64,262;32,433;42,543;64,848
  04/1977;61,940;57,405;54,099;53,556;57,964;57,964;55,742;49,820;49,295;54,645;61,366;55,192;47,736;43,680;41,222;39,776;37,881;37,881;67,214;64,262;78,295;80,854;77,029;71,439;65,436;55,192;49,295;45,183;42,689;40,737;---;37,881;55,160;80,854
  05/1977;39,298;38,351;38,351;37,881;36,949;36,026;35,113;34,660;34,209;33,316;32,873;32,433;31,995;31,559;31,126;31,559;33,316;32,873;32,873;31,559;31,559;30,268;30,268;30,268;29,419;29,419;28,581;29,419;28,999;28,999;28,581;28,581;32,648;39,298
  06/1977;28,166;28,166;27,753;28,581;45,689;51,407;46,707;38,824;34,209;32,873;31,126;29,419;28,999;28,166;27,753;26,127;25,727;26,935;26,935;26,530;26,127;25,727;24,935;24,935;25,727;27,343;26,127;26,127;25,330;24,935;---;24,935;29,914;51,407
  07/1977;23,382;23,000;22,621;23,000;23,000;23,000;23,000;22,621;22,245;22,621;22,245;22,245;22,245;21,871;21,871;21,132;21,132;21,132;19,329;21,132;21,871;21,132;20,766;19,329;20,403;21,500;20,042;20,042;19,329;18,977;18,627;18,627;21,447;23,382
  08/1977;18,281;18,977;18,281;17,595;18,627;18,281;17,595;17,595;17,595;17,256;16,920;16,920;16,587;16,587;16,587;16,587;16,257;17,936;15,929;15,283;15,283;15,283;15,283;15,283;14,647;15,283;14,647;14,647;14,963;15,929;18,627;14,647;16,631;18,977
  09/1977;19,329;19,684;18,281;17,256;17,256;17,595;26,127;36,486;39,298;30,268;25,727;21,500;19,329;18,627;17,256;16,257;15,605;13,715;16,257;16,587;16,587;16,920;21,500;34,660;28,166;25,727;21,871;19,684;16,920;16,257;---;13,715;21,358;39,298
  10/1977;15,929;26,935;42,689;40,255;31,126;24,153;22,621;21,500;19,684;17,595;16,920;18,977;16,257;14,647;15,605;17,936;16,920;16,920;15,283;19,684;16,920;15,929;15,283;14,963;13,108;11,641;14,334;14,334;13,410;15,605;16,587;11,641;19,153;42,689
  11/1977;16,257;17,595;18,627;17,936;15,605;14,334;17,595;15,605;14,647;14,023;13,108;15,929;17,256;18,281;20,766;40,255;41,708;38,351;30,268;26,530;24,935;25,330;24,153;24,153;27,343;30,268;38,351;32,873;36,026;33,761;---;13,108;24,062;41,708
  12/1977;49,820;61,940;62,517;60,223;65,436;66,619;60,223;46,707;43,680;40,737;76,399;74,523;61,366;51,407;45,689;39,298;34,660;30,696;32,873;34,660;39,776;50,876;57,405;56,294;50,876;44,178;40,255;36,949;34,660;31,126;34,209;30,696;48,906;76,399
  01/1978;30,268;43,183;39,298;34,660;34,209;33,316;35,568;38,824;37,881;36,486;39,776;39,776;48,773;47,220;41,222;48,773;50,876;43,680;37,881;33,316;31,559;36,486;46,707;51,407;49,295;38,351;41,708;43,680;34,660;33,761;30,268;30,268;39,770;51,407
  02/1978;29,419;27,753;26,127;25,330;24,935;26,935;25,727;26,127;25,330;24,153;23,000;23,000;27,343;30,696;32,433;27,343;27,343;29,419;34,660;32,873;30,268;37,881;59,655;55,742;45,183;46,707;39,776;33,761;---;---;---;23,000;32,104;59,655
  03/1978;29,842;27,753;26,530;35,113;43,183;45,183;47,736;55,192;64,262;63,097;60,223;48,253;41,708;37,881;34,660;32,873;30,268;28,999;27,343;26,935;25,727;24,935;24,153;23,766;24,543;23,382;27,343;26,127;24,935;26,935;26,935;23,382;35,026;64,262
  04/1978;25,330;25,330;24,543;24,153;23,766;22,245;21,500;21,132;20,403;21,132;20,766;20,766;20,042;19,684;19,684;19,329;19,684;18,977;18,977;19,329;18,627;20,766;21,132;24,153;20,766;18,627;19,329;17,936;17,936;17,256;---;17,256;20,777;25,330
  05/1978;17,595;17,936;17,595;17,595;16,920;16,920;15,929;16,587;15,929;15,283;15,605;14,963;14,334;14,647;15,929;15,283;20,403;22,621;26,127;26,530;26,530;26,127;27,343;24,153;20,403;19,684;18,627;17,936;17,595;17,595;17,595;14,334;18,978;27,343
  06/1978;17,256;17,595;18,281;17,595;17,595;16,920;15,929;16,257;32,873;43,680;44,178;35,113;29,419;28,166;25,330;22,621;21,132;17,595;18,977;17,936;17,256;16,257;17,256;16,257;16,587;18,627;17,256;16,257;15,605;15,283;---;15,283;21,370;44,178
  07/1978;14,963;14,963;14,647;14,963;14,647;14,334;13,715;14,334;14,023;14,963;14,334;13,410;13,715;13,410;14,023;19,684;24,543;22,621;20,042;22,245;24,543;26,127;33,316;31,995;27,343;24,543;22,245;21,132;19,329;17,936;17,936;13,410;19,033;33,316
  08/1978;17,595;15,605;15,929;14,647;14,963;14,023;14,963;13,108;13,108;13,108;12,809;12,809;12,513;14,023;12,809;12,513;12,219;13,108;12,219;11,929;13,108;11,641;11,929;11,641;11,357;11,929;14,334;12,219;11,075;10,797;10,797;10,797;13,059;17,595
  09/1978;11,641;11,929;14,023;13,410;13,410;15,283;15,283;14,023;14,023;13,108;12,809;11,357;10,797;10,521;10,521;10,248;10,248;12,219;11,929;11,929;12,219;11,075;9,979;9,448;10,248;8,424;8,676;8,676;8,176;8,176;---;8,176;11,460;15,283
  10/1978;8,424;7,931;8,676;8,176;7,931;9,188;8,676;8,676;5,867;7,931;8,176;7,931;6,982;8,424;8,176;8,676;8,424;8,424;18,977;20,042;16,920;17,256;13,715;10,521;10,521;9,712;8,176;7,450;8,424;12,219;14,023;5,867;10,150;20,042
  11/1978;20,766;23,382;17,595;21,500;23,382;21,500;17,595;18,977;26,127;26,530;30,268;32,433;31,559;33,316;30,696;27,753;38,351;37,414;28,999;24,543;24,543;36,486;51,941;50,347;42,689;34,660;31,126;43,183;57,405;44,178;---;17,595;31,641;57,405
  12/1978;34,660;30,268;26,530;24,153;20,766;21,132;18,281;19,329;33,761;50,876;54,645;54,645;46,197;34,660;30,268;27,343;31,995;30,268;26,935;23,766;22,245;22,245;19,329;17,595;19,329;21,132;29,419;60,223;69,615;70,829;53,556;17,595;33,742;70,829
  01/1979;65,436;55,192;63,097;60,793;50,347;41,222;36,486;32,873;29,419;27,343;24,935;31,126;33,316;28,999;26,530;24,543;23,000;21,132;20,042;20,042;22,245;29,419;36,949;36,026;30,268;32,873;33,316;29,842;31,126;33,316;44,679;20,042;34,707;65,436
  02/1979;46,707;41,708;33,316;29,419;28,166;27,343;27,753;28,166;24,935;25,727;28,581;32,873;40,255;40,737;49,820;54,645;55,742;55,192;44,679;47,220;42,689;40,737;42,689;41,222;42,198;38,824;33,316;36,486;---;---;---;24,935;38,612;55,742
  03/1979;36,026;34,660;29,842;28,581;31,126;28,999;26,935;27,343;26,935;24,935;38,824;36,026;44,679;57,964;47,736;44,679;42,198;36,026;32,873;33,761;31,126;28,581;28,999;26,935;42,689;50,876;45,183;36,486;35,113;32,873;29,842;24,935;35,447;57,964
  04/1979;27,753;26,127;25,330;25,727;38,351;49,820;46,707;42,198;35,113;31,126;28,999;27,753;25,727;24,935;23,766;24,153;23,382;21,871;22,621;22,621;21,871;22,245;21,500;20,042;21,132;21,132;23,000;21,871;24,543;29,842;---;20,042;27,375;49,820
  05/1979;33,316;30,268;27,753;32,433;53,556;59,655;53,016;46,707;48,253;41,708;37,414;33,761;31,126;31,995;30,696;28,999;27,343;26,127;24,935;24,153;23,766;23,766;23,000;23,000;22,621;23,000;18,627;20,042;21,500;27,343;29,842;18,627;31,604;59,655
  06/1979;30,268;26,935;24,153;24,543;23,000;22,621;22,245;21,500;21,500;21,500;21,500;21,132;20,766;20,403;19,684;20,766;20,403;20,403;20,403;19,684;20,042;19,329;18,977;18,627;19,684;18,977;18,281;18,281;18,627;17,936;---;17,936;21,072;30,268
  07/1979;18,281;18,627;17,936;18,281;18,627;18,281;18,281;17,936;17,936;18,627;20,766;20,766;21,500;18,977;17,936;17,936;17,256;17,256;16,920;21,500;24,935;24,543;24,153;21,132;20,042;22,245;22,245;19,684;19,329;19,329;17,936;16,920;19,652;24,935
  08/1979;17,936;16,920;16,587;16,587;16,587;15,605;16,257;15,283;14,963;14,963;14,963;14,334;18,627;22,245;24,935;26,530;22,245;23,766;23,000;29,842;30,268;30,696;24,153;22,245;21,132;19,329;20,042;19,684;20,042;19,329;17,595;14,334;20,216;30,696
  09/1979;17,256;16,587;17,595;18,281;21,500;19,329;18,281;18,281;16,920;16,920;16,587;17,936;18,281;18,977;24,543;29,419;32,433;34,660;34,660;31,995;28,581;26,935;28,166;29,842;26,935;24,935;23,766;21,132;19,329;18,627;---;16,587;22,956;34,660
  10/1979;18,627;17,256;17,595;19,329;24,935;26,935;30,268;39,776;57,405;60,793;53,016;40,737;35,113;33,761;33,316;31,126;30,268;28,166;24,543;22,621;20,766;20,766;19,684;18,627;18,281;17,595;17,256;16,920;16,920;17,936;19,329;16,920;27,409;60,793
  11/1979;21,132;26,935;29,842;30,696;34,660;31,126;26,127;22,621;23,000;31,126;49,295;55,742;53,556;43,183;38,351;39,298;33,316;28,166;26,530;24,543;22,621;21,500;22,621;26,127;34,209;45,689;45,689;39,298;33,761;30,268;---;21,132;33,034;55,742
  12/1979;26,935;25,330;27,753;27,753;37,881;34,209;30,268;27,753;25,330;25,330;33,316;35,568;38,824;34,660;30,696;35,113;41,708;39,298;34,209;29,419;29,419;34,660;44,679;60,223;61,940;60,793;64,262;66,026;62,517;57,405;47,220;25,330;39,693;66,026
  01/1980;47,220;58,526;52,477;43,680;36,026;34,209;32,433;33,761;31,995;35,568;35,568;46,197;54,645;51,407;48,253;43,680;39,776;49,295;73,902;83,446;97,613;111,959;97,613;78,295;72,666;74,523;74,523;69,011;62,517;57,405;48,253;31,995;57,305;111,959
  02/1980;45,689;46,197;45,689;44,178;41,222;40,255;38,351;38,351;37,414;36,486;35,568;33,316;32,433;32,433;35,568;36,026;36,486;36,486;45,183;47,220;52,477;53,016;47,736;45,689;62,517;77,029;73,283;69,615;65,436;---;---;32,433;45,909;77,029
  03/1980;60,223;54,099;46,707;41,708;38,351;36,486;36,026;35,568;36,486;36,949;40,255;50,347;48,773;50,347;51,407;50,876;56,849;58,526;56,849;54,645;47,220;41,222;37,414;36,026;34,209;31,995;31,559;30,696;29,842;29,419;29,419;29,419;42,597;60,223
  04/1980;28,581;29,419;40,255;55,192;78,932;86,073;86,735;88,065;77,661;61,366;48,773;48,253;55,192;72,051;78,932;81,498;79,570;76,399;69,615;56,849;49,820;46,197;42,689;40,737;39,298;38,351;36,949;36,026;35,568;36,949;---;28,581;56,733;88,065
  05/1980;34,209;35,568;34,660;35,568;36,486;34,209;32,873;31,995;31,559;31,559;31,126;31,126;30,696;31,126;31,126;29,842;28,999;28,999;29,419;28,166;28,999;28,581;29,419;28,999;28,999;28,166;27,753;26,935;26,530;26,530;26,127;26,127;30,527;36,486
  06/1980;26,127;25,727;26,530;28,581;28,166;28,581;26,935;26,127;25,727;24,153;23,766;24,153;23,766;24,153;24,153;24,153;22,245;21,871;21,132;21,132;20,766;21,132;21,871;21,132;23,766;32,873;59,089;62,517;47,736;32,873;---;20,766;28,031;62,517
  07/1980;27,753;25,727;24,935;23,382;23,382;22,245;21,871;21,871;21,132;20,766;20,766;21,132;20,766;20,042;20,403;19,684;18,977;19,329;18,627;18,977;19,329;18,627;18,627;18,627;18,977;18,627;16,587;18,281;16,920;17,256;17,936;16,587;20,373;27,753
  08/1980;17,936;17,595;17,256;17,256;16,587;16,587;16,587;16,587;16,257;16,257;15,605;15,929;15,929;15,605;15,605;16,257;16,587;17,595;17,256;16,257;16,587;16,257;15,605;15,283;15,283;17,936;21,500;20,042;16,587;16,257;15,929;15,283;16,735;21,500
  09/1980;15,605;15,283;14,334;14,647;13,410;13,108;13,108;13,715;12,513;12,219;11,929;12,513;12,219;13,108;12,513;11,929;12,513;13,108;14,023;15,929;20,042;24,935;24,543;21,500;17,936;14,647;14,647;13,715;13,715;13,410;---;11,929;14,894;24,935
  10/1980;13,410;12,809;12,219;13,410;12,809;11,075;12,219;10,797;15,605;16,587;17,595;21,132;22,621;22,621;20,766;17,595;15,929;15,283;14,023;14,023;11,357;11,357;11,357;10,248;9,979;11,641;11,357;8,424;8,176;10,521;10,797;8,176;13,798;22,621
  11/1980;11,929;12,219;9,979;9,188;10,248;9,188;9,188;18,627;24,543;28,166;32,873;30,696;27,343;28,999;23,766;15,283;13,410;14,023;12,513;19,329;32,433;24,935;19,329;22,621;23,766;23,000;23,000;17,936;21,871;22,245;---;9,188;19,755;32,873
  12/1980;33,316;57,405;69,011;75,146;72,051;66,619;50,347;46,707;39,776;41,222;36,486;36,026;50,876;61,940;61,940;57,964;48,773;36,949;31,559;27,343;26,127;28,999;31,559;38,351;35,113;31,995;30,268;34,209;37,414;44,178;44,178;26,127;44,640;75,146
  01/1981;39,776;39,776;34,660;36,949;43,680;56,849;60,223;48,773;39,298;37,414;38,351;42,198;66,026;89,404;121,722;143,078;145,540;150,515;153,029;141,447;142,261;139,823;93,471;85,413;72,051;66,026;58,526;55,192;---;---;---;---;---;---
  02/1981;---;---;---;---;---;---;---;---;---;---;---;---;---;---;---;---;---;---;---;---;---;---;---;---;---;28,166;28,999;28,166;---;---;---;---;---;---
  03/1981;26,127;23,000;23,000;23,382;26,127;30,268;41,708;48,253;38,351;31,126;27,343;26,935;25,330;24,153;21,132;22,245;29,419;35,568;34,209;31,126;27,343;27,343;26,127;23,382;22,621;23,382;23,000;24,543;28,166;29,842;34,660;21,132;28,362;48,253
  04/1981;36,949;30,696;27,753;27,753;27,753;28,166;31,559;27,753;27,753;24,153;23,000;22,621;21,132;20,042;21,500;23,766;25,727;26,935;25,330;22,245;21,871;22,621;21,132;21,500;21,871;23,382;22,245;21,132;20,766;20,403;---;20,042;24,650;36,949
  05/1981;20,042;20,042;20,042;20,403;21,871;24,935;23,382;21,871;19,684;18,977;19,329;19,329;18,281;17,936;17,936;17,936;16,920;17,256;17,256;17,256;17,595;17,595;17,936;17,595;17,595;17,256;17,595;17,595;17,936;17,936;17,595;16,920;18,868;24,935
  06/1981;17,595;17,595;17,936;17,936;18,281;21,871;25,727;26,127;24,935;23,766;22,245;19,329;18,281;17,936;18,281;17,595;17,595;17,936;17,936;17,936;17,595;17,595;17,256;17,256;16,257;16,257;15,929;15,929;14,647;14,647;---;14,647;18,674;26,127
  07/1981;14,963;14,963;14,963;16,257;16,257;16,257;16,257;16,257;16,257;16,257;15,929;15,283;14,334;13,410;13,410;14,334;13,410;13,410;14,023;14,023;13,715;13,715;13,410;14,023;14,647;14,647;14,334;14,334;14,334;13,108;13,410;13,108;14,643;16,257
  08/1981;13,715;13,410;13,108;13,108;13,715;15,283;13,715;14,334;12,809;11,075;10,797;10,797;12,513;13,108;13,108;12,513;11,929;12,809;12,513;13,108;13,410;12,809;11,929;12,219;11,929;11,929;11,929;11,075;11,357;12,219;10,521;10,521;12,542;15,283
  09/1981;9,448;9,188;9,188;10,797;9,712;12,219;10,248;9,979;9,448;10,797;10,521;10,521;10,521;8,176;9,979;9,712;9,979;9,188;9,188;9,188;7,931;9,448;9,188;9,188;8,176;7,689;8,176;8,676;8,676;9,188;---;7,689;9,478;12,219
  10/1981;8,676;8,930;8,930;8,930;7,450;8,676;10,248;12,219;12,513;12,219;11,929;9,188;9,448;9,188;10,521;18,281;17,595;16,257;16,587;22,621;29,419;17,595;15,605;12,513;11,929;9,448;19,684;26,935;30,696;45,689;59,089;7,450;16,742;59,089
  11/1981;44,178;38,824;26,127;26,935;32,433;27,343;20,766;21,132;20,403;24,153;28,166;24,153;25,330;24,543;20,042;20,403;18,977;14,647;11,075;28,581;32,433;20,403;16,920;14,963;14,023;13,410;15,283;12,809;12,513;11,641;---;11,075;22,087;44,178
  12/1981;16,920;17,256;22,245;22,245;22,245;23,382;34,660;31,995;40,737;60,223;62,517;57,405;48,253;37,881;36,026;36,949;57,405;43,183;44,679;39,298;36,486;39,776;34,660;32,433;32,873;33,316;32,873;31,559;30,696;29,842;29,419;16,920;36,111;62,517
  01/1982;29,842;57,405;61,940;53,556;39,776;31,559;17,936;17,936;25,727;36,949;45,689;62,517;42,198;30,268;23,382;21,132;19,329;17,256;17,595;16,920;19,684;19,684;27,343;48,253;29,419;22,245;20,766;23,382;28,166;26,127;23,766;16,920;30,895;62,517
  02/1982;23,382;34,209;43,680;39,298;36,026;42,198;43,680;36,026;36,486;30,268;24,153;19,329;17,595;15,929;14,963;15,929;12,219;14,023;13,715;13,715;15,929;14,963;15,929;17,256;18,281;19,329;29,842;28,999;---;---;---;12,219;24,548;43,680
  03/1982;25,727;26,530;23,766;19,329;17,256;15,605;14,963;14,334;22,245;30,696;36,026;90,076;63,097;34,660;28,166;23,000;21,132;19,684;23,000;20,403;18,627;19,684;24,153;26,935;24,935;23,766;22,621;20,042;18,977;21,132;19,329;14,334;26,126;90,076
  04/1982;17,595;16,587;16,587;16,257;14,334;15,283;14,963;14,963;14,334;15,283;15,283;13,108;14,023;16,920;22,245;25,330;20,403;15,283;13,410;14,963;15,283;12,809;13,715;14,023;13,715;11,357;12,513;12,219;11,929;12,513;---;11,357;15,241;25,330
  05/1982;12,809;9,979;10,521;12,513;11,641;11,357;11,357;10,797;10,248;8,676;15,929;12,809;14,334;14,963;14,023;15,283;12,513;13,715;14,647;14,963;12,809;12,513;12,809;13,715;16,587;18,281;17,256;17,256;15,929;14,023;14,334;8,676;13,503;18,281
  06/1982;15,283;14,647;14,334;15,605;15,929;15,605;15,605;15,283;14,647;14,963;14,334;17,595;24,935;23,000;18,977;19,684;21,132;16,920;16,257;15,605;14,334;14,647;20,042;26,127;22,245;30,268;37,881;31,559;23,000;23,000;---;14,334;19,448;37,881
  07/1982;23,766;24,153;20,403;17,595;17,936;16,587;16,257;15,605;15,283;15,605;14,647;14,023;15,605;15,929;16,257;15,283;15,283;14,647;14,334;15,283;15,929;15,605;15,605;15,605;15,283;14,963;14,647;14,647;13,410;12,809;13,108;12,809;16,003;24,153
  08/1982;13,108;12,809;14,963;11,929;14,023;16,587;16,587;14,023;17,936;18,977;37,414;39,298;38,824;37,881;36,949;36,486;40,737;58,526;66,026;66,619;66,026;67,214;67,811;73,902;76,399;73,283;71,439;69,615;69,011;76,399;73,283;11,929;44,970;76,399
  09/1982;71,439;67,811;60,223;40,737;24,153;22,621;20,766;21,500;20,766;20,403;19,329;19,329;19,684;20,766;23,382;23,382;23,000;23,000;23,382;24,153;24,153;24,153;24,543;23,382;23,766;24,153;24,543;25,727;24,935;23,766;---;19,329;27,765;71,439
  10/1982;23,000;26,127;28,166;30,268;20,042;18,977;18,977;27,753;31,126;32,433;46,707;45,689;65,436;67,811;51,407;41,708;38,351;38,351;38,824;36,949;50,876;46,707;39,776;41,222;43,183;39,298;36,026;36,026;35,568;34,660;34,209;18,977;37,602;67,811
  11/1982;33,761;33,316;33,316;32,433;32,873;32,433;32,433;32,433;31,995;31,995;35,113;37,414;36,026;43,183;50,347;44,679;36,026;30,696;28,999;31,995;35,568;31,559;30,268;28,581;27,343;28,166;29,419;30,268;34,660;34,209;---;27,343;33,717;50,347
  12/1982;35,568;34,209;37,881;36,486;30,481;30,481;48,253;45,689;33,538;25,727;25,330;24,935;26,935;29,842;37,181;48,513;45,689;37,181;36,949;57,685;41,222;36,026;38,116;66,916;46,197;39,061;43,929;37,181;31,559;31,995;40,737;24,935;38,113;66,916
  01/1983;42,689;35,113;28,581;26,530;25,330;35,568;66,619;69,011;48,253;34,660;31,995;29,419;48,773;81,498;72,051;61,366;55,192;64,262;91,428;84,099;82,145;80,211;73,283;78,932;86,073;84,099;79,570;78,295;77,661;74,523;75,772;25,330;61,387;91,428
  02/1983;138,208;213,771;228,490;160,676;132,220;118,682;100,416;104,683;105,402;104,683;109,024;115,674;105,762;102,540;101,122;99,712;94,843;90,751;89,404;90,751;89,068;83,446;76,085;73,902;77,978;76,399;85,413;81,822;---;---;---;73,902;108,962;228,490
  03/1983;89,404;94,843;97,613;88,399;85,413;100,416;127,120;142,261;127,120;114,927;130,248;147,190;150,515;149,681;144,307;125,568;110,488;95,187;91,428;93,471;93,471;89,404;87,399;84,755;82,470;82,795;85,413;88,733;87,732;82,145;79,570;79,570;104,822;150,515
  04/1983;77,029;68,410;66,026;65,436;61,940;62,807;86,735;67,811;52,209;47,994;45,689;47,736;53,556;50,876;45,689;45,689;45,689;52,209;55,192;55,742;57,685;61,366;63,097;77,029;90,751;99,712;92,107;76,085;73,902;70,829;---;45,689;63,901;99,712
  05/1983;71,439;67,811;67,811;63,097;50,347;45,689;47,736;45,689;47,736;46,197;45,689;45,689;48,253;53,556;50,876;45,689;45,689;45,689;46,964;50,876;48,253;45,689;50,876;49,557;60,508;64,848;64,262;62,517;103,967;134,203;201,403;45,689;61,890;201,403
  06/1983;223,310;229,795;204,457;220,744;235,056;239,712;260,232;241,723;232,417;212,516;207,537;207,537;198,374;183,600;179,569;154,715;136,199;129,071;114,927;105,762;99,712;96,917;96,917;96,917;95,532;78,295;73,283;73,902;74,523;76,085;---;73,283;159,311;260,232
  07/1983;73,283;72,358;70,829;70,829;67,811;61,940;56,294;56,294;56,294;56,294;56,294;56,294;55,192;49,295;45,689;43,183;43,183;45,689;67,811;73,902;80,211;93,471;80,211;67,811;60,508;49,557;43,183;40,737;40,737;40,737;40,737;40,737;58,602;93,471
  08/1983;40,737;40,737;40,737;40,737;40,737;40,737;40,737;40,737;39,776;38,351;44,429;56,294;56,294;56,294;56,294;56,294;56,294;56,294;56,294;55,192;55,192;55,192;55,192;54,099;54,099;54,099;53,556;53,556;53,556;53,556;50,876;38,351;49,902;56,294
  09/1983;50,876;50,876;53,556;56,294;61,366;94,499;89,404;88,399;77,029;67,811;61,940;64,848;70,221;72,666;73,902;73,902;73,902;85,084;100,416;99,010;99,010;99,712;101,122;102,896;105,042;109,024;93,471;92,107;90,076;86,735;---;50,876;81,507;109,024
  10/1983;86,735;84,099;80,211;83,446;85,413;88,065;88,065;89,404;89,404;85,413;86,735;86,735;88,065;89,404;88,733;89,404;90,076;91,767;107,569;101,830;94,843;99,712;104,683;109,024;100,416;97,613;93,471;90,751;90,751;89,404;88,065;80,211;91,591;109,024
  11/1983;89,404;81,498;84,755;84,099;86,073;88,733;90,751;89,404;87,399;86,073;89,404;92,788;89,404;89,404;86,735;84,099;70,829;49,295;35,568;54,645;80,854;89,404;90,076;88,065;87,399;79,570;75,772;78,932;78,932;79,570;---;35,568;81,298;92,788
  06/1984;13,410;14,023;14,023;13,715;12,513;13,108;14,647;14,023;12,661;13,562;14,963;15,443;15,123;14,963;15,929;15,123;15,605;15,929;14,178;15,929;15,929;14,963;15,123;15,929;14,023;15,123;15,443;16,920;14,023;15,605;---;12,513;14,732;16,920
  07/1984;14,490;15,123;13,562;13,562;14,647;14,647;14,963;14,334;14,805;13,562;14,490;13,869;15,283;13,562;13,869;13,562;13,562;13,715;13,410;13,410;13,562;13,108;13,410;13,108;14,023;13,715;13,410;13,562;13,410;14,334;13,108;13,108;13,909;15,283
  08/1984;13,869;15,283;14,490;19,684;26,935;19,329;17,256;15,929;14,023;15,929;14,963;13,410;14,490;14,490;13,715;14,490;14,490;13,108;13,562;13,410;13,108;15,929;17,256;24,543;31,995;21,871;19,684;18,977;18,977;15,929;16,587;13,108;17,023;31,995
  09/1984;16,920;15,123;15,605;16,257;15,929;13,108;16,257;17,595;29,419;33,761;19,329;16,257;15,929;13,715;13,562;13,562;13,562;15,283;15,929;14,963;18,977;18,977;17,595;15,929;16,920;15,929;31,559;29,419;24,543;24,543;---;13,108;18,549;33,761
  10/1984;15,929;16,587;15,123;14,023;16,257;16,257;14,023;13,410;13,715;12,809;13,108;13,715;14,023;13,108;12,513;12,809;13,562;13,715;15,929;15,123;13,108;13,562;14,023;14,023;13,410;13,562;12,809;12,219;13,108;12,219;10,797;10,797;13,825;16,587
  11/1984;11,641;14,490;11,357;9,979;9,712;18,802;10,248;15,123;13,108;15,123;11,641;12,809;15,929;12,809;18,281;17,936;11,641;10,248;10,521;10,521;17,936;16,257;10,797;15,929;9,979;14,490;13,410;14,963;7,689;10,521;---;7,689;13,130;18,802
  12/1984;14,963;24,543;27,343;31,559;25,330;15,929;16,587;18,977;17,936;15,929;13,410;24,543;26,127;37,181;43,183;27,753;50,876;64,262;26,935;29,419;22,621;20,403;16,587;16,920;17,256;21,500;24,543;18,977;19,329;18,977;22,621;13,410;24,920;64,262
  01/1985;17,936;26,935;24,543;22,621;25,330;25,330;29,419;47,478;95,878;55,192;33,316;26,935;26,530;31,126;45,689;36,949;36,486;33,761;33,761;74,523;28,166;26,935;36,486;29,419;26,935;24,935;27,343;26,530;24,935;25,330;27,753;17,936;34,016;95,878
  02/1985;26,935;36,949;32,873;28,581;28,581;33,761;31,559;38,351;55,192;48,253;50,876;36,949;36,026;40,737;50,876;46,197;48,253;51,941;59,089;51,941;50,876;60,223;57,405;51,407;50,347;66,619;67,811;103,967;---;---;---;26,935;47,949;103,967
  03/1985;58,526;60,223;61,940;63,678;61,366;61,366;58,526;60,223;56,294;52,477;70,829;56,294;58,526;62,517;62,517;75,772;75,146;68,410;79,570;74,523;67,214;71,439;66,026;60,793;50,876;45,183;41,222;33,761;28,373;21,500;24,543;21,500;57,731;79,570
  04/1985;26,935;23,382;20,042;22,621;18,977;16,587;26,530;26,530;23,382;24,543;20,042;19,329;17,936;16,587;16,587;18,281;20,766;24,543;18,977;16,587;14,963;16,587;16,920;14,334;14,023;15,929;13,410;14,963;14,963;16,920;---;13,410;19,073;26,935
  05/1985;17,595;16,587;17,256;14,963;14,334;14,647;13,715;14,178;14,963;15,929;15,123;15,929;13,410;13,410;12,809;12,809;12,809;11,641;12,219;14,334;24,543;26,935;18,977;16,257;14,023;14,963;15,929;15,605;14,023;12,809;12,513;11,641;15,330;26,935
  06/1985;12,809;13,410;14,023;15,929;18,977;18,281;15,283;13,410;14,023;13,715;12,513;13,108;14,334;14,023;12,809;11,929;11,641;13,410;14,023;13,562;12,809;13,715;13,715;12,809;13,108;14,023;11,641;11,929;12,809;13,410;---;11,641;13,706;18,977
  07/1985;12,809;13,715;11,641;15,929;15,283;16,587;18,627;17,256;19,684;18,281;14,963;16,587;18,281;16,587;16,920;17,088;17,256;17,936;17,256;17,088;16,587;18,454;17,256;17,256;17,595;20,042;18,627;17,936;20,042;20,403;20,403;11,641;17,238;20,403
  08/1985;20,403;17,088;20,042;20,403;20,403;20,403;20,403;20,222;20,403;20,403;20,222;20,403;20,042;20,403;20,403;20,222;20,042;20,403;20,403;20,403;20,042;20,403;20,766;20,403;20,222;20,403;20,222;20,403;21,132;20,222;21,132;17,088;20,273;21,132
  09/1985;26,935;26,935;26,530;25,927;21,500;21,871;17,088;14,334;12,219;12,809;12,809;12,809;12,958;11,641;12,809;17,936;16,587;18,627;17,936;18,977;20,042;19,684;20,042;20,403;23,766;21,132;22,621;25,330;25,727;26,935;---;11,641;19,497;26,935
  10/1985;26,127;24,543;24,543;26,127;25,727;25,330;26,127;24,935;25,330;26,127;26,127;26,127;25,727;26,127;25,330;26,127;26,127;24,543;25,727;24,935;24,935;26,127;24,935;25,727;24,935;25,330;26,127;26,935;38,351;37,414;32,652;24,543;26,622;38,351
  11/1985;25,330;26,935;26,127;26,127;25,727;14,334;13,715;12,513;11,929;12,513;11,929;12,219;11,357;13,108;12,219;20,042;20,403;20,042;20,403;15,929;13,410;11,357;12,219;11,641;13,562;15,123;15,929;16,257;15,605;16,257;---;11,357;16,475;26,935
  12/1985;9,712;9,979;11,075;14,334;16,587;14,647;10,248;10,248;9,712;9,979;10,797;10,248;10,797;10,797;10,521;10,521;11,357;11,357;11,075;12,513;12,809;10,521;11,075;11,929;15,929;17,595;21,871;22,245;16,587;16,257;15,605;9,712;12,869;22,245
  01/1986;16,587;18,281;16,587;14,963;13,410;10,797;10,521;7,931;9,448;11,075;18,977;37,414;29,419;16,257;15,283;13,869;13,259;11,929;10,248;10,936;11,929;10,658;11,641;9,448;23,382;17,936;18,454;19,684;17,936;14,963;14,647;7,931;15,415;37,414
  02/1986;11,929;10,797;12,074;15,283;20,222;18,627;14,963;13,108;11,785;13,410;13,108;13,715;13,562;15,605;13,410;20,222;23,382;23,382;18,281;20,403;27,343;28,166;21,500;15,283;16,587;13,410;13,108;14,647;---;---;---;10,797;16,690;28,166
  03/1986;14,963;22,058;23,382;26,127;26,328;22,245;20,042;21,500;22,245;24,153;20,042;18,627;41,222;19,684;14,963;11,641;11,641;14,963;16,920;20,766;16,920;15,283;14,963;16,587;16,920;16,920;16,257;16,754;15,443;22,058;23,766;11,641;19,528;41,222
  04/1986;20,042;14,334;13,410;14,963;10,658;10,521;12,366;10,797;11,785;10,797;11,641;10,521;10,521;12,074;16,920;20,403;20,222;15,605;14,805;12,366;10,797;12,074;12,513;10,797;11,785;9,712;12,074;16,257;15,283;12,219;---;9,712;13,275;20,403
  05/1986;9,448;10,658;10,248;10,248;10,248;9,318;10,248;10,521;13,410;16,587;13,108;10,797;18,281;17,936;13,108;11,929;11,929;10,797;18,108;18,281;25,330;25,330;17,936;13,108;13,108;10,797;22,058;20,403;13,108;11,929;17,936;9,318;14,395;25,330
  06/1986;25,330;17,936;13,410;11,641;10,658;12,074;11,075;10,658;11,075;10,521;10,384;10,384;10,384;10,384;9,448;8,424;10,248;8,930;9,580;8,930;10,384;9,318;6,303;10,521;8,930;8,930;9,318;9,318;9,580;9,448;---;6,303;10,784;25,330
  07/1986;8,176;9,712;9,188;9,188;11,641;11,929;10,797;10,521;10,521;10,521;9,580;9,448;9,580;8,424;9,845;9,448;9,188;9,188;8,053;7,809;5,975;10,936;10,521;9,188;9,188;9,188;8,930;6,752;9,188;7,931;9,059;5,975;9,342;11,929
  08/1986;9,188;9,188;8,930;8,930;8,176;8,176;5,035;8,176;7,450;7,450;4,257;8,930;10,521;11,641;10,521;8,930;9,318;8,676;9,979;8,300;14,963;25,330;27,343;27,343;21,500;17,936;14,023;12,219;10,248;10,248;8,053;4,257;11,644;27,343
  09/1986;7,689;8,176;7,689;8,930;7,450;8,176;8,176;3,534;8,176;6,982;6,752;6,752;6,526;6,526;1,981;7,689;6,639;6,526;6,752;7,689;7,098;3,534;7,689;7,689;5,654;8,930;8,930;8,930;9,448;11,641;---;1,981;7,278;11,641
  10/1986;10,521;6,752;5,867;7,809;6,752;5,654;6,752;6,639;6,526;5,654;9,448;10,248;6,639;8,930;7,214;6,752;6,526;6,084;7,931;4,639;9,580;14,963;21,871;17,936;13,108;6,752;7,931;16,257;11,929;10,521;8,176;4,639;9,108;21,871
  11/1986;7,931;7,689;5,867;9,059;8,930;10,658;12,074;12,074;10,521;9,318;18,454;31,559;25,330;15,929;11,641;9,318;10,248;9,188;8,053;8,930;8,930;7,809;7,931;4,737;6,752;7,689;6,526;8,053;11,929;21,500;---;4,737;11,154;31,559
  12/1986;27,753;38,824;36,026;41,222;54,645;53,828;48,253;65,436;56,294;44,178;38,351;27,343;19,684;17,936;16,754;18,454;34,660;29,419;21,500;19,684;17,936;16,587;25,927;38,824;53,556;43,680;36,026;36,717;35,113;30,910;30,268;16,587;34,703;65,436
  01/1987;27,343;23,766;27,343;31,995;33,761;25,330;20,403;18,454;16,587;14,805;21,500;21,871;20,222;20,042;18,281;16,257;25,528;23,382;20,042;19,684;16,754;15,443;17,936;20,042;81,498;90,076;65,436;46,452;48,773;41,708;38,351;14,805;29,970;90,076
  02/1987;38,351;31,995;27,343;31,559;25,927;21,500;23,766;22,245;31,995;30,268;27,343;21,685;20,042;20,222;25,727;27,343;33,761;31,995;27,343;28,166;25,727;22,058;20,042;18,802;17,936;17,936;27,547;29,842;---;---;---;17,936;26,017;38,351
  03/1987;20,042;27,343;23,382;17,936;17,256;14,963;14,963;21,500;64,848;96,917;100,416;61,940;45,689;30,268;27,343;24,153;23,766;23,382;26,127;28,166;27,343;23,382;21,500;20,403;20,042;20,042;19,684;19,684;18,627;20,042;17,936;14,963;30,293;100,416
  04/1987;16,920;15,605;20,042;25,330;27,753;36,026;31,995;27,343;21,871;19,684;18,281;18,281;19,684;20,403;23,382;19,684;17,936;16,920;15,605;17,595;33,761;28,166;20,042;18,281;16,920;14,963;16,257;14,963;14,647;13,410;---;13,410;20,725;36,026
  05/1987;13,410;13,715;14,023;14,334;20,042;20,403;23,766;21,500;31,995;44,178;40,737;46,197;48,773;33,761;29,419;36,026;36,486;43,183;36,026;46,197;77,029;83,446;59,089;56,849;56,294;46,197;40,737;36,486;28,581;27,343;23,766;13,410;37,096;83,446
  06/1987;23,766;21,871;22,245;20,766;20,766;20,766;25,727;27,343;21,871;20,403;20,403;19,684;19,684;25,330;38,824;56,849;59,089;62,517;66,026;72,051;73,902;73,902;75,146;61,940;47,220;36,026;31,995;45,689;45,689;42,198;---;19,684;39,990;75,146
  07/1987;18,627;17,256;16,920;16,257;17,936;16,920;15,605;15,283;16,920;18,627;15,283;16,257;16,587;15,605;15,605;15,283;13,715;13,715;13,410;13,715;13,410;14,963;13,715;13,410;13,410;11,929;13,715;13,108;13,410;19,684;20,042;11,929;15,494;20,042
  08/1987;20,403;20,042;20,042;20,042;19,684;20,403;21,132;20,766;20,042;19,684;19,684;17,936;18,281;18,281;18,281;16,920;17,595;17,256;16,920;17,256;16,920;16,920;16,920;17,256;16,587;16,920;16,587;17,256;18,627;16,257;16,257;16,257;18,295;21,132
  09/1987;15,283;15,283;15,283;15,283;14,963;14,963;14,963;16,587;15,283;14,963;16,587;16,920;17,256;17,256;17,936;16,587;15,283;16,920;20,042;20,042;22,245;24,153;21,871;18,281;16,920;15,605;13,715;16,257;15,283;12,219;---;12,219;16,808;24,153
  10/1987;13,715;16,257;20,042;20,403;20,403;30,268;44,679;30,696;26,127;23,382;23,382;22,245;21,871;20,403;20,766;24,153;23,766;24,153;24,543;24,153;20,766;20,766;18,977;18,281;18,281;16,920;16,257;18,977;18,281;17,936;17,936;13,715;21,896;44,679
  11/1987;16,587;16,257;16,257;15,283;14,023;14,023;14,023;15,605;14,963;16,257;14,023;14,963;14,647;11,929;14,647;17,256;17,256;14,963;13,410;14,963;15,283;15,605;15,929;13,715;11,641;24,543;33,761;21,500;15,283;11,929;---;11,641;16,017;33,761
  12/1987;11,641;9,712;10,248;16,587;18,281;18,281;37,414;24,153;17,936;15,283;13,715;11,641;13,410;13,410;11,641;11,641;9,712;19,684;19,684;20,403;15,283;13,410;11,075;10,797;9,448;9,448;9,188;7,689;9,188;10,797;11,929;7,689;14,282;37,414
  01/1988;11,929;10,797;9,448;7,931;9,712;13,715;33,761;30,268;23,766;35,113;41,708;34,209;30,268;36,949;44,178;53,556;60,223;63,097;63,097;64,262;66,026;62,517;54,645;54,099;60,223;59,089;48,253;34,660;21,871;18,281;15,283;7,931;37,837;66,026
  02/1988;17,936;20,042;17,256;14,963;17,256;16,920;16,587;23,766;24,153;38,351;64,848;56,294;51,941;46,197;38,824;36,026;38,351;51,941;59,089;87,399;82,145;75,772;72,051;69,011;67,811;74,523;85,413;57,405;51,407;---;---;14,963;47,368;87,399
  03/1988;54,645;72,051;88,065;77,661;88,733;81,498;75,146;73,902;74,523;73,902;65,436;54,099;48,773;43,183;25,330;18,627;27,753;51,407;112,698;127,120;104,683;87,399;75,772;75,146;72,051;41,708;24,153;23,382;20,403;20,042;19,684;18,627;61,257;127,120
  04/1988;19,684;20,042;18,627;18,627;18,627;16,587;16,587;33,761;24,153;18,281;17,256;18,627;31,995;49,820;39,776;29,842;49,295;29,842;30,268;34,209;31,995;27,343;23,382;20,042;20,042;20,403;20,403;19,684;17,256;17,256;---;16,587;25,124;49,820
  05/1988;16,587;16,920;16,587;15,283;20,042;20,403;18,281;16,920;18,281;16,920;16,257;13,715;13,410;27,753;25,727;20,766;20,042;27,343;26,127;20,403;19,684;20,403;31,995;27,753;24,153;23,382;20,403;18,627;21,871;33,761;37,414;13,410;21,523;37,414
  06/1988;29,842;23,382;20,042;33,761;43,680;46,197;45,689;42,198;38,351;32,433;31,995;31,995;31,995;34,209;36,486;34,660;30,268;28,581;28,166;28,581;28,581;25,727;22,245;22,245;20,766;18,281;18,627;18,627;17,595;17,256;---;17,256;29,415;46,197
  07/1988;16,587;16,587;15,283;11,075;9,188;13,108;12,219;13,410;14,647;14,963;15,283;14,647;13,108;12,219;11,075;11,929;12,219;10,248;12,513;11,929;10,797;10,797;10,797;12,219;11,075;10,248;10,521;10,521;10,521;10,797;10,797;9,188;12,301;16,587
  08/1988;10,797;9,979;10,521;10,521;10,521;10,797;12,809;12,219;12,219;12,219;11,357;12,219;11,075;12,219;11,929;13,715;11,075;10,521;11,075;11,075;11,075;11,929;11,075;10,521;10,521;10,521;9,448;8,930;11,641;9,448;8,176;8,176;11,037;13,715
  09/1988;7,931;6,982;6,752;7,689;10,521;10,521;9,448;9,188;9,188;8,176;9,188;7,931;9,188;7,689;8,176;10,248;10,521;10,521;10,797;10,521;9,188;8,930;9,188;8,176;9,188;9,188;9,188;6,982;7,931;7,689;---;6,752;8,894;10,797
  10/1988;7,689;9,188;7,931;8,424;13,715;16,920;15,283;14,963;13,108;12,219;11,929;13,108;19,684;19,684;15,605;15,283;14,023;13,715;13,410;26,530;23,382;19,684;20,042;19,684;18,281;34,660;35,113;36,949;36,486;34,660;34,660;7,689;19,226;36,949
  11/1988;36,026;37,414;36,026;32,433;31,995;31,559;29,419;27,343;26,127;24,153;24,543;21,871;20,403;19,684;17,256;17,256;16,920;17,256;16,257;18,281;18,977;19,684;19,684;17,256;16,587;16,257;20,766;24,935;20,403;18,627;---;16,257;23,180;37,414
  12/1988;17,256;16,920;17,256;16,257;16,587;14,963;11,929;10,521;11,075;9,448;10,248;16,257;17,256;15,605;12,809;10,797;9,448;8,176;9,188;7,214;20,042;24,543;23,382;22,245;22,245;35,113;33,761;29,842;30,696;32,873;39,298;7,214;18,492;39,298
  01/1989;38,824;36,486;36,026;32,433;31,995;49,295;59,655;56,849;59,655;66,619;73,283;87,399;95,532;90,751;101,830;112,698;102,540;97,613;90,751;78,932;66,619;61,940;65,436;69,011;68,410;67,811;68,410;54,099;46,707;46,197;36,949;31,995;66,153;112,698
  02/1989;22,245;18,627;44,178;32,433;41,222;36,486;34,209;32,873;51,407;73,902;80,854;84,099;87,399;88,065;88,065;91,428;87,399;86,735;82,145;82,145;80,854;75,146;73,902;72,051;75,146;59,089;51,941;51,941;---;---;---;18,627;63,785;91,428
  03/1989;59,089;65,436;59,655;60,223;60,223;71,439;60,793;45,183;40,737;39,298;37,414;37,414;34,660;24,153;23,766;22,245;20,403;18,627;16,920;22,621;16,587;15,283;14,647;14,963;14,647;15,283;16,920;16,587;18,627;17,936;20,766;14,647;32,340;71,439
  04/1989;19,684;20,042;23,382;17,936;14,963;13,410;13,410;12,219;12,219;13,410;11,929;16,920;14,963;13,715;13,410;12,219;12,219;11,357;10,797;11,075;11,075;10,797;10,797;9,712;10,521;8,676;9,712;10,521;10,521;10,521;---;8,676;13,071;23,382
  05/1989;9,188;10,797;10,521;10,797;10,797;12,219;11,075;11,357;10,521;10,521;15,929;9,979;10,797;9,979;10,248;11,357;11,075;9,712;11,075;9,448;11,929;10,797;9,712;10,248;10,248;13,410;10,521;13,108;10,797;9,979;9,712;9,188;10,898;15,929
  06/1989;9,712;9,979;9,712;9,979;8,930;8,424;9,448;7,931;6,982;9,188;9,712;20,766;16,920;10,797;9,712;8,676;8,424;8,930;7,689;8,676;7,931;7,689;7,689;8,176;8,676;9,448;8,176;8,424;8,676;8,676;---;6,982;9,472;20,766
  07/1989;7,689;7,931;7,931;7,931;7,931;7,689;7,931;7,689;8,176;8,676;7,931;7,689;7,689;7,689;7,450;7,214;6,752;7,689;7,450;7,450;7,689;6,752;7,214;5,035;7,931;8,176;12,513;21,132;23,000;66,026;56,294;5,035;12,140;66,026
  08/1989;31,559;18,977;17,088;10,936;10,248;9,448;7,214;9,059;8,424;8,300;7,931;7,689;7,689;5,975;7,689;9,580;9,580;8,676;7,450;7,450;5,549;7,931;8,550;8,550;8,676;7,931;10,113;7,689;9,059;8,424;8,300;5,549;9,733;31,559
  09/1989;9,712;10,248;15,929;15,929;14,647;13,715;14,334;14,334;16,920;20,403;19,329;16,257;16,920;23,000;24,153;23,000;22,621;22,245;21,500;20,766;20,766;20,766;20,042;20,042;20,403;20,042;21,500;21,500;21,132;20,042;---;9,712;18,740;24,153
  10/1989;20,584;20,222;19,684;19,684;19,684;18,977;18,454;18,454;17,936;17,936;17,936;18,281;17,936;16,920;11,216;10,248;9,188;9,188;9,580;11,929;12,074;13,410;11,075;11,499;10,797;10,113;11,929;13,259;12,513;11,785;10,113;9,188;14,600;20,584
  11/1989;10,248;9,188;5,975;7,450;6,526;5,238;5,975;6,526;4,835;6,084;6,982;11,641;19,684;15,283;15,283;8,550;8,424;8,053;9,712;9,979;12,366;23,000;20,042;15,283;23,191;23,766;16,587;16,587;13,259;10,936;---;4,835;11,888;23,766
  12/1989;9,979;9,188;8,176;6,752;7,214;5,760;6,414;6,526;5,445;6,303;5,654;20,403;32,433;36,949;20,948;15,443;11,499;9,845;9,448;9,448;10,658;9,580;8,176;8,176;6,982;6,982;10,248;12,219;12,074;11,499;17,936;5,445;11,560;36,949
  01/1990;61,940;109,755;124,023;73,902;55,467;64,554;70,829;73,902;73,283;73,283;73,902;73,902;84,755;78,295;75,459;84,755;54,918;44,178;44,429;42,198;40,737;42,198;44,178;33,761;31,559;29,419;28,581;24,935;19,684;15,605;11,929;11,929;56,784;124,023
  02/1990;11,075;10,384;10,384;10,936;10,248;10,658;11,216;11,216;10,521;14,647;13,715;11,641;13,410;13,715;12,074;11,357;10,521;10,248;8,577;9,448;9,058;8,656;9,448;11,357;11,216;15,929;14,963;19,684;---;---;---;8,577;11,654;19,684
  03/1990;23,382;18,627;18,627;14,334;17,595;17,595;16,587;13,108;15,929;18,977;15,605;18,977;20,766;14,334;11,641;11,075;10,521;11,929;45,689;48,773;40,737;39,298;33,761;28,999;24,935;21,500;18,281;16,587;16,587;15,929;14,334;10,521;21,130;48,773
  04/1990;14,334;13,410;11,075;12,513;12,219;11,357;11,929;13,108;14,647;13,410;12,513;11,357;11,075;11,075;10,797;10,248;10,797;11,075;11,929;16,257;14,023;14,023;11,357;11,929;11,357;10,797;10,521;9,979;10,248;11,641;---;9,979;12,033;16,257
  05/1990;17,936;15,929;16,587;17,256;11,075;11,075;9,979;8,816;9,979;9,979;10,248;9,979;9,979;8,816;9,448;13,108;12,513;12,513;12,513;10,521;8,498;9,448;9,979;10,521;10,521;8,816;9,448;7,876;9,139;8,656;8,498;7,876;10,956;17,936
  06/1990;8,498;8,977;8,816;7,126;7,572;8,340;8,656;8,656;8,340;8,340;7,274;7,274;8,184;8,029;7,422;8,816;8,184;7,126;8,029;7,876;7,876;7,876;7,723;7,723;6,268;8,029;7,274;7,422;7,126;7,876;---;6,268;7,891;8,977
  07/1990;6,835;6,549;6,980;8,977;10,797;11,499;9,712;8,419;6,763;8,498;8,184;8,896;8,816;8,816;8,419;6,408;14,963;18,281;23,000;22,811;16,920;13,869;11,641;11,357;12,219;11,641;10,658;10,797;9,580;8,816;10,936;6,408;11,034;23,000
  08/1990;8,977;9,318;8,816;9,580;8,736;6,980;9,058;8,736;8,184;8,262;8,184;7,876;6,268;8,896;7,274;6,691;9,448;9,845;9,845;9,580;11,785;10,248;9,580;8,896;8,419;8,577;6,980;10,797;9,845;9,448;8,736;6,268;8,834;11,785
  09/1990;8,656;10,384;8,656;9,139;9,058;8,977;8,896;8,977;10,521;8,184;8,816;8,029;7,723;11,641;14,178;12,074;9,979;8,816;8,577;8,262;7,723;7,723;8,107;7,572;7,723;9,448;8,340;7,799;7,200;7,274;---;7,200;8,948;14,178
  10/1990;6,061;8,816;8,896;8,736;8,577;9,448;10,936;10,521;8,498;8,262;7,723;7,126;7,952;9,448;8,107;14,334;15,605;13,869;12,074;14,178;12,661;9,979;9,139;10,248;10,113;8,977;8,816;8,340;5,992;7,723;6,980;5,992;9,617;15,605
  11/1990;6,980;7,274;11,216;9,318;8,107;8,896;8,896;9,058;8,816;9,318;9,448;8,184;8,419;7,572;7,497;7,274;8,029;8,262;7,876;8,656;10,521;9,448;8,816;8,896;10,521;8,656;8,340;7,572;7,422;6,691;---;6,691;8,533;11,216
  12/1990;6,691;5,588;5,456;6,549;5,325;5,068;4,816;5,588;5,068;5,004;6,549;7,723;7,876;11,929;14,023;11,929;8,816;7,723;6,835;20,042;19,329;13,410;9,058;7,876;8,577;7,572;7,572;7,200;7,572;7,126;7,348;4,816;8,427;20,042
  01/1991;6,763;6,268;7,274;8,896;11,929;12,513;10,248;7,952;6,980;6,835;7,572;9,318;16,920;10,521;11,641;24,543;28,581;21,871;14,647;11,075;8,977;8,577;7,723;10,797;9,058;18,454;53,016;75,146;40,737;22,245;19,684;6,268;16,670;75,146
  02/1991;21,871;29,842;42,198;30,910;26,530;26,935;30,696;27,343;23,382;36,717;75,772;47,478;26,127;22,245;24,739;23,000;23,191;24,543;33,316;31,126;24,153;22,058;20,403;21,132;18,977;17,936;13,410;13,259;---;---;---;13,259;27,832;75,772
  03/1991;14,334;19,684;22,245;26,127;26,328;24,543;32,433;36,486;30,268;22,621;18,627;17,595;18,281;16,587;18,281;16,257;14,023;12,958;16,754;17,595;21,685;40,496;31,559;19,684;17,256;29,842;43,680;72,666;87,399;114,927;90,076;12,958;31,977;114,927
  04/1991;94,843;108,296;109,024;107,569;104,683;102,540;100,416;100,416;100,416;97,613;95,532;90,076;61,940;50,347;44,679;44,679;44,679;42,689;41,708;41,708;40,737;39,776;37,414;30,696;59,655;111,222;109,389;97,613;94,156;90,076;---;30,696;76,486;111,222
  05/1991;87,399;83,446;72,666;59,089;51,407;50,876;50,347;52,746;51,941;45,689;39,776;35,568;34,209;28,581;29,419;34,660;31,126;27,343;24,935;28,166;28,999;23,766;23,382;26,530;26,127;25,727;26,127;24,543;24,153;20,403;20,403;20,403;38,373;87,399
  06/1991;20,403;19,684;20,403;19,329;16,422;15,605;16,257;16,587;16,920;16,587;16,422;15,929;16,587;16,257;15,929;15,929;16,587;15,929;15,605;14,334;13,715;15,929;16,920;17,256;22,621;22,058;18,627;16,587;15,929;17,425;---;13,715;17,159;22,621
  07/1991;17,256;17,088;16,422;15,283;14,647;14,963;15,443;15,605;14,647;14,647;16,257;17,936;17,936;18,802;17,595;15,929;15,283;14,805;14,647;14,490;14,490;15,123;13,715;13,410;13,410;13,410;13,715;13,410;13,715;13,259;12,809;12,809;15,166;18,802
  08/1991;13,108;13,108;12,809;13,108;13,410;12,809;13,108;13,410;14,023;13,715;13,108;13,108;12,661;12,366;12,219;12,219;11,641;11,641;11,929;11,641;11,641;11,641;11,075;11,075;11,641;11,075;11,357;11,357;11,357;10,521;10,248;10,248;12,198;14,023
  09/1991;10,936;10,797;9,979;10,658;11,357;10,797;10,248;11,075;10,248;9,979;10,248;10,248;10,248;9,712;10,248;9,979;9,979;10,248;10,248;13,108;12,809;11,641;11,357;10,521;10,113;12,513;12,219;11,075;16,257;26,732;---;9,712;11,519;26,732
  10/1991;42,689;32,873;26,935;22,245;17,256;18,454;46,197;48,253;27,753;27,343;25,727;24,153;22,245;21,871;20,042;18,627;18,627;22,621;21,132;19,684;19,684;18,977;20,766;27,343;27,343;27,343;27,343;28,999;27,753;27,753;28,166;17,256;26,006;48,253
  11/1991;28,166;29,419;31,559;30,268;28,999;28,166;28,166;27,343;28,999;30,268;29,419;27,343;27,547;22,621;23,960;27,343;22,621;21,132;18,802;15,443;14,647;14,647;14,023;14,334;14,334;13,410;11,357;11,075;10,521;17,936;---;10,521;22,129;31,559
  12/1991;18,281;14,334;11,641;10,248;9,845;9,448;12,809;14,334;14,023;25,330;23,382;17,256;14,023;11,357;11,075;12,513;12,809;11,357;15,123;25,727;22,621;15,443;14,334;14,334;14,334;14,963;14,023;14,647;16,754;16,257;12,513;9,448;15,004;25,727
  01/1992;12,513;12,513;11,641;10,797;14,963;14,805;11,075;9,979;9,139;9,979;9,448;9,448;8,816;8,656;9,712;10,936;8,184;8,029;8,184;7,876;10,248;12,513;11,929;10,658;9,712;11,357;13,715;11,075;9,712;9,979;11,357;7,876;10,611;14,963
  02/1992;12,219;12,219;11,075;9,979;9,139;9,712;14,963;14,963;11,929;8,977;9,139;8,107;7,572;7,497;7,348;6,691;6,691;6,691;6,835;7,274;8,262;7,422;7,422;7,422;8,107;16,587;17,088;14,023;10,658;---;---;6,691;9,862;17,088
  03/1992;9,448;9,979;10,936;9,979;15,283;15,283;11,641;12,513;15,605;17,595;13,715;23,000;16,920;12,809;11,075;9,139;14,023;15,767;13,715;15,767;19,153;13,562;11,641;10,384;9,979;11,641;10,248;9,139;9,318;16,257;24,543;9,139;13,550;24,543
  04/1992;22,058;22,245;14,805;10,936;9,712;8,977;8,656;8,340;8,262;7,876;7,572;7,799;7,422;10,113;12,219;12,513;9,979;8,656;8,340;8,184;9,845;9,448;9,058;8,419;8,184;7,952;14,334;12,219;9,058;8,656;---;7,422;10,395;22,245
  05/1992;8,419;12,809;20,222;33,761;29,419;20,042;14,178;11,499;10,384;9,979;8,816;8,498;8,816;9,318;9,448;8,896;8,816;8,340;8,816;10,521;10,248;9,318;9,448;9,979;9,139;8,656;8,577;8,029;7,952;7,876;7,799;7,799;11,549;33,761
  06/1992;7,422;8,029;7,799;7,723;7,422;7,422;7,572;6,268;7,723;7,422;7,422;7,274;7,274;7,126;6,835;7,126;7,126;7,126;7,126;7,126;7,126;6,835;7,126;7,053;7,126;6,907;6,763;6,907;6,408;7,053;---;6,268;7,189;8,029
  07/1992;6,835;6,980;6,980;6,763;6,408;6,199;7,200;8,107;11,075;12,074;10,248;8,419;7,648;7,572;7,053;7,053;6,980;6,980;6,980;6,408;7,053;6,478;6,763;6,478;6,478;6,763;6,268;6,478;6,620;6,691;6,691;6,199;7,314;12,074
  08/1992;6,549;6,268;5,721;6,835;6,478;6,408;6,620;6,408;5,132;5,655;6,835;6,478;6,478;6,061;6,408;4,691;5,196;6,835;6,408;6,338;6,408;6,129;5,992;6,980;7,274;6,980;6,763;6,549;6,338;5,856;5,721;4,691;6,284;7,274
  09/1992;6,691;7,723;7,126;6,763;6,907;7,572;7,799;8,029;7,274;7,200;6,835;6,691;6,980;7,274;8,816;19,684;18,281;12,513;10,248;8,736;7,723;7,274;6,835;6,763;6,835;6,980;6,549;6,835;7,126;6,835;---;6,549;8,297;19,684
  10/1992;6,835;6,907;13,108;23,000;14,647;9,712;11,641;17,936;27,753;23,000;14,023;11,075;23,382;23,766;14,963;9,448;8,029;7,876;8,656;9,979;12,219;7,274;6,835;6,763;5,588;5,456;6,408;6,061;29,419;39,776;29,842;5,456;14,238;39,776
  11/1992;20,403;24,935;18,281;22,621;31,126;26,530;18,977;26,935;31,342;29,209;23,766;16,257;17,256;18,627;14,647;11,357;14,023;12,809;10,797;9,448;8,577;10,521;19,329;26,530;36,949;32,873;24,935;17,765;13,715;11,641;---;8,577;20,073;36,949
  12/1992;18,454;43,183;33,316;20,948;14,963;12,958;15,123;18,627;17,256;13,715;24,543;34,434;28,581;21,315;14,963;12,661;14,178;15,767;16,587;16,587;12,809;10,797;9,712;9,139;8,977;8,977;8,419;8,340;8,184;8,029;8,340;8,029;16,448;43,183
  01/1993;8,184;8,029;8,896;9,139;9,979;12,219;10,521;10,658;12,809;15,283;24,543;28,166;22,621;20,766;16,920;13,410;14,023;11,357;10,797;10,658;10,248;12,366;11,929;10,658;12,661;10,936;10,797;9,448;8,977;8,656;11,641;8,029;12,816;28,166
  02/1993;13,869;12,513;12,513;19,863;29,630;24,348;20,222;20,042;15,605;14,647;12,513;11,929;31,776;31,342;33,761;64,262;59,089;32,652;35,568;25,330;19,329;27,753;29,419;28,999;25,330;20,042;17,256;22,245;---;---;---;11,929;25,423;64,262
  03/1993;27,547;23,382;19,507;17,765;25,528;23,574;21,132;16,257;14,023;12,661;12,074;11,929;12,219;11,785;11,499;11,075;12,809;15,283;14,178;13,108;12,661;12,366;15,283;22,245;38,116;46,707;24,543;19,329;17,088;14,805;13,715;11,075;18,200;46,707
  04/1993;12,958;12,809;12,219;12,809;14,647;13,410;12,958;12,219;18,802;18,977;15,283;12,661;12,661;12,513;11,785;10,936;9,712;10,113;9,845;9,448;9,139;9,139;8,977;11,785;12,809;11,929;9,845;9,139;8,816;8,656;---;8,656;11,900;18,977
  05/1993;8,498;9,580;9,979;12,513;15,283;15,605;14,023;12,074;10,658;9,979;9,058;8,816;9,448;8,656;10,248;10,797;9,979;8,977;9,712;8,896;8,656;8,184;8,340;8,184;7,648;8,262;7,126;8,107;8,107;9,139;23,574;7,126;10,261;23,574
  06/1993;22,811;18,977;15,443;10,658;10,797;15,605;13,715;10,248;9,979;9,448;9,580;9,712;9,448;8,656;8,896;8,656;8,656;9,318;12,219;11,929;10,521;9,712;8,977;8,656;8,656;8,498;8,498;8,029;8,184;8,107;---;8,029;10,753;22,811
  07/1993;8,107;7,497;8,029;7,723;6,907;7,952;7,723;7,572;7,572;7,799;6,835;7,053;7,422;7,348;7,422;8,816;8,577;8,340;7,572;7,876;7,723;7,348;7,200;7,274;6,980;6,549;7,274;6,907;6,980;6,980;6,980;6,549;7,495;8,816
  08/1993;7,126;6,549;7,723;7,200;7,723;6,691;7,422;5,721;6,129;7,723;5,856;7,200;6,763;6,980;4,447;5,196;7,723;7,126;5,789;6,980;6,835;4,941;5,992;8,419;8,816;10,248;8,656;8,184;6,980;6,549;7,572;4,447;7,008;10,248
  09/1993;6,980;5,325;5,856;6,408;4,447;4,753;7,126;4,569;5,325;6,478;7,053;4,447;5,068;7,422;6,835;9,580;15,443;13,410;9,979;8,340;9,448;15,605;15,283;26,127;30,696;23,000;17,425;20,766;17,765;13,715;---;4,447;11,156;30,696
  10/1993;11,075;17,595;11,929;9,139;9,318;11,075;10,797;8,896;8,498;7,648;7,274;7,876;6,129;6,620;7,422;8,419;7,497;9,712;9,448;9,580;9,580;8,816;9,448;12,219;13,869;11,929;18,281;14,647;9,712;8,656;8,029;6,129;10,037;18,281
  11/1993;7,274;8,029;5,721;7,572;7,274;5,325;5,456;5,456;7,723;6,268;5,456;6,691;6,980;4,327;5,456;6,691;6,835;8,029;7,723;7,799;6,268;6,549;7,572;6,835;7,952;7,799;9,979;9,318;8,107;7,723;---;4,327;7,006;9,979
  12/1993;7,572;7,572;7,723;7,572;7,572;8,029;7,876;8,184;8,498;8,029;7,952;7,274;6,408;5,721;5,856;7,274;4,816;6,835;7,723;11,075;9,979;8,656;8,029;7,723;7,422;4,816;6,268;8,184;17,765;24,153;30,268;4,816;9,123;30,268
  01/1994;20,042;12,809;9,979;9,139;8,419;7,799;7,572;8,977;27,959;28,999;19,329;14,963;11,641;15,929;15,283;14,647;10,521;8,977;7,422;15,283;16,920;13,715;18,627;20,042;18,977;14,963;13,715;31,559;24,543;16,920;13,410;7,422;15,454;31,559
  02/1994;11,929;11,929;13,410;11,357;9,712;10,248;12,809;11,357;29,842;32,433;34,660;24,935;26,530;32,873;23,766;17,936;14,334;12,219;11,075;17,256;15,605;11,357;10,797;9,845;10,521;11,216;11,357;11,075;---;---;---;9,712;16,514;34,660
  03/1994;15,929;17,595;15,283;12,513;9,979;8,736;8,498;9,448;9,139;10,797;16,257;32,433;31,559;24,543;31,126;19,684;14,023;11,499;9,712;16,920;18,281;15,605;14,963;20,403;17,256;44,178;43,183;25,330;17,936;14,963;12,809;8,498;18,406;44,178
  04/1994;15,283;17,256;15,283;13,410;11,929;10,797;10,521;10,248;9,712;9,712;8,816;9,139;8,896;8,977;14,023;15,283;13,108;11,075;11,075;10,797;9,712;14,023;14,647;12,809;11,075;11,357;14,963;12,074;9,712;9,139;---;8,816;11,828;17,256
  05/1994;8,656;8,184;8,498;7,876;7,876;8,184;8,262;7,572;7,572;8,184;8,029;8,029;8,029;8,736;12,219;14,647;12,219;9,712;8,656;8,498;8,029;7,876;7,572;7,876;8,184;8,656;8,498;9,712;10,248;10,521;8,498;7,572;8,881;14,647
  06/1994;8,656;8,340;7,126;8,184;7,274;7,126;7,723;7,723;7,572;7,572;7,572;6,549;6,549;7,274;6,835;6,835;6,691;6,980;6,691;6,129;6,835;7,274;9,979;9,139;9,448;9,712;8,184;8,498;8,029;7,723;---;6,129;7,674;9,979
  07/1994;7,422;7,422;6,835;6,691;7,572;7,572;7,422;6,980;8,029;7,422;6,691;7,422;6,835;6,835;6,980;6,691;6,835;5,856;7,126;6,549;6,549;6,691;8,498;17,936;13,410;10,248;7,572;7,126;7,422;6,980;6,835;5,856;7,757;17,936
  08/1994;6,268;7,422;4,941;6,691;6,268;6,835;5,325;5,588;7,422;5,992;5,992;5,196;6,549;5,196;5,068;6,835;4,569;6,691;5,196;5,196;5,196;4,691;6,549;4,569;5,325;4,816;4,816;4,447;4,327;5,992;4,209;4,209;5,619;7,422
  09/1994;5,456;5,856;6,549;6,408;5,856;7,422;7,572;5,068;6,835;4,569;5,325;4,816;6,980;4,447;5,456;5,068;5,068;4,816;4,209;7,126;4,084;4,941;5,721;5,856;5,068;5,588;7,274;6,268;6,549;6,980;---;4,084;5,774;7,572
  10/1994;6,268;6,691;5,325;5,721;5,721;4,327;4,327;4,327;4,209;3,454;5,721;4,084;4,327;4,327;4,209;4,084;4,327;7,876;6,549;4,209;4,327;4,941;4,816;4,084;8,029;8,577;16,587;30,268;26,935;18,977;11,929;3,454;7,728;30,268
  11/1994;8,656;7,876;6,835;7,422;8,498;7,723;7,274;8,340;7,274;6,691;7,126;5,721;5,196;4,691;7,274;12,513;8,184;8,816;26,127;23,382;17,936;10,248;8,340;7,572;6,835;6,129;6,268;5,325;7,422;8,184;---;4,691;8,996;26,127
  12/1994;8,340;6,980;7,274;6,549;5,196;6,268;5,456;5,196;5,196;4,691;5,068;3,900;8,029;7,876;6,408;5,992;6,129;28,166;47,736;31,126;18,281;27,343;77,661;61,940;37,881;24,543;17,595;15,605;14,023;12,809;11,929;3,900;17,135;77,661
  01/1995;15,929;14,963;24,935;36,026;34,660;33,761;24,153;17,936;15,929;14,023;14,647;23,382;19,684;16,587;16,587;16,587;13,108;10,797;9,979;10,521;10,521;13,108;12,809;10,797;9,448;8,340;8,184;8,977;17,595;18,977;16,587;8,184;16,759;36,026
  02/1995;11,357;12,513;20,042;41,708;70,829;64,262;55,192;61,940;70,829;73,283;54,099;43,183;38,351;47,220;43,183;44,178;53,016;38,351;75,146;102,540;73,902;55,192;42,689;32,873;27,343;23,766;23,766;22,621;---;---;---;11,357;47,263;102,540
  03/1995;27,753;23,766;22,621;21,871;21,871;23,000;24,153;17,936;19,329;28,166;23,766;22,245;23,766;24,935;28,581;28,581;26,530;21,132;18,627;23,766;23,000;18,281;18,281;27,753;60,793;50,347;32,433;24,153;21,132;35,113;85,413;17,936;28,035;85,413
  04/1995;105,402;72,051;48,773;33,761;28,166;24,543;23,382;23,382;22,621;25,727;24,543;24,153;22,621;21,132;20,766;24,543;24,935;24,935;24,935;23,766;32,433;35,113;33,316;31,559;28,999;26,935;24,543;21,132;20,403;19,329;---;19,329;30,597;105,402
  05/1995;16,257;15,605;15,283;14,647;13,715;13,410;16,257;23,382;20,766;20,766;27,753;27,343;29,842;24,543;25,727;26,530;22,245;16,587;14,963;14,647;13,715;14,023;13,715;13,410;13,108;12,219;12,809;14,023;14,334;14,334;13,715;12,219;17,731;29,842
  06/1995;14,334;13,715;13,410;13,715;13,715;13,108;13,108;13,108;13,108;12,809;12,809;12,513;12,513;13,108;12,513;11,357;10,797;11,929;13,108;12,219;11,641;11,929;11,641;10,248;10,521;13,108;12,513;11,357;10,521;10,248;---;10,248;12,357;14,334
  07/1995;10,248;9,712;9,712;9,139;9,139;9,139;8,977;8,977;11,929;24,935;29,419;20,042;14,334;15,605;11,075;10,521;10,248;9,979;9,712;9,979;9,979;17,595;23,766;21,132;20,042;19,684;18,977;18,977;18,977;18,627;18,281;8,977;14,802;29,419
  08/1995;17,256;13,715;13,108;12,219;9,712;9,139;9,139;9,139;8,498;8,184;7,876;7,876;7,572;7,572;7,572;7,274;7,422;7,274;6,980;6,980;6,980;6,980;6,980;6,980;6,691;6,691;6,691;6,691;6,691;6,408;6,129;6,129;8,336;17,256
  09/1995;6,129;6,129;6,129;6,129;5,856;5,856;6,980;8,498;8,816;8,816;8,816;8,736;8,656;8,816;8,816;8,816;8,816;9,139;12,219;24,153;21,500;15,929;14,023;13,715;15,605;14,334;15,605;14,963;14,647;14,023;---;5,856;11,022;24,153
  10/1995;13,410;14,647;16,920;23,382;28,581;35,568;35,568;19,329;16,257;30,268;49,820;56,294;35,113;29,419;31,559;34,209;40,737;53,556;52,477;53,016;56,294;64,848;59,655;54,099;51,407;48,773;41,708;37,881;40,737;43,183;51,407;13,410;39,359;64,848
  11/1995;47,220;42,198;41,222;39,298;38,824;36,486;31,559;30,268;30,268;26,530;17,936;17,595;16,257;16,587;18,281;18,977;18,281;16,920;16,257;15,605;14,963;13,410;8,816;8,656;8,977;8,184;8,029;8,977;9,979;8,340;---;8,029;21,163;47,220
  12/1995;8,184;7,572;7,572;7,572;7,572;6,835;8,029;6,980;6,129;6,980;7,572;7,572;9,448;16,257;15,283;12,219;8,498;9,979;9,448;8,340;7,723;7,422;7,274;6,980;8,029;9,448;11,075;16,920;19,684;22,621;19,684;6,129;10,158;22,621
  01/1996;14,963;13,715;24,935;32,433;27,753;23,766;56,849;75,146;54,099;54,099;46,707;43,183;56,294;64,848;66,619;69,011;66,026;65,436;72,051;71,439;88,733;82,795;77,029;69,011;68,410;69,615;70,221;66,026;64,848;62,517;51,407;13,715;57,096;88,733
  02/1996;35,568;30,268;24,543;32,433;36,026;27,343;25,727;44,178;56,294;53,556;51,941;56,294;57,405;43,929;42,198;52,477;48,253;45,689;42,689;43,680;42,198;36,026;22,621;16,920;16,587;16,257;19,329;34,660;42,198;---;---;16,257;37,837;57,405
  03/1996;34,660;24,543;20,403;29,419;32,873;27,343;35,113;58,526;124,023;124,023;107,569;92,107;86,735;85,413;86,073;86,735;122,487;106,122;93,471;91,428;86,735;82,795;75,772;73,902;77,661;75,772;70,829;52,477;34,660;27,753;21,871;20,403;69,332;124,023
  04/1996;21,871;21,132;20,042;18,977;19,329;18,627;18,281;18,281;17,595;17,595;22,245;36,949;49,295;46,197;47,220;46,197;38,824;45,689;61,940;66,619;66,619;66,026;54,645;39,776;31,126;23,766;17,936;14,647;13,715;13,108;---;13,108;33,142;66,619
  05/1996;13,108;13,108;13,715;17,595;19,684;19,684;15,929;12,809;11,641;11,357;11,075;11,641;11,075;10,797;10,521;18,281;21,500;23,000;21,500;20,042;19,684;18,977;20,042;19,684;19,329;18,977;18,627;15,605;11,641;10,797;10,521;10,521;15,869;23,000
  06/1996;10,248;10,521;10,248;9,979;10,248;9,979;10,797;10,248;10,248;9,448;9,139;9,139;9,139;8,977;8,977;8,977;8,977;8,816;8,498;8,498;8,977;9,139;9,139;8,977;8,977;9,139;8,498;11,357;13,108;12,809;---;8,498;9,707;13,108
  07/1996;11,075;10,248;9,712;10,248;9,712;9,448;9,139;8,977;8,816;8,656;8,656;8,498;8,340;8,498;8,340;8,184;8,184;8,498;8,816;8,816;8,656;8,656;8,656;8,498;8,498;8,498;8,498;8,656;8,816;8,498;8,340;8,184;8,875;11,075
  08/1996;8,029;7,723;7,572;7,572;7,422;7,422;7,274;7,274;7,274;7,572;8,498;8,498;8,340;7,876;19,684;17,936;12,219;9,712;8,656;8,184;7,876;7,572;7,572;7,274;7,274;7,126;6,980;6,835;6,980;6,980;6,835;6,835;8,517;19,684
  09/1996;6,980;7,422;7,422;19,684;21,132;23,000;18,977;15,929;23,766;37,881;50,347;57,964;45,183;35,568;31,559;29,842;28,166;27,753;27,343;27,343;26,530;26,530;25,727;25,727;23,000;17,256;16,257;16,257;16,257;16,257;---;6,980;25,102;57,964
  10/1996;15,929;14,963;24,543;44,679;35,568;24,543;25,330;21,132;18,281;17,256;21,871;21,500;20,403;22,621;23,766;20,042;18,627;17,936;17,256;16,587;19,329;20,042;18,281;17,936;17,936;17,595;17,936;18,281;19,684;17,936;16,920;14,963;20,797;44,679
  11/1996;16,257;16,257;23,000;28,581;25,330;20,403;18,627;16,920;16,587;16,257;15,929;15,283;15,605;16,257;16,587;21,871;27,753;28,999;26,127;21,500;35,568;44,679;37,414;25,330;20,042;21,132;27,343;27,343;26,935;26,530;---;15,283;23,215;44,679
  12/1996;28,166;28,581;31,126;30,268;32,433;30,696;29,842;29,419;28,166;24,153;23,000;38,351;36,949;33,761;35,568;28,581;22,621;22,621;20,403;19,684;19,684;20,042;27,753;39,776;35,568;31,126;29,419;28,166;38,351;45,689;43,680;19,684;30,118;45,689
  01/1997;39,776;39,298;38,351;36,949;36,949;36,949;36,949;36,486;36,949;36,949;38,351;38,351;37,414;37,414;36,949;29,842;29,842;26,530;24,543;24,935;28,581;26,935;34,660;40,255;56,849;64,262;61,940;73,283;87,399;80,211;98,311;24,543;43,628;98,311
  02/1997;99,010;90,751;86,073;80,854;80,211;78,295;69,615;53,016;49,820;49,295;44,178;43,183;40,737;33,316;21,871;23,766;49,295;63,097;43,680;29,842;25,330;34,660;27,343;24,935;21,500;37,414;29,842;24,543;---;---;---;21,500;48,410;99,010
  03/1997;20,042;19,329;18,627;20,042;26,127;26,530;25,727;32,873;41,222;26,530;20,766;19,329;18,281;17,256;16,920;16,920;16,257;16,257;16,257;15,929;15,929;15,605;14,334;13,108;12,513;13,108;11,929;11,357;10,797;10,797;10,797;10,797;18,435;41,222
  04/1997;13,410;14,963;14,334;13,108;11,641;10,797;10,521;10,248;9,979;9,712;9,139;9,712;9,139;9,139;8,977;8,977;8,816;8,498;10,521;8,977;9,979;10,248;10,248;10,521;10,248;17,595;10,521;9,979;9,448;8,816;---;8,498;10,607;17,595
  05/1997;8,977;8,656;8,498;8,340;8,498;8,340;8,184;8,184;8,184;8,184;8,184;8,184;8,184;8,184;8,184;8,184;8,184;8,029;9,139;8,340;8,184;8,340;8,340;8,816;20,042;23,766;18,281;14,647;13,108;12,513;10,521;8,029;10,110;23,766
  06/1997;9,712;9,139;8,977;8,816;19,329;35,568;28,166;21,132;14,334;11,929;11,075;11,075;11,929;10,797;17,256;42,689;41,222;26,127;19,329;17,256;22,621;20,766;16,920;14,334;13,108;13,410;11,641;10,797;10,797;10,248;---;8,816;17,350;42,689
  07/1997;10,248;9,979;9,448;9,139;9,139;8,977;8,977;8,977;8,816;8,816;8,816;8,977;8,816;8,816;8,498;8,498;8,498;8,498;8,498;8,184;8,656;10,521;10,248;9,448;8,816;8,816;8,498;8,498;8,656;8,498;8,184;8,184;8,950;10,521
  08/1997;8,184;7,876;7,572;7,876;7,723;7,723;7,723;7,723;7,572;7,572;7,572;7,572;7,572;7,572;7,274;7,274;7,274;7,274;6,980;6,980;6,980;6,980;6,980;8,029;8,816;9,448;8,340;8,184;7,422;7,274;7,126;6,980;7,628;9,448
  09/1997;6,980;6,980;6,691;6,549;6,408;6,408;6,408;6,408;6,408;6,129;6,129;5,992;6,129;6,835;8,656;9,139;8,498;7,723;7,126;6,980;9,448;12,513;10,248;8,656;8,029;8,184;8,498;7,876;7,572;12,513;---;5,992;7,737;12,513
  10/1997;14,963;13,715;11,357;8,977;8,184;7,723;10,248;9,712;8,656;8,029;7,572;7,126;6,835;6,691;6,268;6,129;6,129;6,691;6,691;7,723;12,219;16,257;16,920;14,334;9,712;8,656;9,139;8,977;8,498;7,572;7,274;6,129;9,322;16,920
  11/1997;8,184;7,572;7,126;6,980;7,126;8,816;8,498;7,572;7,274;6,691;6,408;6,268;6,268;6,408;7,274;9,139;16,920;17,595;29,419;26,935;19,329;36,486;28,166;29,842;34,209;24,935;20,042;22,621;23,382;21,871;---;6,268;15,645;36,486
  12/1997;18,281;16,257;22,621;35,113;41,222;31,559;22,621;19,684;16,257;13,715;12,219;12,219;13,410;13,410;16,920;22,621;18,627;15,605;14,334;12,219;11,357;15,283;17,595;14,023;24,935;23,000;20,403;18,281;20,042;14,334;11,641;11,357;18,703;41,222
  01/1998;10,248;9,139;9,448;10,248;11,357;10,797;12,809;21,132;28,999;22,245;17,256;15,283;15,605;14,963;12,809;18,977;28,166;24,935;24,543;25,330;21,132;16,587;15,283;13,410;14,647;12,513;11,929;13,410;11,641;16,257;14,963;9,139;16,325;28,999
  02/1998;13,410;13,108;14,963;14,023;15,929;14,647;13,410;13,108;27,343;32,873;23,766;21,500;20,403;20,403;23,766;35,568;44,679;33,316;24,153;16,920;15,605;15,605;30,696;36,949;38,351;27,753;27,343;26,935;---;---;---;13,108;23,447;44,679
  03/1998;24,543;22,621;23,000;24,543;22,245;21,132;19,329;18,281;17,936;17,595;17,595;15,929;19,684;21,132;20,042;20,766;17,595;15,605;14,023;13,410;13,108;20,042;28,999;23,000;25,330;32,433;23,000;18,977;21,871;24,543;20,403;13,108;20,604;32,433
  04/1998;16,920;16,587;15,605;14,334;13,410;14,023;12,219;12,219;12,809;13,715;13,410;13,108;12,513;11,929;11,075;10,797;10,248;11,075;13,108;13,410;12,809;11,929;10,797;11,075;11,929;11,357;10,797;10,797;12,219;14,963;---;10,248;12,706;16,920
  05/1998;14,334;13,108;11,929;14,963;22,621;22,621;17,595;15,283;14,023;13,108;11,929;11,641;10,797;10,248;10,248;10,521;12,513;11,929;11,641;10,797;10,248;10,248;9,712;9,712;9,139;9,139;9,712;10,797;12,219;16,920;19,329;9,139;12,872;22,621
  06/1998;16,257;14,647;12,809;11,641;11,075;10,248;9,712;9,712;9,712;9,448;9,139;9,139;9,139;9,139;9,139;9,139;8,977;8,816;9,712;11,357;11,357;10,521;9,979;9,448;10,248;10,797;10,797;10,248;9,448;8,977;---;8,816;10,359;16,257
  07/1998;8,340;8,184;8,184;8,184;8,184;8,184;8,184;8,184;8,184;8,184;8,184;8,184;8,184;8,184;8,184;8,184;8,184;7,876;7,876;8,184;8,498;8,498;8,340;8,340;8,029;7,876;7,876;7,876;7,723;7,572;7,572;7,572;8,110;8,498
  08/1998;7,274;7,572;7,572;7,723;7,572;7,876;8,184;8,029;7,876;7,876;7,876;7,572;7,572;7,572;7,572;7,274;7,274;7,274;6,980;6,835;6,691;6,691;6,691;6,691;6,408;6,408;6,268;6,129;6,129;6,129;6,129;6,129;7,152;8,184
  09/1998;6,129;5,856;6,129;5,856;5,721;6,129;6,835;7,723;8,340;8,977;8,498;7,876;7,572;6,980;6,691;6,691;6,549;6,408;7,422;10,521;11,075;9,448;8,340;7,723;7,126;6,980;6,980;7,126;7,876;8,340;---;5,721;7,464;11,075
  10/1998;8,340;7,876;7,572;7,572;10,521;16,257;14,023;15,283;28,581;41,708;25,330;24,153;22,245;16,587;12,809;10,248;10,521;15,929;15,283;12,513;10,521;8,977;8,340;7,876;7,572;7,572;8,816;10,248;9,712;8,816;8,816;7,572;13,568;41,708
  11/1998;9,139;8,977;8,656;11,075;11,641;9,139;8,340;7,876;9,712;11,357;9,139;8,816;8,498;9,712;8,656;8,029;7,723;7,422;8,029;7,274;6,980;6,691;6,408;6,129;6,129;5,856;5,856;5,856;8,340;7,723;---;5,856;8,173;11,641
  12/1998;7,274;6,549;6,129;5,721;7,572;15,605;15,605;12,513;9,712;38,351;49,295;45,689;33,316;23,382;18,281;15,605;14,963;15,283;13,108;11,075;9,448;8,816;8,977;14,963;15,605;19,684;23,000;24,543;21,871;16,920;14,334;5,721;17,522;49,295
  01/1999;14,963;13,410;13,715;14,334;12,809;39,298;96,917;98,311;77,029;64,848;50,347;39,298;33,316;45,689;135,000;176,434;135,799;78,932;48,253;37,414;30,268;27,753;28,581;29,419;25,330;24,543;54,099;41,222;38,351;32,873;43,680;12,809;51,685;176,434
  02/1999;39,298;44,679;42,689;48,253;68,410;77,029;94,843;88,733;78,932;75,146;75,772;74,523;77,661;77,661;81,498;87,399;80,211;77,029;73,902;69,615;58,526;48,773;57,964;51,941;43,183;74,523;52,477;44,178;---;---;---;39,298;66,602;94,843
  03/1999;44,679;45,689;38,824;36,026;33,316;31,559;31,559;31,559;30,696;26,935;38,351;59,089;42,198;31,559;29,419;26,935;24,935;26,530;24,935;24,153;23,382;25,727;24,543;39,298;31,995;23,382;20,042;18,627;17,936;18,627;17,936;17,936;30,337;59,089
  01/2002;19,684;15,929;14,023;12,661;10,936;11,785;15,443;16,422;41,708;46,964;28,166;18,281;41,222;59,372;64,262;64,848;42,936;27,959;23,574;59,655;64,262;39,776;34,209;37,414;44,178;33,761;31,342;39,061;25,727;20,766;17,936;10,936;33,041;64,848
  02/2002;17,256;17,765;16,754;15,443;14,023;13,410;16,587;18,627;37,414;39,298;42,689;31,995;23,382;25,727;20,042;20,584;23,766;18,281;15,605;14,023;16,920;44,178;50,347;42,443;28,789;20,222;18,627;16,920;---;---;---;13,410;24,326;50,347
  03/2002;16,587;15,929;19,153;21,132;20,948;16,257;13,869;12,661;14,805;15,443;12,661;11,785;11,216;11,357;11,216;15,443;15,443;16,920;21,685;18,802;14,023;12,513;11,216;11,357;31,559;32,213;20,584;22,058;18,281;15,123;13,410;11,216;16,634;32,213
  04/2002;12,513;10,936;10,797;10,113;12,809;16,422;13,410;20,584;20,948;15,283;12,513;11,357;10,521;10,384;9,580;9,318;8,930;8,803;8,357;8,147;8,077;8,077;7,938;7,869;7,732;---;---;---;7,596;7,664;---;---;---;---
  05/2002;7,664;7,938;7,869;8,357;8,287;8,803;10,521;9,188;8,550;8,930;8,287;7,938;7,938;7,596;7,528;7,326;7,259;7,192;7,664;9,845;12,366;15,929;13,715;10,658;9,059;8,550;8,008;7,938;7,801;7,732;7,664;7,192;8,842;15,929
  06/2002;7,393;7,664;7,596;7,528;7,460;7,126;7,060;7,393;6,797;6,994;7,192;7,326;6,797;7,192;6,667;6,475;6,603;7,126;6,928;6,862;6,862;6,475;6,095;6,347;7,126;6,475;6,347;6,284;6,158;6,284;---;6,095;6,888;7,664
  07/2002;6,158;6,797;5,244;6,732;5,909;5,786;5,724;5,847;6,667;5,127;6,475;6,033;7,126;5,847;6,347;6,994;5,971;5,971;6,347;6,221;5,068;5,847;6,667;5,971;6,221;5,724;5,786;4,403;5,244;5,909;5,303;4,403;5,983;7,126
  08/2002;5,664;10,797;15,929;17,425;10,658;8,357;14,334;10,113;8,008;6,797;6,475;6,221;6,732;5,542;5,664;5,724;5,363;4,266;5,010;5,010;5,603;4,403;4,495;4,221;3,735;4,357;4,495;5,664;4,176;5,010;5,847;3,735;6,971;17,425
  09/2002;4,952;5,603;5,724;5,482;4,894;4,086;5,724;6,411;5,971;5,603;5,303;5,010;4,837;5,010;5,542;5,244;4,894;4,837;4,554;4,495;9,580;11,641;9,059;7,259;6,158;5,909;5,482;5,068;4,610;4,449;---;4,086;5,780;11,641
  10/2002;4,403;4,723;4,449;4,403;4,357;4,266;4,495;4,176;3,997;3,909;3,606;3,521;3,436;3,394;3,311;3,066;3,025;2,985;3,066;3,909;4,403;5,363;5,422;4,610;4,495;4,495;4,952;4,610;4,495;8,287;8,803;2,985;4,401;8,803
  11/2002;6,797;5,664;4,952;4,449;4,311;4,723;4,357;4,221;3,909;3,821;4,495;6,033;6,347;6,475;6,667;6,732;6,347;5,664;5,482;5,010;4,495;4,357;4,086;5,068;6,095;5,303;5,363;7,460;15,605;11,929;---;3,821;5,874;15,605
  12/2002;8,803;7,664;8,077;8,428;7,259;6,667;6,411;6,994;6,667;7,126;6,284;5,847;12,661;17,936;10,797;11,499;9,845;7,869;6,475;6,221;6,994;11,929;7,528;7,060;6,732;7,192;6,862;6,411;5,847;5,542;5,127;5,127;7,960;17,936
  01/2003;4,837;4,837;13,410;17,425;16,093;25,330;29,842;20,766;11,216;7,664;11,075;16,257;20,766;18,627;13,410;9,448;8,287;8,676;10,248;17,425;20,403;23,960;30,696;37,181;31,559;28,166;24,153;33,761;53,556;57,964;38,824;4,837;21,479;57,964
  02/2003;28,789;23,191;17,088;14,647;13,410;11,075;10,113;9,845;9,188;8,550;8,077;7,801;7,938;8,676;9,979;11,075;12,366;22,058;18,454;15,443;13,715;10,658;9,059;7,664;7,393;6,994;6,475;6,475;---;---;---;6,475;12,007;28,789
  03/2003;6,411;6,158;6,033;6,095;5,847;10,248;9,712;10,248;10,521;10,113;15,767;16,920;19,329;14,178;10,658;10,248;12,074;9,059;8,217;8,357;10,248;14,023;10,658;8,428;7,732;7,596;8,008;8,930;8,147;7,393;7,126;5,847;9,822;19,329
  04/2003;6,603;6,475;6,347;6,411;6,667;7,192;7,664;7,528;7,259;7,393;7,596;8,147;7,664;7,192;6,797;6,411;6,221;6,095;5,971;7,259;8,803;7,869;7,393;6,928;6,539;6,347;6,033;5,847;5,724;5,542;---;5,542;6,864;8,803
  05/2003;5,482;5,971;8,287;8,287;7,528;9,059;8,930;7,869;7,192;6,539;6,539;6,284;6,033;5,909;5,847;5,724;5,724;5,724;5,724;5,603;5,422;5,482;5,603;6,539;7,060;6,347;5,909;5,847;5,724;5,664;5,664;5,422;6,436;9,059
  06/2003;5,542;5,542;5,542;5,422;6,033;8,428;6,797;6,347;6,033;5,786;5,724;5,542;5,482;5,303;5,185;5,127;5,127;5,068;5,185;5,422;5,303;5,303;5,244;5,068;4,952;4,952;4,952;4,894;4,952;5,010;---;4,894;5,509;8,428
  07/2003;4,952;5,068;4,952;4,723;4,610;4,610;4,666;4,554;4,610;4,449;5,603;6,732;5,724;5,422;5,303;5,363;5,010;4,952;4,723;4,723;4,894;4,894;4,554;4,403;4,554;4,403;4,449;4,449;4,449;4,449;4,554;4,403;4,865;6,732
  08/2003;4,495;4,403;4,266;4,403;4,311;4,666;4,449;4,449;4,894;4,723;4,952;4,894;4,357;4,554;4,449;4,666;4,554;4,554;4,495;4,221;4,176;4,086;3,953;3,909;4,086;4,403;4,610;4,266;4,403;4,357;4,266;3,909;4,428;4,952
  09/2003;4,266;4,221;4,266;3,953;3,563;3,691;3,648;3,648;3,521;3,691;4,176;4,554;4,610;3,997;4,086;3,997;4,495;4,449;4,086;3,997;3,735;3,648;3,691;3,311;3,311;3,311;2,945;3,025;3,436;3,563;---;2,945;3,830;4,610
  10/2003;3,270;3,025;2,906;2,749;2,519;2,788;3,270;3,436;5,363;5,010;12,219;40,015;19,684;11,929;7,938;6,158;5,664;4,610;3,691;3,997;4,554;3,521;4,357;4,311;3,997;3,270;3,648;4,221;4,086;4,449;4,449;2,519;6,294;40,015
  11/2003;4,311;4,610;4,723;5,127;4,042;4,086;5,303;6,994;4,610;4,837;5,010;4,131;4,894;5,786;6,347;5,068;10,936;33,761;21,871;13,410;8,803;6,994;5,847;6,539;6,221;6,797;6,732;7,528;8,077;6,347;---;4,042;7,658;33,761
  12/2003;27,138;40,496;21,685;24,153;19,329;23,000;23,960;16,093;13,715;14,178;11,785;10,936;9,712;7,528;6,862;8,147;9,318;10,797;8,676;7,528;15,767;24,348;34,660;30,481;18,977;12,513;10,113;9,580;7,938;7,393;7,192;6,862;15,935;40,496
  01/2004;7,801;9,188;8,357;7,801;7,126;6,797;7,126;14,805;21,132;29,419;23,960;15,929;16,587;17,088;13,562;22,245;17,425;11,216;9,188;7,869;7,801;7,192;8,803;16,920;14,334;10,797;26,127;34,886;24,153;18,802;15,123;6,797;14,824;34,886
  02/2004;18,627;14,647;21,685;17,936;13,715;12,661;22,811;20,948;14,647;11,075;8,550;7,869;7,869;8,550;12,958;17,936;14,178;11,216;8,676;8,357;10,384;21,500;50,611;84,755;66,916;44,931;33,985;25,927;19,684;---;---;7,869;21,848;84,755
  03/2004;16,257;14,334;12,958;13,562;13,108;12,661;16,920;15,767;13,108;11,641;10,248;9,712;9,188;9,059;14,023;14,490;11,357;10,113;9,712;15,605;21,871;14,963;11,357;9,188;8,803;8,217;12,661;14,963;11,357;10,248;14,963;8,217;12,659;21,871
  04/2004;12,219;9,979;8,217;7,869;8,550;8,287;8,550;8,930;9,712;12,513;11,357;9,979;12,661;11,216;10,113;19,684;27,138;20,584;17,256;40,979;38,351;40,015;27,753;18,108;14,490;12,661;11,785;10,936;9,845;8,930;---;7,869;15,622;40,979
  05/2004;8,550;8,550;8,008;7,869;7,732;8,077;11,357;21,871;16,754;12,809;10,521;9,580;8,803;8,676;9,448;14,647;15,929;12,661;11,075;10,113;8,930;10,521;12,219;10,384;14,178;27,547;30,481;20,766;15,283;12,661;18,977;7,732;13,064;30,481
  06/2004;25,927;21,315;17,936;27,138;29,630;21,500;16,257;14,178;12,513;12,366;11,499;11,216;12,958;12,661;12,219;13,715;11,929;11,216;9,845;8,930;8,803;8,428;8,287;8,287;8,930;9,845;9,059;8,803;8,803;8,357;---;8,287;13,418;29,630
  07/2004;8,008;7,869;7,801;7,869;7,869;8,008;7,869;7,869;8,357;12,513;22,811;17,595;12,513;10,113;9,188;8,930;8,550;8,147;15,283;44,931;30,910;19,863;14,334;11,641;10,521;10,113;9,448;9,318;8,930;8,676;8,550;7,801;12,400;44,931
  08/2004;8,287;8,008;8,357;8,147;7,938;7,596;7,869;7,664;6,994;6,539;6,411;6,411;6,158;5,971;6,033;6,411;6,411;6,284;6,475;6,284;6,347;6,158;6,158;6,158;6,033;5,847;5,909;5,847;5,971;6,158;5,786;5,786;6,665;8,357
  09/2004;5,664;5,542;5,542;5,303;5,303;5,542;5,127;5,068;5,068;4,894;4,952;4,780;4,723;4,666;4,837;4,666;4,723;5,068;5,603;6,539;5,847;5,482;5,127;4,837;4,495;4,449;4,449;4,723;4,837;4,357;---;4,357;5,074;6,539
  10/2004;4,495;4,952;5,971;7,596;7,126;6,667;5,847;6,033;5,363;5,244;8,077;8,803;7,664;17,425;17,256;12,366;13,108;14,490;13,410;16,587;12,366;8,803;7,801;8,147;10,658;24,739;17,425;10,797;8,147;7,126;6,539;4,495;10,033;24,739
  11/2004;6,284;6,603;8,077;8,357;6,797;9,712;10,658;12,219;9,580;7,664;7,060;7,938;7,732;6,994;6,797;12,809;32,873;26,732;21,315;21,685;15,767;11,216;8,550;7,664;6,928;6,475;6,221;8,287;15,929;15,443;---;6,221;11,346;32,873
  12/2004;10,248;7,801;6,994;7,664;7,259;6,928;6,862;9,712;12,366;16,257;14,805;9,845;7,732;7,126;6,539;6,158;6,095;6,797;8,803;10,797;12,661;9,845;9,448;12,661;10,936;12,513;35,340;33,538;21,132;13,869;10,248;6,095;11,580;35,340
  01/2006;---;---;---;---;---;---;---;---;---;---;---;---;---;---;---;---;---;12,809;9,188;8,676;9,979;7,938;7,460;7,060;7,259;7,259;7,259;8,287;18,108;26,935;33,094;---;---;---
  02/2006;36,949;28,581;18,802;16,257;18,627;15,443;11,357;11,357;15,605;26,328;43,431;59,939;45,689;37,181;43,680;94,499;66,619;52,209;35,797;27,547;26,732;35,568;31,995;21,685;17,425;16,587;14,963;13,108;---;---;---;11,357;31,570;94,499
  03/2006;12,366;20,042;18,281;13,410;22,058;40,255;52,746;35,568;22,245;16,257;19,329;17,425;14,334;12,809;12,809;12,958;15,605;14,178;13,108;13,410;13,108;18,108;22,621;21,871;16,754;23,000;23,766;18,108;22,811;51,674;39,298;12,366;21,623;52,746
  04/2006;23,960;16,754;14,023;12,809;11,357;---;---;---;---;---;---;11,357;10,248;9,318;9,318;9,059;9,712;10,113;9,318;9,188;8,676;9,059;8,930;8,357;8,803;8,357;8,217;7,938;8,077;8,676;---;---;---;---
  05/2006;8,428;8,676;8,287;8,077;7,938;8,217;8,008;8,217;8,550;8,357;8,357;8,217;7,938;8,357;8,008;8,077;7,938;8,008;7,801;7,732;7,938;8,077;9,188;9,712;9,448;8,930;8,428;8,217;8,077;---;---;---;---;---
  06/2006;---;---;---;7,596;7,192;---;---;---;---;---;---;---;---;7,326;7,060;6,928;6,928;7,126;7,259;7,060;---;---;---;---;---;---;---;8,428;7,801;7,732;---;---;---;---
  07/2006;7,664;7,326;7,259;7,259;7,192;---;---;---;---;---;---;10,797;8,676;8,077;7,460;7,460;7,126;6,797;---;---;---;---;---;---;---;---;---;6,539;6,928;8,676;8,428;---;---;---
  08/2006;11,216;10,113;8,550;8,217;7,528;7,393;6,928;---;---;---;---;---;---;---;---;---;---;---;---;---;---;---;6,667;6,539;6,411;---;---;---;6,928;6,732;6,603;---;---;---
  09/2006;7,326;12,809;15,123;10,797;8,550;7,732;7,460;7,732;7,732;7,801;7,732;7,801;7,732;7,528;7,326;7,192;7,664;10,248;12,219;9,712;9,059;8,147;7,732;7,460;7,460;7,126;6,928;6,732;6,732;6,797;---;6,732;8,413;15,123
  10/2006;6,862;7,869;8,550;7,869;10,384;12,809;10,113;9,059;8,008;7,732;7,060;6,797;7,869;7,732;7,326;7,326;8,676;9,979;9,318;8,357;7,596;6,994;6,797;6,539;6,347;6,347;6,347;6,033;5,786;5,786;5,664;5,664;7,740;12,809
  11/2006;6,475;6,928;10,521;10,384;7,596;6,411;5,909;5,422;5,244;4,952;5,724;5,971;5,847;5,664;5,909;5,909;5,847;5,664;5,422;8,287;8,803;8,550;7,393;6,411;6,221;7,192;15,929;15,767;21,315;13,259;---;4,952;8,031;21,315
  12/2006;9,059;7,732;6,862;6,994;17,595;18,802;30,910;15,767;13,410;16,587;12,661;8,676;7,326;7,393;7,664;9,059;8,930;8,550;7,393;11,357;8,550;8,077;8,287;9,318;15,443;18,108;15,929;12,513;8,803;7,528;7,938;6,862;11,394;30,910
  01/2007;17,765;21,315;18,802;24,153;33,538;42,689;43,183;45,943;34,209;20,766;15,443;12,513;20,584;18,802;15,283;12,074;9,712;22,811;56,571;47,220;31,995;26,935;22,245;16,920;15,439;14,843;15,943;17,088;17,088;19,684;20,766;9,712;24,268;56,571
  02/2007;17,088;14,353;13,112;11,647;11,204;10,768;11,028;12,007;19,153;15,841;13,206;13,394;12,371;11,380;10,424;10,000;10,338;10,084;10,509;13,870;12,097;10,509;9,833;9,256;---;---;---;---;---;---;---;---;---;---
  03/2007;---;---;8,535;8,300;8,145;7,914;7,686;7,762;8,222;8,067;7,990;8,852;10,424;9,584;12,647;12,371;11,292;14,548;21,500;23,960;22,058;16,093;13,112;11,916;10,941;11,204;10,424;9,749;9,013;8,614;8,852;---;---;---
  04/2007;8,693;8,378;8,067;7,838;7,990;7,611;7,386;7,461;8,852;11,647;10,595;9,501;8,852;10,424;10,000;8,772;8,378;8,614;8,535;8,222;8,145;10,253;11,647;11,028;9,419;8,693;8,693;8,932;9,013;8,378;---;7,386;9,001;11,647
  05/2007;8,300;7,914;7,686;7,536;---;---;7,762;6,874;7,386;7,686;7,838;7,238;7,165;7,238;7,312;7,165;6,874;7,019;6,659;7,019;6,946;7,686;12,007;13,870;11,737;10,084;9,337;8,614;8,378;7,990;7,838;---;---;---
  06/2007;7,914;8,932;14,744;17,256;14,063;12,371;10,253;9,501;8,852;8,772;8,456;8,222;7,914;7,686;7,914;7,461;7,536;7,536;7,312;7,019;---;---;---;---;---;---;---;7,165;6,946;6,946;---;---;---;---
  07/2007;6,517;6,587;6,306;6,306;6,376;6,306;6,376;6,446;6,237;6,031;6,175;6,127;6,079;5,983;6,127;6,730;11,380;19,153;22,621;15,140;12,279;10,338;10,084;12,554;39,537;60,508;39,776;23,191;15,140;12,279;11,292;5,983;13,419;60,508
  08/2007;11,116;10,253;9,749;9,419;9,013;9,013;8,456;8,378;8,378;7,990;7,838;7,838;7,686;7,536;7,461;7,238;7,019;7,019;7,092;6,730;6,587;6,874;6,517;7,019;6,517;6,446;6,446;6,446;6,517;6,587;6,517;6,446;7,668;11,116
  09/2007;6,446;6,587;7,990;9,419;9,419;8,378;7,762;7,312;7,092;6,946;6,517;6,446;6,376;6,306;6,446;6,517;6,659;6,946;6,802;6,517;6,517;6,874;6,802;6,730;6,175;6,376;6,587;6,802;6,874;6,659;---;6,175;6,976;9,419
  10/2007;6,802;6,587;6,306;6,587;6,376;7,092;7,386;7,461;7,238;7,238;7,165;7,092;7,092;7,092;7,386;8,456;8,614;8,067;7,838;7,990;8,067;7,686;7,914;7,914;12,832;15,040;12,462;10,338;9,337;8,378;7,990;6,306;8,188;15,040
  11/2007;7,461;9,501;15,040;38,587;52,746;---;---;---;---;---;---;---;---;16,587;13,679;12,371;11,826;11,116;10,338;13,966;14,941;12,097;10,253;9,501;9,013;8,693;9,093;9,419;8,378;7,838;---;---;---;---
  12/2007;7,386;7,019;6,802;6,874;8,456;9,833;13,206;23,960;20,948;14,646;12,007;11,116;15,539;15,943;13,394;12,097;11,380;13,966;13,584;20,766;31,126;43,183;27,343;19,153;14,353;12,462;11,469;10,509;9,833;9,916;9,419;6,802;14,764;43,183
  01/2008;8,693;8,693;9,093;11,028;10,854;13,394;19,507;27,138;21,132;13,489;11,204;11,826;36,486;36,486;36,717;28,166;21,132;16,257;19,863;29,630;53,016;38,824;26,328;18,108;15,140;13,966;13,206;13,018;15,539;35,340;39,537;8,693;21,704;53,016
  02/2008;33,316;25,132;24,348;30,055;22,245;21,871;19,507;22,621;20,766;17,936;18,627;15,040;14,256;15,040;13,775;14,159;13,300;12,832;16,257;26,935;18,281;15,539;14,941;15,239;20,403;17,595;14,646;12,554;12,371;---;---;12,371;18,606;33,316
  03/2008;12,371;15,640;18,108;15,640;13,584;12,007;11,116;11,469;18,627;23,960;19,684;19,863;40,496;59,089;45,436;38,116;66,026;124,409;92,107;70,221;42,936;32,213;25,330;24,543;24,348;20,403;24,739;21,685;20,948;17,425;15,640;11,116;32,199;124,409
  04/2008;14,548;14,451;14,646;16,920;16,920;14,744;16,920;19,863;17,425;17,595;18,281;17,256;17,595;18,802;34,660;29,842;23,191;23,766;17,936;17,765;---;---;---;22,621;18,281;15,740;14,744;14,063;13,489;26,530;---;---;---;---
  05/2008;30,268;26,328;59,939;49,034;30,268;23,382;19,507;16,587;15,539;14,744;14,353;14,256;13,870;13,870;13,775;13,300;13,018;13,206;13,018;12,554;12,832;13,112;---;---;---;---;---;---;---;---;---;---;---;---
  08/2011;---;---;---;---;---;---;---;---;8,187;7,629;7,629;7,907;7,698;7,629;7,976;7,907;7,837;7,353;7,284;7,560;8,930;8,469;8,327;10,521;10,113;9,845;9,712;9,448;9,318;9,188;9,318;---;---;---
  09/2011;12,809;10,797;9,712;9,059;8,676;8,327;8,187;8,327;8,327;8,327;8,187;8,046;8,046;8,046;7,976;7,698;7,698;7,560;7,491;7,491;7,353;7,353;7,491;7,491;7,422;7,216;7,079;7,079;7,148;7,079;---;7,079;8,117;12,809
  10/2011;6,944;6,944;7,837;8,469;7,767;7,629;7,422;7,284;8,187;10,521;8,930;8,327;8,327;9,979;14,647;25,727;22,621;17,765;12,958;10,658;9,059;8,550;8,398;8,676;8,803;9,448;9,318;8,469;8,187;15,443;21,685;6,944;10,806;25,727
  11/2011;14,490;10,521;7,907;7,284;7,011;6,741;6,673;6,876;7,216;6,944;7,560;8,187;9,712;23,960;44,679;62,517;39,537;19,863;13,869;11,499;9,712;9,580;12,366;11,216;9,059;8,116;12,074;22,621;22,811;18,977;---;6,673;15,319;62,517
  12/2011;15,605;14,805;13,410;10,658;9,712;10,936;12,809;11,075;14,178;30,910;35,340;20,948;13,108;9,318;9,188;8,930;8,257;7,698;7,629;7,629;7,216;6,606;7,560;7,422;7,148;6,808;6,741;6,539;12,074;8,116;8,327;6,539;11,506;35,340
  01/2012;13,259;25,528;17,765;11,785;8,930;8,187;7,976;7,976;8,327;14,178;17,425;14,805;14,805;12,958;14,805;33,094;33,094;44,178;41,465;33,761;26,127;24,739;22,245;24,739;24,739;25,132;21,315;24,935;27,138;21,315;16,093;7,976;20,736;44,178
  02/2012;13,562;12,219;11,499;10,248;9,580;8,803;8,398;8,046;7,767;7,767;11,499;23,000;28,789;22,621;15,929;11,929;10,248;9,580;9,318;9,188;16,587;19,153;14,490;11,929;12,958;12,958;20,948;20,766;15,929;---;---;7,767;13,645;28,789
  03/2012;12,513;10,658;11,216;19,329;20,584;13,108;10,658;9,448;8,398;8,116;16,257;14,647;11,499;14,647;12,366;12,074;12,074;10,248;9,188;8,469;8,257;8,046;10,521;11,357;9,712;9,448;10,113;10,521;12,661;10,658;9,979;8,046;11,509;20,584
  04/2012;9,059;8,327;8,187;8,803;9,188;8,550;8,187;7,907;9,318;12,366;10,248;9,845;12,074;11,499;12,366;22,058;20,584;13,410;10,384;9,059;15,929;54,372;36,256;19,507;12,958;11,357;17,256;18,281;15,605;28,166;---;7,907;15,037;54,372
  05/2012;51,407;38,116;24,543;15,929;14,334;13,108;12,074;11,216;10,658;9,979;9,580;9,712;11,641;12,513;13,108;13,259;12,219;11,499;10,384;10,113;9,979;9,979;10,113;9,845;14,334;20,403;16,257;13,259;12,219;11,216;10,936;9,580;14,643;51,407
  06/2012;10,936;10,658;10,797;10,113;11,785;26,127;24,935;17,595;16,422;15,605;14,334;19,684;16,754;13,410;11,357;10,797;10,248;9,712;9,188;17,088;39,537;52,477;45,943;28,373;20,403;16,422;14,334;13,108;12,074;11,499;---;9,188;18,057;52,477
  07/2012;11,075;10,797;10,797;12,219;10,658;10,113;9,979;10,797;11,075;10,797;10,248;9,979;9,979;9,979;9,318;9,318;15,767;28,999;25,727;17,936;14,023;12,366;11,785;11,499;10,936;10,797;10,521;10,384;10,113;9,845;9,448;9,318;12,170;28,999
  08/2012;9,188;9,580;9,059;8,930;8,676;8,676;8,469;8,469;8,327;8,187;8,116;8,046;7,976;7,907;7,907;7,907;7,907;7,907;7,837;7,907;7,698;7,422;7,353;7,284;7,216;7,284;7,284;7,216;7,216;7,216;7,148;7,148;7,978;9,580
  09/2012;6,944;7,079;7,216;7,148;6,876;6,741;6,539;6,673;6,741;6,673;6,472;6,272;6,272;6,539;6,539;6,539;6,472;6,272;6,008;6,008;6,272;7,079;7,353;7,079;6,944;6,944;6,606;6,405;6,405;6,405;---;6,008;6,651;7,353
  10/2012;6,405;6,405;6,539;7,491;7,284;8,469;8,550;7,767;7,491;7,148;6,944;6,876;8,257;8,327;7,560;7,491;7,560;8,676;8,046;11,785;14,023;11,785;11,216;14,334;14,023;10,384;8,327;8,046;11,929;14,490;9,580;6,405;9,136;14,490
  11/2012;8,327;8,550;7,837;7,422;6,741;6,673;6,405;6,405;8,469;12,513;11,785;9,845;12,366;14,805;10,658;8,676;8,046;7,422;6,944;8,116;9,059;7,284;6,539;6,206;6,140;7,353;7,491;6,606;6,472;6,206;---;6,140;8,245;14,805
  12/2012;5,746;6,741;11,785;12,074;9,979;9,712;11,357;8,257;7,284;6,944;6,673;6,339;6,140;6,472;20,042;23,766;17,256;19,329;14,178;9,979;14,334;12,219;8,550;8,327;8,550;8,116;8,116;7,976;7,767;12,366;26,127;5,746;11,048;26,127
  01/2013;25,528;15,767;11,216;9,059;12,366;8,676;8,930;9,580;9,979;20,042;20,222;19,863;27,547;42,936;38,587;24,935;24,935;22,245;16,920;20,766;19,507;13,410;10,797;9,448;9,059;9,059;10,797;10,113;9,318;8,327;7,976;7,976;16,384;42,936
  02/2013;7,907;11,216;11,357;9,712;12,074;12,366;47,478;44,931;37,647;30,055;40,979;25,727;17,595;17,425;16,920;20,584;13,410;11,075;10,113;12,219;11,075;8,930;9,188;8,327;8,803;8,116;8,398;8,676;---;---;---;7,907;17,225;47,478
  03/2013;7,976;8,046;9,318;8,116;7,216;7,148;7,907;12,661;15,929;19,153;17,595;20,948;24,348;23,382;15,605;16,587;33,985;33,316;22,245;17,256;16,754;19,863;16,754;14,647;17,256;18,627;15,123;14,023;12,219;11,357;10,113;7,148;15,983;33,985
  04/2013;9,059;8,327;8,676;15,283;18,802;37,881;30,696;17,936;13,715;11,499;10,521;9,059;11,357;27,959;23,382;17,425;14,334;12,366;11,785;11,075;10,658;9,979;9,188;8,930;8,930;8,803;8,469;8,327;8,676;8,930;---;8,327;13,734;37,881
  05/2013;8,803;8,930;8,469;8,257;8,046;8,116;8,187;8,116;7,907;7,837;7,837;7,767;7,976;7,976;7,907;7,907;7,976;7,976;7,907;7,767;7,629;7,698;7,837;8,327;8,257;8,116;7,907;9,188;17,425;18,281;15,605;7,629;8,966;18,281
  06/2013;11,499;10,113;12,958;12,219;10,248;8,930;8,469;8,257;8,116;7,767;7,629;8,550;17,765;18,627;11,785;9,845;11,075;12,366;10,521;9,059;8,676;9,188;9,448;9,059;8,803;10,658;10,936;9,712;9,059;11,499;---;7,629;10,428;18,627
  07/2013;23,574;23,766;17,256;13,410;10,521;8,803;8,187;8,398;8,257;8,046;7,560;7,422;7,148;7,079;7,011;7,216;7,079;6,539;6,741;6,339;6,808;6,808;7,422;9,188;12,661;19,329;13,869;10,658;9,448;8,469;8,116;6,339;10,101;23,766
  08/2013;7,837;7,491;7,353;7,353;7,353;7,216;6,808;6,606;6,339;6,206;6,472;6,140;6,074;6,472;6,673;6,472;6,472;6,539;6,876;7,079;6,405;5,942;5,811;5,877;5,616;5,422;5,877;6,405;6,206;6,008;5,551;5,422;6,482;7,837
  09/2013;5,358;5,039;5,487;6,074;6,606;6,140;5,616;5,616;5,422;5,230;4,976;4,976;5,103;5,103;5,358;5,230;5,616;7,148;7,422;6,272;5,746;5,551;5,616;6,074;6,339;6,272;6,008;5,422;5,746;5,877;---;4,976;5,748;7,422
  10/2013;6,272;7,767;9,580;11,499;14,490;11,357;8,398;7,284;6,405;5,942;5,551;5,422;4,976;5,103;5,358;6,140;7,422;7,422;19,153;19,684;10,797;8,469;15,123;12,366;8,930;7,079;6,808;6,405;5,811;5,551;5,487;4,976;8,647;19,684
  11/2013;5,551;5,230;4,976;5,230;6,741;7,976;7,837;7,837;7,148;6,606;6,008;5,877;6,074;5,746;5,681;5,877;7,216;8,116;7,079;7,148;7,079;6,606;6,944;8,398;9,448;9,845;8,398;9,188;9,448;12,366;---;4,976;7,256;12,366
  12/2013;8,257;6,741;6,206;6,074;6,074;6,876;7,767;9,712;10,384;9,580;9,845;11,216;8,550;7,422;6,206;5,551;5,039;4,787;4,787;5,039;5,487;5,166;5,039;5,294;5,551;6,539;5,551;5,294;6,808;10,384;7,422;4,787;6,924;11,216
  01/2014;7,148;7,907;7,079;6,339;6,206;5,358;4,476;4,048;4,414;4,048;3,689;4,538;12,366;12,513;12,074;9,580;7,353;6,472;5,877;5,166;4,662;4,353;3,927;3,867;5,039;4,662;4,353;3,988;3,927;3,629;3,395;3,395;5,886;12,513
  02/2014;3,395;2,936;2,936;2,879;2,879;2,823;2,823;3,049;3,106;2,936;2,823;2,823;2,712;2,879;3,808;3,927;4,538;7,976;6,876;5,746;4,913;4,414;3,988;4,048;5,551;4,850;5,230;5,103;---;---;---;2,712;3,999;7,976
  03/2014;8,930;12,513;12,219;8,469;7,216;6,606;5,811;10,797;8,930;7,629;7,079;6,741;6,405;6,074;5,681;5,103;5,551;5,230;4,725;5,422;4,976;6,140;8,803;8,469;7,216;6,272;5,294;4,850;4,476;4,787;5,681;4,476;6,906;12,513
  04/2014;6,741;7,011;7,767;8,550;6,876;5,877;5,358;4,913;4,787;4,662;4,291;4,169;5,039;8,116;7,560;12,366;13,869;8,469;7,629;6,606;5,942;5,294;5,166;5,166;4,850;4,725;4,850;4,976;4,600;4,169;---;4,169;6,346;13,869
  05/2014;4,169;4,414;4,476;4,109;3,988;4,048;3,988;3,689;3,395;3,689;3,808;3,512;3,453;3,512;3,453;3,279;3,395;3,395;3,570;3,395;3,163;3,279;4,600;4,913;4,787;4,476;4,976;4,725;4,538;4,414;3,988;3,163;3,955;4,976
  06/2014;3,927;4,476;4,538;4,476;4,414;4,291;4,353;4,230;4,353;4,109;3,808;3,629;3,453;3,163;3,163;3,106;2,823;2,879;2,767;2,329;2,222;2,275;1,959;1,456;1,033;1,124;1,171;1,264;3,629;3,453;---;1,033;3,129;4,538
  07/2014;2,275;1,805;1,704;1,704;1,704;1,604;1,653;1,754;1,856;2,011;2,546;2,546;2,656;2,437;2,437;2,329;2,329;2,169;2,329;2,116;2,011;1,959;1,754;1,805;2,712;2,767;3,279;3,629;3,570;3,337;3,049;1,604;2,317;3,629
  08/2014;2,767;2,437;2,275;2,275;2,275;2,011;1,907;2,063;2,063;1,959;2,011;1,856;2,011;2,222;2,222;2,063;2,169;2,063;2,169;2,169;1,959;1,856;1,856;1,907;1,907;2,275;2,601;2,491;2,329;2,222;2,169;1,856;2,147;2,767
  09/2014;2,329;2,222;5,230;5,616;4,157;4,221;4,092;3,462;2,573;2,075;1,969;1,864;1,709;1,411;1,316;1,460;1,558;1,268;1,411;1,916;2,022;2,293;1,969;1,812;1,812;1,916;3,098;2,803;2,745;2,687;---;1,268;2,501;5,616
  10/2014;2,687;2,687;2,238;1,812;1,760;1,558;1,509;1,460;1,411;1,363;1,363;1,316;1,268;1,175;1,222;1,040;1,084;0,866;0,824;1,558;1,316;1,363;1,363;1,175;1,658;1,864;1,916;1,608;1,268;1,411;1,411;0,824;1,502;2,687
  11/2014;1,411;1,864;1,608;1,864;2,183;2,348;2,293;3,098;2,687;2,516;2,183;1,969;1,608;1,460;1,509;1,658;1,916;1,658;1,608;1,658;1,608;1,608;1,658;1,760;1,658;3,462;3,837;3,278;3,158;3,038;---;1,411;2,139;3,837
  12/2014;3,038;3,038;2,573;2,404;2,573;2,348;2,460;2,129;1,760;1,969;2,183;2,803;3,038;5,713;6,430;5,926;3,331;2,705;2,425;4,327;16,110;8,899;10,987;33,713;35,063;20,052;16,265;9,978;6,739;6,338;6,739;1,760;7,550;35,063
  01/2015;4,608;3,395;2,942;2,518;2,379;2,379;2,242;3,268;4,327;3,085;2,379;2,242;2,016;2,564;3,523;5,337;3,459;2,564;1,882;1,534;1,534;2,016;1,926;2,287;1,706;6,984;8,326;12,727;7,448;5,262;4,189;1,534;3,647;12,727
  02/2015;3,134;2,518;2,518;6,024;5,262;15,190;18,358;12,727;7,342;7,663;7,881;5,868;5,114;3,523;3,395;11,246;22,913;34,837;46,009;34,837;20,574;11,641;7,663;5,262;4,823;3,785;3,085;3,588;---;---;---;2,518;11,314;46,009
  03/2015;3,719;2,990;2,564;2,060;1,576;1,322;1,116;1,838;4,121;6,658;14,296;17,539;12,451;9,612;10,101;13,572;12,178;8,899;7,066;6,578;12,178;11,246;14,432;13,628;11,268;8,568;7,456;6,453;5,417;5,282;5,215;1,116;7,787;17,539
  04/2015;5,282;4,949;4,171;3,486;3,007;5,553;9,329;9,099;7,676;6,382;5,350;4,621;3,981;3,794;3,608;3,608;3,732;3,547;3,486;6,665;7,311;6,242;5,826;6,033;5,082;4,752;4,362;3,918;3,856;3,547;---;3,007;5,075;9,329
  05/2015;3,305;2,949;3,007;3,245;3,732;3,981;3,981;3,981;3,486;3,007;3,981;7,529;6,382;6,033;5,350;4,817;4,556;4,234;3,981;5,485;5,149;4,362;4,621;4,234;3,918;3,608;3,245;3,125;4,427;7,529;9,099;2,949;4,527;9,099
  06/2015;15,141;13,929;10,594;8,947;7,311;6,103;5,621;5,082;4,817;4,556;4,362;4,298;3,794;3,547;3,856;4,298;4,949;4,298;3,312;3,918;3,252;2,960;2,340;2,177;2,017;1,808;1,964;1,964;1,912;1,808;---;1,808;4,831;15,141
  07/2015;1,912;1,860;1,706;1,808;2,340;2,505;2,561;2,340;2,844;3,018;2,902;2,561;2,674;2,730;2,450;2,177;2,177;1,912;1,706;1,555;1,457;1,860;1,655;1,408;1,912;2,450;3,018;2,902;2,844;2,505;2,177;1,408;2,256;3,018
  08/2015;1,912;1,655;1,605;1,605;1,457;1,264;1,312;1,408;1,555;1,506;1,217;1,170;1,170;1,033;0,900;0,944;0,900;1,033;1,124;1,217;1,217;1,078;1,078;1,312;1,655;1,757;2,123;3,193;4,356;3,918;3,252;0,900;1,643;4,356
  09/2015;2,674;1,912;1,555;1,457;1,360;1,124;1,170;2,674;12,438;17,826;15,040;18,141;16,474;12,242;8,991;6,457;5,001;4,167;3,551;3,076;2,505;2,450;1,860;1,457;1,555;2,960;6,988;5,599;5,934;5,199;---;1,124;5,795;18,141
  10/2015;5,532;7,706;8,069;17,304;11,656;8,252;6,021;7,077;4,293;4,167;3,612;3,371;3,193;2,787;2,561;2,505;2,285;2,123;1,706;1,457;1,457;1,964;2,902;4,230;3,252;3,018;3,856;12,242;7,615;5,666;4,230;1,457;5,036;17,304
  11/2015;3,491;3,734;7,615;12,340;15,040;15,345;10,213;7,435;6,108;5,133;3,856;2,960;3,371;3,431;4,420;6,721;5,133;7,706;16,578;14,029;19,262;14,432;11,461;26,482;25,149;15,754;11,268;8,161;6,899;10,786;---;2,960;10,144;26,482
  12/2015;13,929;21,856;24,401;22,571;18,246;15,141;66,148;51,353;32,520;18,456;17,722;15,447;12,242;10,023;13,929;13,528;12,438;13,031;10,882;11,171;14,230;15,040;11,948;9,270;12,932;15,652;14,230;16,785;17,617;18,351;16,578;9,270;18,634;66,148
  01/2016;17,304;14,735;12,144;10,882;10,213;8,252;6,545;5,762;6,021;7,345;7,978;10,499;17,617;26,868;88,872;117,110;94,424;48,834;28,436;17,931;14,533;12,438;10,882;10,213;11,753;12,340;11,365;15,141;17,304;12,833;11,075;5,762;22,505;117,110
  02/2016;9,645;7,978;7,166;6,899;6,899;6,195;10,786;38,620;20,111;13,429;10,403;9,177;7,887;6,545;6,195;17,722;14,735;13,929;9,834;11,268;27,844;40,213;28,635;21,326;20,976;17,408;15,857;17,826;18,667;---;---;6,195;15,316;40,213
  03/2016;16,062;19,770;27,452;61,957;52,119;33,790;20,976;25,149;39,984;32,520;65,300;73,658;41,601;24,587;32,730;19,770;22,391;36,832;16,888;13,528;12,144;10,978;10,786;13,031;27,062;27,062;16,268;12,734;10,978;10,213;10,690;10,213;27,065;73,658
  04/2016;9,740;10,308;10,118;8,991;8,712;7,435;6,545;6,545;6,370;6,370;6,545;6,545;6,545;6,899;6,721;7,077;7,255;7,166;6,633;6,457;6,457;6,457;6,545;6,282;5,762;6,021;7,345;8,344;8,161;8,069;---;5,762;7,281;10,308
  05/2016;8,161;7,796;7,166;6,899;6,810;6,633;6,633;6,721;6,545;6,810;7,077;7,255;7,255;7,077;6,370;5,934;6,021;6,810;9,740;10,499;14,230;20,111;19,094;19,431;14,634;11,558;10,023;9,177;8,252;7,887;9,740;5,934;9,302;20,111
  06/2016;9,834;16,888;26,675;28,834;65,582;81,257;96,044;78,679;43,245;27,062;19,262;16,888;15,857;14,634;13,828;12,144;10,690;10,403;10,308;10,499;10,403;9,645;9,551;9,645;9,551;9,364;9,270;8,898;8,344;8,712;---;8,344;23,400;96,044
  07/2016;8,898;8,528;8,252;7,978;7,615;6,988;7,345;7,796;7,525;7,435;7,255;7,077;7,255;6,988;6,633;6,545;7,615;7,525;6,899;6,899;6,899;6,810;6,721;6,721;6,370;5,934;5,599;6,021;6,021;6,108;5,848;5,599;7,036;8,898
  08/2016;5,532;5,762;5,532;5,465;5,265;5,133;5,067;4,806;4,871;5,199;5,762;5,465;4,806;4,676;4,420;4,741;4,871;5,265;---;---;---;13,130;10,403;8,161;6,988;6,195;5,599;5,398;5,067;4,871;5,199;---;---;---
  09/2016;6,810;6,545;5,762;5,465;5,331;5,762;7,796;6,633;6,108;5,465;5,199;4,936;4,548;4,356;4,167;4,105;4,105;3,918;3,856;3,734;3,673;3,612;3,612;3,491;3,551;3,612;3,491;3,371;3,371;3,312;---;3,312;4,657;7,796
  10/2016;3,134;3,134;3,918;5,001;6,195;5,666;5,001;4,548;4,230;4,105;3,856;3,795;4,356;8,528;13,929;15,549;11,850;8,620;6,370;5,265;4,936;4,420;4,105;3,980;8,436;11,461;10,882;11,753;9,177;7,166;6,021;3,134;6,754;15,549
  11/2016;5,398;4,871;6,108;5,848;5,199;4,871;5,133;4,871;4,420;6,108;7,166;6,633;10,023;10,594;11,365;9,645;12,438;14,029;10,978;8,436;6,721;5,666;5,199;4,871;5,067;4,676;4,676;5,067;5,762;5,265;---;4,420;6,903;14,029
  12/2016;5,599;5,398;4,741;5,133;5,666;5,848;5,133;5,001;5,001;4,936;4,936;6,721;10,403;11,558;8,436;6,633;5,599;6,899;7,706;7,525;8,344;8,436;7,525;9,177;9,270;9,177;8,712;7,255;10,308;10,690;7,435;4,741;7,265;11,558
  01/2017;6,545;6,108;5,001;4,230;4,806;4,484;4,356;8,898;9,551;7,978;11,948;15,040;14,634;15,345;15,549;16,992;17,096;32,101;31,477;26,098;22,034;34,003;38,846;27,062;24,215;28,834;20,976;16,268;14,029;12,438;12,537;4,230;16,435;38,846
  02/2017;14,634;12,438;12,537;12,734;11,948;13,628;24,401;14,938;11,461;9,740;8,620;8,069;7,706;6,988;6,545;6,021;5,666;5,848;6,370;5,848;5,265;5,067;4,871;4,936;5,199;7,077;7,887;7,435;---;---;---;4,871;9,067;24,401
  03/2017;6,810;6,195;7,435;8,436;8,528;8,898;12,734;20,455;29,637;21,326;14,735;11,656;9,551;10,882;10,594;9,458;8,898;11,268;10,308;21,326;15,857;12,144;9,834;8,805;8,069;7,615;7,077;6,899;6,810;6,545;6,195;6,195;11,128;29,637
  04/2017;5,848;5,848;5,666;5,532;5,398;5,848;14,029;18,562;13,229;10,786;9,834;8,712;8,161;7,796;7,435;7,255;7,077;6,721;6,457;6,370;6,282;6,633;7,887;7,077;6,899;7,706;11,461;11,171;9,364;8,436;---;5,398;8,316;18,562
  05/2017;7,796;7,435;6,988;6,721;8,620;19,940;17,304;13,229;10,213;7,796;6,899;6,457;6,021;5,848;5,666;5,532;5,398;5,465;10,690;22,212;18,141;22,571;22,034;14,735;11,656;9,929;8,898;8,252;7,796;7,345;7,077;5,398;10,473;22,571
  06/2017;6,810;6,899;6,633;6,370;6,282;8,344;10,499;10,023;8,898;8,252;7,706;7,345;7,166;7,978;7,706;7,255;6,899;6,721;6,545;6,370;6,195;6,195;6,021;5,762;5,666;5,666;5,532;5,532;5,465;5,398;---;5,398;6,938;10,499
  07/2017;5,465;5,532;5,532;5,532;5,532;5,398;5,398;5,465;5,762;5,848;5,934;5,848;5,848;5,848;5,762;5,666;5,666;5,532;5,465;5,532;5,532;5,532;5,398;5,398;5,265;5,265;5,133;5,199;5,133;5,199;5,199;5,133;5,510;5,934
  08/2017;5,133;5,133;5,133;5,001;5,001;5,001;5,001;4,936;4,871;4,936;5,001;5,001;4,936;5,001;4,871;5,001;5,265;7,345;8,805;10,594;10,786;9,834;8,161;7,077;6,545;6,545;6,370;5,934;5,666;5,532;5,398;4,871;6,123;10,786
  09/2017;5,934;6,021;6,021;6,021;5,848;5,762;5,666;5,762;5,599;5,532;5,398;5,331;5,331;5,331;5,133;5,067;5,067;5,001;4,936;4,871;4,871;4,806;4,806;4,676;4,806;4,806;4,741;4,612;4,806;5,762;---;4,612;5,277;6,021
  10/2017;10,213;10,594;10,499;8,805;6,633;5,398;4,806;4,612;4,484;4,167;3,980;3,734;5,331;5,934;6,282;6,021;6,282;6,021;5,599;5,199;5,133;5,331;5,666;6,108;5,762;6,370;10,594;8,898;8,805;7,796;6,810;3,734;6,512;10,594
  11/2017;6,195;6,021;5,465;5,398;6,899;9,084;7,345;6,721;6,195;7,525;13,429;18,036;12,635;8,712;6,810;5,599;5,199;6,195;10,882;15,243;15,141;12,932;20,111;16,578;11,268;8,252;8,252;11,171;10,213;7,706;---;5,199;9,707;20,111
  12/2017;7,345;6,370;5,666;5,199;4,741;4,293;4,548;4,484;4,356;4,612;4,612;4,293;4,230;3,980;3,734;3,673;3,551;4,230;5,265;5,398;5,331;6,457;7,525;6,810;6,195;6,108;7,255;6,633;5,599;7,887;15,040;3,551;5,659;15,040
  01/2018;61,957;30,449;16,578;16,474;15,141;11,365;10,882;24,215;36,390;28,635;18,773;23,296;25,527;17,826;13,628;13,329;12,635;12,438;10,213;10,978;14,735;18,036;12,833;14,129;15,345;17,931;14,836;14,634;11,753;10,690;14,634;10,213;18,396;61,957
  02/2018;15,243;12,537;10,118;8,991;7,978;7,166;6,633;6,282;5,934;5,934;5,934;6,899;8,528;6,721;7,166;11,753;11,365;13,329;38,846;45,398;31,893;21,326;17,408;15,549;14,432;14,938;20,628;20,455;---;---;---;5,934;14,264;45,398
  03/2018;15,857;14,432;16,268;18,562;12,537;8,161;7,166;7,077;6,282;5,666;5,398;5,331;5,331;5,199;9,364;9,740;9,084;8,712;6,988;6,195;15,652;20,111;13,329;11,268;9,270;7,706;7,077;8,069;14,533;12,046;10,882;5,199;10,106;20,111
  04/2018;9,551;8,805;8,528;9,929;10,023;8,528;7,255;6,545;5,934;5,532;5,265;5,001;4,871;4,741;4,484;4,420;4,293;4,230;3,980;3,918;3,856;3,856;3,856;3,795;3,980;4,293;4,871;5,265;5,331;5,331;---;3,795;5,676;10,023
  05/2018;5,265;5,133;5,199;5,133;5,001;5,001;4,871;4,871;4,871;4,936;4,871;5,001;5,001;4,871;4,806;4,936;5,067;5,067;5,265;7,887;7,166;5,465;4,806;4,484;4,356;4,230;4,230;4,105;3,980;3,856;3,856;3,856;4,954;7,887
  06/2018;3,795;3,673;3,673;3,734;3,734;3,673;4,293;6,545;7,706;6,370;5,465;5,067;4,806;4,676;4,676;4,484;4,420;4,356;4,230;4,105;4,042;3,918;3,980;3,856;3,918;4,167;4,105;4,230;4,356;4,293;---;3,673;4,478;7,706
  07/2018;4,230;4,230;4,105;4,230;4,105;4,105;4,105;4,105;4,105;4,042;3,980;3,980;3,856;3,856;3,918;3,856;3,734;3,795;3,734;3,734;3,673;3,612;3,734;3,734;3,734;3,673;3,612;3,612;3,612;3,612;3,856;3,612;3,880;4,230
  08/2018;5,599;5,848;6,810;8,344;9,177;8,344;10,118;9,834;8,436;7,796;6,633;5,666;5,199;4,871;4,548;4,293;4,042;3,918;3,918;4,042;3,918;3,795;3,551;3,491;3,734;4,293;4,420;4,042;3,856;3,734;3,551;3,491;5,478;10,118
  09/2018;3,371;3,312;3,312;3,134;3,612;4,105;3,856;3,491;3,371;3,371;3,134;3,018;2,902;3,134;3,734;5,265;7,435;6,108;6,545;6,545;5,465;4,936;4,356;3,856;3,551;3,193;3,076;2,960;2,902;2,960;---;2,902;4,000;7,435
  10/2018;4,042;11,461;8,712;7,077;7,345;5,265;4,484;4,420;6,721;11,948;11,461;9,645;8,161;6,899;7,166;7,525;6,545;6,370;7,166;6,633;5,599;4,871;4,293;3,918;4,105;5,532;8,712;8,620;7,706;6,457;5,465;3,918;6,914;11,948
  11/2018;4,871;4,356;4,042;5,599;7,435;6,021;5,199;4,420;4,230;4,293;4,230;4,936;9,177;8,712;8,620;7,077;6,721;5,199;7,706;22,034;15,959;11,171;8,805;10,023;19,094;45,639;25,907;14,735;11,268;9,834;---;4,042;10,244;45,639
  12/2018;17,931;36,171;25,149;15,652;11,850;9,458;7,978;6,899;6,108;5,599;5,133;5,001;5,265;6,021;6,899;5,199;4,676;5,001;15,040;26,675;17,096;11,268;10,882;10,690;10,023;8,712;7,978;7,255;6,545;5,848;5,532;4,676;10,630;36,171
  01/2019;5,001;4,741;4,741;4,806;34,003;34,432;22,751;15,549;13,628;13,329;11,365;9,834;10,786;11,850;8,344;7,077;6,810;7,887;9,740;8,436;8,161;6,633;5,666;6,545;7,978;11,075;12,635;9,458;8,069;7,166;6,282;4,741;10,799;34,432
  02/2019;5,848;5,265;4,936;4,612;4,612;5,398;15,447;17,304;12,340;9,270;7,525;7,435;9,551;10,594;8,252;10,023;16,062;12,635;11,075;9,364;8,436;7,978;12,340;11,948;9,177;9,270;18,562;35,297;---;---;---;4,612;10,734;35,297
  03/2019;24,774;17,773;34,432;56,815;35,514;23,296;18,760;18,927;15,652;13,728;12,635;10,882;10,594;10,403;10,308;10,118;11,656;15,652;14,836;11,948;10,308;9,645;8,436;7,706;7,345;6,899;6,457;6,108;5,848;5,848;5,419;5,419;14,797;56,815
  04/2019;5,249;4,996;4,829;4,746;4,598;4,541;7,166;12,932;17,773;12,340;9,645;8,252;7,255;10,213;16,371;14,938;14,129;14,432;11,753;9,834;8,712;7,887;7,345;7,525;8,069;8,069;7,796;7,255;9,929;10,786;---;4,541;9,312;17,773
  05/2019;9,084;7,978;7,345;7,077;6,633;6,370;6,545;6,457;6,195;6,021;5,676;5,504;5,676;5,590;5,334;5,334;5,334;5,762;7,166;7,255;6,457;5,934;5,676;5,504;5,504;5,590;5,419;5,165;5,934;7,978;6,810;5,165;6,268;9,084
  06/2019;6,108;5,676;6,721;9,551;8,161;7,166;6,457;5,934;5,504;5,249;4,996;4,913;4,829;4,655;4,541;4,541;4,541;4,428;4,315;4,315;4,259;4,203;4,259;4,315;4,259;4,259;4,203;4,147;4,091;4,091;---;4,091;5,156;9,551
  07/2019;4,091;4,091;3,981;4,371;13,130;21,502;15,040;10,690;8,344;7,077;6,282;5,762;5,419;5,249;5,165;5,165;5,590;4,913;4,655;4,541;4,541;4,484;4,315;4,203;4,203;4,259;4,203;3,981;3,925;3,761;3,981;3,761;6,159;21,502
  08/2019;4,315;4,036;4,147;4,428;4,598;4,913;4,746;4,484;4,371;4,315;4,259;4,147;4,036;3,925;3,870;3,761;3,706;3,652;3,652;3,761;4,036;3,815;3,761;3,706;3,652;3,706;3,543;3,489;3,436;3,436;3,382;3,382;3,970;4,913
  09/2019;3,706;5,590;7,345;6,370;5,676;4,996;4,829;4,598;4,484;4,315;4,147;4,259;4,428;4,484;4,598;4,541;4,259;4,147;4,036;3,925;3,925;4,259;4,315;4,147;4,203;5,419;6,988;6,282;5,504;4,996;---;3,706;4,826;7,345
  10/2019;3,652;3,329;3,012;2,804;2,650;2,549;2,549;2,549;3,169;3,925;3,597;3,815;3,981;3,815;3,652;3,652;4,036;3,652;3,706;3,706;3,597;3,543;3,543;3,489;3,436;3,761;3,436;3,436;3,652;3,489;3,925;2,549;3,455;4,036
  11/2019;3,652;3,436;3,275;3,117;3,064;3,436;4,036;4,147;4,484;5,165;4,996;4,371;4,036;4,147;8,436;13,329;14,129;9,834;6,988;5,419;5,590;5,249;4,203;4,036;3,761;3,652;3,329;6,899;11,656;8,436;---;3,064;5,677;14,129
  12/2019;21,151;25,527;17,408;12,144;9,458;10,023;12,932;14,836;12,932;10,308;10,118;11,171;12,046;10,499;10,690;9,364;7,796;8,805;11,948;13,929;14,230;11,461;11,753;13,329;14,735;12,932;10,118;8,436;7,166;6,370;5,676;5,676;11,913;25,527
  01/2020;7,435;7,345;13,528;24,587;24,030;26,482;32,520;24,030;23,113;24,961;25,717;19,770;20,455;25,907;22,751;15,857;14,634;17,408;15,652;13,130;11,753;10,690;10,118;11,558;15,345;15,345;12,537;10,786;9,834;9,364;9,177;7,345;16,962;32,520
  02/2020;12,635;16,888;23,296;23,661;22,932;24,961;22,571;16,578;13,828;14,029;17,200;22,212;23,113;17,617;14,432;12,438;11,075;10,213;9,551;9,084;9,551;17,936;24,215;18,594;18,428;21,326;25,149;32,941;35,514;---;---;9,084;18,689;35,514
  03/2020;28,635;20,976;16,888;15,040;13,429;12,242;11,461;10,690;10,499;10,308;9,551;8,436;8,069;7,796;7,525;7,706;10,690;14,129;12,734;11,753;14,735;16,062;13,628;11,461;9,645;8,620;7,978;7,525;7,077;7,345;7,978;7,077;11,633;28,635
  04/2020;7,978;7,525;7,345;6,899;6,633;6,545;6,282;6,108;6,195;5,934;5,762;5,590;5,419;5,249;5,080;5,165;5,165;5,165;4,996;4,996;4,913;5,080;4,913;4,655;4,541;4,484;4,484;4,315;4,203;4,036;---;4,036;5,522;7,978
  05/2020;3,981;3,761;3,761;3,706;3,652;3,706;3,706;3,815;3,870;3,870;3,870;3,815;3,761;3,652;3,706;3,761;3,815;3,815;3,870;3,925;3,870;3,815;3,925;4,259;4,655;4,484;4,259;4,091;3,925;3,815;3,761;3,652;3,893;4,655
  06/2020;3,761;3,706;3,652;3,761;3,815;4,091;6,282;12,537;11,948;8,898;7,435;6,370;5,504;4,913;4,598;4,428;4,259;4,091;3,981;4,036;3,706;3,706;3,761;3,815;4,091;4,091;4,541;6,633;8,161;7,255;---;3,652;5,394;12,537
  07/2020;5,934;5,762;5,590;4,996;4,598;4,371;4,259;4,036;3,981;3,870;3,815;3,761;3,652;4,428;3,275;3,925;4,428;2,448;2,200;2,249;2,599;3,012;3,436;3,815;3,981;3,981;4,147;4,484;4,315;3,870;3,489;2,200;3,958;5,934
  08/2020;3,222;3,064;3,012;2,907;2,804;2,701;2,599;2,498;2,498;2,498;2,701;3,012;3,275;3,436;3,436;3,436;3,543;4,655;6,721;6,721;5,334;4,996;4,913;4,315;3,870;3,597;3,329;3,012;2,804;2,599;2,448;2,448;3,547;6,721
  09/2020;2,298;2,249;2,102;2,053;2,151;2,398;2,650;2,753;2,959;3,169;3,222;3,436;2,549;3,012;3,012;3,064;3,064;3,117;3,064;3,064;3,169;3,597;4,655;5,249;4,371;3,652;3,275;2,959;2,599;2,398;---;2,053;3,044;5,249
  10/2020;2,200;2,200;2,249;2,448;2,753;2,856;2,804;2,907;3,064;3,222;3,706;4,091;4,259;4,598;4,996;5,504;6,021;5,080;4,203;4,203;5,762;5,590;4,259;4,259;4,203;4,036;4,315;3,815;3,329;3,329;3,436;2,200;3,861;6,021
  11/2020;3,543;3,329;3,117;3,012;2,959;2,907;2,753;2,701;2,753;3,382;4,484;5,848;7,525;6,108;5,249;3,925;3,012;4,203;10,690;19,600;14,938;9,740;6,721;4,913;3,981;3,329;2,907;2,701;3,597;3,870;---;2,701;5,260;19,600
  12/2020;3,870;4,746;4,913;4,315;3,981;5,590;11,753;35,514;28,238;18,099;15,857;12,242;14,634;14,331;13,528;11,461;11,948;11,461;10,690;8,252;7,345;5,762;7,345;7,345;5,590;4,655;8,252;17,513;22,212;25,338;18,594;3,870;12,109;35,514
  01/2021;13,528;8,252;8,620;9,270;11,753;9,551;10,023;---;---;---;39,984;45,882;34,003;28,834;31,271;23,113;17,096;14,129;13,628;11,171;9,929;10,213;9,177;7,978;8,252;8,712;7,887;8,805;6,370;6,370;5,590;---;---;---
  02/2021;5,080;4,829;5,762;6,633;7,255;29,839;20,628;12,438;9,177;7,435;9,177;13,031;15,447;22,751;18,760;14,230;11,656;10,403;9,458;8,436;7,255;9,551;8,991;7,525;6,545;6,195;6,721;7,166;---;---;---;4,829;10,799;29,839
  03/2021;7,706;6,721;6,195;5,504;6,457;10,213;11,075;14,735;13,628;12,438;10,118;8,991;10,403;8,344;7,166;7,255;6,370;6,108;11,461;9,929;7,887;6,721;6,021;5,249;5,249;4,746;4,484;4,315;4,203;5,419;5,762;4,203;7,770;14,735
  04/2021;3,543;3,925;3,815;3,706;3,761;5,590;2,650;4,036;5,504;2,650;3,761;3,706;3,597;3,543;3,436;3,543;3,706;3,870;4,036;4,147;4,484;4,259;4,036;3,981;3,870;3,815;3,652;3,597;3,543;3,489;---;2,650;3,842;5,590
  05/2021;3,382;3,489;3,489;3,382;3,329;3,275;3,222;3,222;3,064;2,856;2,804;2,753;3,012;4,036;3,870;3,870;4,091;3,815;3,543;3,329;3,169;3,489;3,981;4,746;4,147;3,815;3,652;3,489;3,275;3,382;3,597;2,753;3,502;4,746
  06/2021;3,169;3,064;2,907;2,907;2,753;2,650;2,701;2,701;2,804;2,804;3,064;3,706;3,815;3,597;3,382;3,275;3,169;3,064;2,959;3,012;3,012;3,489;4,036;4,203;3,652;3,275;3,064;2,959;2,650;2,498;---;2,498;3,145;4,203
  07/2021;2,448;2,398;2,398;2,298;2,348;2,298;2,398;2,448;2,498;2,448;2,549;2,701;2,498;2,448;2,398;2,348;2,298;2,298;2,398;2,249;2,200;2,200;2,200;2,249;2,398;2,348;2,249;3,652;7,255;7,166;5,165;2,200;2,814;7,255
  08/2021;4,259;3,761;3,382;3,169;2,959;2,856;2,753;2,701;2,753;2,599;2,448;2,398;2,348;2,398;2,599;2,549;2,448;2,398;2,298;2,298;2,249;2,298;2,298;2,200;2,200;2,151;2,398;3,012;3,275;3,275;3,222;2,151;2,708;4,259
  09/2021;3,117;3,012;2,959;2,804;2,701;2,650;2,498;2,249;1,814;1,909;1,814;1,767;1,720;1,627;1,814;2,498;2,398;2,298;2,348;2,200;2,151;2,151;2,005;1,957;2,005;2,200;2,448;2,448;2,398;2,249;---;1,627;2,274;3,117
  10/2021;2,200;2,448;3,169;3,275;4,913;4,315;3,543;2,907;2,498;2,753;3,489;3,815;4,036;3,382;3,169;4,203;5,419;5,934;7,706;7,978;6,370;5,165;4,259;5,590;7,887;7,978;10,978;12,046;15,243;12,438;11,171;2,200;5,815;15,243
  11/2021;11,365;13,130;10,978;8,620;6,899;5,676;4,829;4,147;3,652;3,117;2,856;2,650;2,701;2,701;2,804;2,907;2,907;2,907;7,255;28,635;20,628;12,438;7,796;5,590;4,371;4,091;4,036;4,259;3,543;7,796;---;2,650;6,843;28,635
  12/2021;35,514;17,617;10,978;7,706;5,848;4,829;5,504;4,315;3,761;3,382;3,012;3,064;3,275;3,815;4,036;5,165;7,435;13,329;10,403;7,435;5,419;4,259;4,315;4,655;4,147;3,489;3,169;4,541;8,344;6,457;11,171;3,012;7,109;35,514
  01/2022;18,264;23,296;18,099;16,578;15,447;19,600;41,136;28,436;18,927;15,141;12,833;11,365;12,046;13,429;11,850;11,753;24,774;19,940;16,992;18,428;13,429;10,499;8,805;7,525;6,810;7,525;9,834;7,435;9,458;25,527;41,601;6,810;16,670;41,601
  02/2022;53,406;55,231;36,611;30,859;28,041;28,436;29,637;35,951;28,635;20,111;16,681;15,040;13,329;11,656;10,594;9,834;9,458;8,991;8,805;8,898;8,805;8,252;7,887;7,615;10,213;9,645;8,069;7,345;---;---;---;7,345;18,858;55,231
  03/2022;6,899;8,252;9,740;7,887;7,796;9,364;7,706;7,435;7,166;7,345;7,166;7,706;7,706;8,620;12,438;20,455;15,857;12,340;10,118;8,528;7,796;6,899;6,457;5,934;5,504;5,249;10,118;10,594;8,805;7,615;6,810;5,249;8,784;20,455
  04/2022;6,457;6,021;5,590;5,590;8,161;11,171;11,948;9,364;10,882;10,403;9,084;7,615;6,810;6,108;5,590;5,080;4,829;4,598;4,484;4,371;4,315;4,203;4,036;3,870;3,870;3,815;3,706;3,652;3,489;3,436;---;3,436;6,085;11,948
  05/2022;3,489;3,761;3,761;3,870;5,080;5,762;4,829;4,428;4,259;4,203;4,091;4,091;4,036;4,036;4,147;4,746;4,598;4,371;4,147;3,981;3,981;3,981;3,981;3,815;3,706;3,652;3,652;3,543;3,597;3,543;4,913;3,489;4,131;5,762
  06/2022;9,084;8,620;7,077;5,762;5,080;4,829;4,428;4,259;4,484;4,428;4,598;4,484;4,259;4,036;3,870;3,761;3,706;3,597;3,543;3,543;3,543;3,489;3,382;3,169;3,064;3,012;3,064;2,856;2,804;2,701;---;2,701;4,284;9,084
  07/2022;2,599;2,599;2,701;2,804;2,804;2,753;2,701;2,701;2,701;2,753;2,804;2,753;2,753;2,701;2,701;2,650;2,650;2,650;2,599;2,599;2,599;2,650;2,448;2,398;2,398;2,348;2,348;2,298;2,650;2,753;3,706;2,298;2,664;3,706
  08/2022;3,117;2,856;2,753;2,650;2,549;2,448;2,398;2,804;3,815;5,934;8,898;7,166;5,334;4,315;3,761;3,329;3,012;2,856;2,753;2,650;2,701;2,907;2,907;2,959;3,012;2,856;2,753;2,753;2,650;2,549;2,650;2,398;3,422;8,898
  09/2022;2,599;2,398;2,249;2,249;2,298;2,856;3,012;2,959;2,804;2,549;2,398;2,249;2,249;2,599;3,489;3,870;3,761;3,436;3,222;2,959;2,804;3,117;4,147;3,815;3,222;3,815;6,633;11,171;14,836;13,528;---;2,249;4,110;14,836
  10/2022;11,558;10,403;7,525;5,934;5,080;4,259;4,829;9,645;6,810;6,021;7,615;7,166;5,504;4,371;3,761;3,329;2,907;2,804;2,856;2,907;4,147;10,978;8,161;5,419;4,203;3,489;3,012;3,222;5,249;5,165;9,458;2,804;5,735;11,558
  11/2022;11,075;10,403;7,978;6,899;5,165;4,259;3,761;4,428;4,036;3,329;3,275;4,996;7,345;6,633;9,364;8,069;5,419;4,259;3,597;3,543;3,815;3,543;3,489;16,992;20,111;14,432;9,364;8,528;11,268;15,549;---;3,275;7,497;20,111
  12/2022;18,264;15,959;10,594;12,833;15,345;19,094;42,537;49,584;32,520;19,600;13,628;11,558;19,600;37,498;23,845;16,268;13,728;11,365;9,458;8,805;9,177;8,528;7,615;8,991;9,177;9,834;17,936;53,406;57,882;45,639;45,882;7,615;21,811;57,882
  01/2023;30,859;30,654;37,721;40,905;94,828;61,132;38,394;26,290;21,679;22,212;21,679;19,940;18,099;31,477;29,235;19,431;19,940;22,751;42,772;43,957;33,790;22,034;16,062;14,533;14,029;13,728;12,046;11,075;11,171;10,978;10,786;10,786;27,232;94,828
  02/2023;14,533;16,681;16,165;22,751;23,845;17,200;14,836;14,230;13,130;12,734;16,785;17,513;15,345;15,447;16,681;16,062;13,828;13,728;13,728;17,513;15,754;20,455;23,113;19,094;17,408;15,040;12,537;13,728;---;---;---;12,537;16,424;23,845
  03/2023;64,738;31,685;18,927;15,345;16,785;42,537;31,893;20,628;24,961;32,730;34,432;67,000;41,368;37,275;34,647;25,717;19,262;16,371;14,634;13,528;14,836;16,371;14,029;12,734;11,268;10,499;10,213;10,308;15,447;13,031;13,628;10,213;24,091;67,000
  04/2023;---;---;---;---;---;---;---;---;---;---;---;---;---;---;---;---;---;---;---;---;---;---;---;---;---;---;---;---;---;---;---;---;---;---
  05/2023;---;---;---;---;---;---;---;---;---;---;---;---;---;---;---;---;---;---;---;---;---;---;---;---;---;---;---;---;---;---;---;---;---;---
  06/2023;---;---;---;---;---;---;---;---;---;---;---;---;---;---;---;---;---;---;---;---;---;---;---;---;---;---;---;---;---;---;---;---;---;---
  07/2023;---;---;---;---;---;---;---;---;---;---;---;---;---;---;---;---;---;---;---;---;---;---;---;---;---;---;---;---;---;---;---;---;---;---
  08/2023;---;---;---;---;---;---;---;---;---;---;---;---;---;---;---;---;---;---;---;---;---;---;---;---;---;---;---;---;---;---;---;---;---;---
  09/2023;---;---;---;---;---;---;---;---;---;---;---;---;---;---;---;---;---;---;---;---;---;---;---;---;---;---;---;---;---;---;---;---;---;---
