PREFIXO: ;3D-002
NOME DO POSTO: ;MONTE ALEGRE DO SUL
MUNICÍPIO: ;MONTE ALEGRE DO SUL
CURSO D'ÁGUA: ;CAMANDUCAIA,R/CAMAND.OU DA GUARDINHA,R/GUARDINHA,R DA
ÁREA (Km²): ;387,00
LATITUDE: ;22°41'44"
LONGITUDE: ;46°40'25"
 
Obs: valores com --- representam dados inexistentes.
 
Vazões médias diárias (m³/s)
 
Mês/Ano;1;2;3;4;5;6;7;8;9;10;11;12;13;14;15;16;17;18;19;20;21;22;23;24;25;26;27;28;29;30;31;Vazão Mínima;Vazão Média;Vazão Máxima
  05/1944;---;---;---;---;---;---;---;---;---;---;---;---;---;---;---;---;---;---;---;---;---;3,440;3,365;3,365;3,292;3,292;3,292;3,219;3,219;3,146;3,146;---;---;---
  06/1944;3,146;3,146;3,146;3,074;3,146;3,146;3,146;3,074;3,074;3,003;3,003;3,003;2,933;2,933;2,933;2,863;2,933;2,933;3,074;3,219;3,146;3,003;2,863;2,794;2,794;2,725;2,794;2,863;2,863;2,794;---;2,725;2,986;3,219
  07/1944;2,725;2,725;2,658;2,658;2,658;2,933;3,440;3,365;3,146;2,863;2,863;2,794;2,725;2,725;2,658;2,658;2,591;2,591;2,524;2,524;2,524;2,524;2,393;2,393;2,393;2,393;2,393;2,393;2,393;2,393;2,393;2,393;2,658;3,440
  08/1944;2,329;2,329;2,329;2,329;2,329;2,329;2,265;2,265;2,202;2,202;2,202;2,202;2,140;2,140;2,078;2,078;2,078;2,078;2,078;2,078;2,078;2,078;2,017;2,017;1,957;1,957;2,017;1,957;1,957;1,957;1,957;1,957;2,129;2,329
  09/1944;1,957;2,458;2,658;2,524;2,265;2,140;2,078;2,078;2,017;2,017;1,957;1,957;1,957;1,898;1,839;1,839;1,839;1,839;1,839;1,839;1,839;1,781;1,781;1,781;1,781;1,724;1,724;1,839;1,839;1,839;---;1,724;1,964;2,658
  10/1944;1,724;1,667;1,612;1,612;1,612;1,557;1,557;1,557;1,502;1,502;1,502;1,612;1,612;2,591;2,140;2,202;2,794;2,725;2,794;2,329;2,078;2,017;1,839;1,724;1,667;2,933;4,057;4,464;5,233;3,590;3,667;1,502;2,306;5,233
  11/1944;3,365;2,524;2,591;2,933;3,899;5,145;6,522;8,768;10,446;8,447;6,619;4,799;4,547;4,715;6,427;7,010;5,956;4,299;3,744;3,292;3,515;3,219;3,978;7,209;7,309;6,911;7,715;7,715;6,331;4,715;---;2,524;5,489;10,446
  12/1944;4,715;4,057;3,978;4,464;5,590;6,911;6,331;5,864;4,299;4,057;3,978;3,978;3,365;3,074;2,933;3,440;3,074;3,590;3,821;3,074;2,658;2,524;2,591;3,074;4,057;4,547;3,590;3,146;3,219;3,590;2,933;2,524;3,888;6,911
  01/1945;2,591;2,794;3,074;3,292;3,365;3,667;3,590;3,365;3,219;2,794;2,524;2,393;2,524;2,794;2,524;2,658;4,218;3,978;5,590;6,237;5,500;6,049;5,233;4,464;3,515;3,074;2,933;3,440;5,145;6,237;9,204;2,393;3,935;9,204
  02/1945;26,743;32,224;30,574;21,346;13,750;11,268;10,331;11,268;10,446;8,985;7,613;6,813;7,818;7,209;6,331;5,772;5,410;5,321;5,233;5,500;9,315;7,922;7,613;6,331;5,590;4,799;4,547;4,715;---;---;---;4,547;10,385;32,224
  03/1945;4,799;4,547;4,971;4,715;4,547;4,299;4,547;4,464;4,715;6,427;6,911;5,772;4,715;4,138;4,715;5,145;4,218;3,821;3,667;4,799;8,130;6,911;6,331;4,547;4,715;5,864;5,058;4,381;3,978;3,821;3,744;3,667;4,949;8,130
  04/1945;3,667;3,744;3,899;4,138;5,500;4,971;4,138;3,744;3,590;3,440;3,365;3,292;3,365;3,292;3,219;3,219;3,074;3,074;3,003;4,299;4,464;4,218;3,590;3,292;3,146;3,074;3,003;3,074;3,219;3,440;---;3,003;3,618;5,500
  05/1945;3,590;3,440;3,219;3,003;3,003;2,933;2,933;2,933;2,863;2,863;2,933;2,863;2,863;2,863;2,863;2,863;2,933;3,146;3,074;2,933;2,933;2,863;2,863;2,863;2,794;2,794;2,725;3,590;5,321;4,547;3,744;2,725;3,134;5,321
  06/1945;3,219;3,074;2,933;2,863;2,863;3,003;3,219;3,219;3,003;2,863;2,863;2,863;2,794;2,794;2,725;2,725;2,725;2,725;2,658;4,381;13,879;15,875;15,875;23,245;25,506;22,361;16,923;12,485;9,761;7,922;---;2,658;7,445;25,506
  07/1945;6,716;6,143;5,680;5,321;5,864;6,427;6,331;5,956;5,410;4,885;4,547;4,547;4,464;4,218;4,218;3,978;3,978;3,978;3,899;3,821;3,821;3,744;3,744;3,667;3,667;3,590;3,590;3,515;3,515;3,440;3,365;3,365;4,517;6,716
  08/1945;3,365;3,292;3,292;3,292;3,219;3,146;3,146;3,074;3,074;3,003;3,003;3,003;2,933;2,933;2,933;3,074;3,074;3,003;3,003;2,933;2,933;3,003;3,003;2,933;2,933;2,863;2,863;2,794;2,725;2,725;2,725;2,725;3,010;3,365
  09/1945;2,863;2,794;2,794;2,794;2,725;2,725;2,725;2,658;2,658;2,658;2,591;2,591;2,591;2,591;2,591;2,794;4,057;3,978;3,515;3,003;2,591;2,458;2,393;2,329;2,329;2,329;2,265;2,265;2,202;2,329;---;2,202;2,706;4,057
  10/1945;2,329;2,329;2,329;2,329;2,458;2,794;2,863;2,725;3,365;2,933;2,658;2,524;2,393;2,329;2,265;2,202;2,265;2,393;2,329;2,265;2,202;2,140;2,078;2,017;1,898;1,839;1,839;2,265;2,458;2,725;2,933;1,839;2,402;3,365
  11/1945;10,331;7,715;6,331;4,885;3,667;3,667;4,218;4,057;7,010;10,562;8,877;6,522;7,309;11,992;11,031;8,877;7,715;5,680;6,049;5,058;4,715;6,049;6,143;5,956;5,233;4,630;4,971;5,680;5,145;4,218;---;3,667;6,476;11,992
  12/1945;3,978;3,590;3,440;3,219;3,365;7,410;11,031;9,315;8,026;6,813;6,237;6,143;6,237;7,613;11,268;13,493;15,196;15,196;13,238;9,761;7,922;7,209;6,427;5,864;5,410;5,500;10,331;10,331;17,188;13,879;11,268;3,219;8,577;17,188
  01/1946;14,139;16,265;12,734;13,621;14,929;17,055;19,227;21,924;19,785;16,004;13,238;14,008;13,493;12,859;14,929;14,139;12,734;11,628;16,265;23,097;26,899;23,393;17,859;19,645;17,994;18,402;28,956;31,891;31,560;28,956;25,048;11,628;18,796;31,891
  02/1946;20,631;18,402;17,188;16,923;15,465;14,269;16,004;18,676;15,465;16,134;12,734;16,134;18,676;13,365;12,734;16,396;15,875;13,621;12,361;12,237;12,734;12,859;11,992;11,870;11,870;11,508;10,562;9,987;---;---;---;9,987;14,524;20,631
  03/1946;9,537;9,649;11,149;13,365;12,985;18,402;28,795;21,490;16,790;14,532;15,465;17,590;19,505;16,396;15,465;13,365;12,361;11,628;10,913;10,678;10,446;10,331;10,216;10,101;10,678;10,446;9,761;9,537;9,095;8,768;8,447;8,447;13,158;28,795
  04/1946;12,115;19,366;19,227;16,527;14,532;12,859;11,268;10,446;10,331;10,913;10,446;9,874;9,537;9,315;9,095;8,661;8,447;8,341;8,130;8,130;7,922;7,715;7,511;7,511;7,309;7,309;7,209;7,010;6,813;6,619;---;6,619;10,016;19,366
  05/1946;6,522;6,331;6,619;6,427;6,331;6,237;6,143;6,237;6,331;6,237;6,237;6,237;6,331;6,237;6,237;6,143;6,049;6,049;5,956;5,864;7,818;7,715;6,619;6,143;6,049;5,864;5,864;5,772;5,680;5,590;5,410;5,410;6,235;7,818
  06/1946;5,321;9,315;10,331;9,649;7,818;6,331;6,049;5,772;5,772;5,772;5,500;5,321;5,233;5,145;5,233;5,410;5,233;5,058;5,058;4,971;4,971;4,885;4,885;4,799;4,715;4,715;4,715;4,630;4,630;4,630;---;4,630;5,729;10,331
  07/1946;4,630;4,547;4,547;4,464;4,464;4,381;4,381;4,299;4,299;4,218;4,218;4,630;5,772;8,130;6,237;14,400;13,750;11,031;8,341;6,911;5,956;5,410;5,145;5,321;5,145;4,971;4,885;4,630;4,464;4,381;4,299;4,218;5,879;14,400
  08/1946;4,299;4,218;4,218;4,138;4,138;4,057;4,057;3,978;3,899;3,899;3,899;4,799;4,464;4,057;3,899;3,821;3,821;3,744;3,667;3,590;3,515;3,440;3,440;3,365;3,365;3,365;3,292;3,292;3,292;3,292;3,219;3,219;3,792;4,799
  09/1946;3,292;3,219;3,219;3,146;3,146;3,074;3,074;3,074;3,074;3,074;3,074;3,074;3,074;3,074;3,003;3,003;3,003;3,003;2,933;2,863;2,863;2,863;2,794;2,863;2,794;2,863;3,003;2,933;3,590;3,821;---;2,794;3,063;3,821
  10/1946;3,440;3,146;3,003;2,933;2,933;2,863;2,794;2,794;2,863;2,725;2,725;2,658;2,794;3,074;2,933;3,744;4,547;4,885;4,547;4,971;4,715;4,138;4,299;5,410;6,237;5,680;4,138;3,590;3,219;3,146;3,074;2,658;3,678;6,237
  11/1946;3,821;6,049;5,500;5,233;4,138;3,590;3,590;3,821;6,237;5,772;4,630;3,667;3,292;3,074;3,292;3,978;3,590;3,074;3,003;2,863;2,863;2,794;2,725;2,658;2,658;4,381;4,057;3,590;3,365;4,715;---;2,658;3,867;6,237
  12/1946;4,218;3,440;3,003;2,863;2,933;2,933;3,219;3,590;4,630;4,799;5,500;4,547;4,138;3,590;2,933;3,590;13,879;10,216;7,109;5,233;4,138;7,109;8,341;9,204;9,537;9,095;10,101;13,493;11,031;9,204;7,715;2,863;6,301;13,879
  01/1947;14,812;20,508;22,678;29,830;32,310;27,932;23,954;17,750;14,932;12,365;11,131;10,365;13,399;13,052;17,750;17,251;15,897;15,897;15,052;17,126;18,274;15,533;13,167;12,478;17,126;22,836;21,274;22,836;23,793;27,423;23,473;10,365;18,781;32,310
  02/1947;18,566;15,413;13,749;13,052;12,592;12,822;13,283;13,052;12,251;11,353;14,219;13,515;12,592;11,131;12,707;17,002;24,115;28,103;41,351;36,540;28,617;22,207;18,566;18,420;19,305;21,429;35,047;42,937;---;---;---;11,131;19,783;42,937
  03/1947;50,337;44,140;33,395;28,617;24,764;22,995;23,154;21,429;19,156;18,128;17,625;17,625;21,583;24,277;21,739;19,603;18,420;21,739;23,154;24,601;22,364;19,305;18,128;16,879;16,386;17,126;16,755;16,263;15,533;14,574;13,515;13,515;22,042;50,337
  04/1947;13,399;13,283;13,052;12,822;12,707;12,478;12,478;12,707;13,283;13,167;12,822;12,251;11,800;11,353;11,242;11,131;11,021;10,911;10,911;12,365;12,138;11,353;10,801;10,474;10,257;10,041;9,934;9,934;9,827;9,614;---;9,614;11,652;13,399
  05/1947;9,402;9,192;8,982;9,508;9,720;9,402;9,297;9,087;8,878;8,465;8,260;8,465;8,982;8,982;8,774;8,671;8,465;8,260;8,159;10,149;10,257;9,402;8,465;8,363;8,260;8,057;8,057;7,956;7,855;7,755;7,655;7,655;8,748;10,257
  06/1947;7,555;7,456;7,357;7,258;7,160;7,160;7,160;7,062;6,965;6,387;5,916;5,823;5,731;5,823;5,731;5,731;6,010;6,482;6,674;8,982;9,297;9,192;8,982;8,878;8,465;7,555;6,867;6,674;6,482;6,387;---;5,731;7,107;9,297
  07/1947;6,292;6,292;6,198;6,198;6,198;6,867;6,965;6,578;7,062;8,260;7,755;7,258;6,965;6,674;6,198;6,103;6,010;6,010;5,916;5,823;5,823;5,823;5,731;5,731;5,731;5,731;5,639;5,731;5,731;5,639;5,547;5,547;6,274;8,260
  08/1947;6,010;6,198;6,010;5,916;5,823;5,731;5,639;5,639;5,547;5,456;5,916;6,198;6,010;5,731;5,456;5,184;5,094;5,005;5,005;4,916;4,916;4,828;4,828;4,916;4,916;4,828;4,916;5,916;9,827;9,614;7,555;4,828;5,792;9,827
  09/1947;6,578;6,198;6,103;6,103;7,655;7,062;6,578;6,010;5,823;5,731;5,547;5,456;5,365;5,274;5,184;5,094;4,916;4,828;6,292;6,103;5,456;4,916;4,828;5,005;8,982;12,251;10,257;9,297;9,402;11,242;---;4,828;6,651;12,251
  10/1947;8,057;8,260;7,357;8,159;7,456;6,771;6,387;6,387;7,160;8,671;7,357;6,482;5,916;5,731;5,639;5,547;5,456;5,365;6,867;6,578;6,103;5,639;5,639;6,198;7,160;8,982;7,555;6,578;5,731;5,547;5,274;5,274;6,645;8,982
  11/1947;5,274;5,365;5,823;6,103;5,916;5,547;5,005;4,916;4,828;4,828;4,740;4,740;5,274;5,639;5,731;5,274;4,652;4,565;4,565;4,479;4,479;4,565;5,274;4,828;5,365;5,731;6,292;6,103;5,274;4,916;---;4,479;5,203;6,292
  12/1947;4,828;5,094;4,828;4,740;4,652;4,652;4,565;4,916;5,274;5,731;8,363;13,167;9,934;7,555;23,154;20,054;15,533;11,353;10,365;14,337;18,128;15,654;13,167;11,464;11,131;11,688;13,515;14,219;13,052;11,353;10,041;4,565;10,532;23,154
  01/1948;9,297;9,297;8,982;8,671;7,855;7,655;7,258;7,956;11,021;8,465;12,025;16,755;14,337;15,052;14,932;15,654;16,879;16,509;13,749;11,576;10,692;12,478;11,576;10,474;12,822;9,720;8,878;8,260;8,159;8,363;8,363;7,258;11,087;16,879
  02/1948;8,465;8,057;7,755;9,614;8,878;11,131;10,583;9,297;9,297;10,474;15,654;14,456;11,576;11,242;14,219;13,167;12,365;11,688;14,101;14,932;11,688;11,912;10,911;10,149;9,614;9,087;9,087;15,533;12,251;---;---;7,755;11,282;15,654
  03/1948;12,707;11,688;10,583;9,827;9,087;9,087;9,192;9,087;8,568;8,159;9,297;17,500;19,903;26,581;27,423;25,584;23,633;19,903;19,454;17,625;14,693;13,052;13,983;13,983;12,936;12,478;12,138;11,464;10,911;10,474;10,149;8,159;14,231;27,423
  04/1948;10,041;9,934;9,827;10,911;10,257;9,508;9,192;9,087;8,982;8,774;8,465;8,260;8,159;8,159;8,057;7,956;7,855;7,956;8,159;8,260;7,956;7,855;7,855;7,755;7,655;7,555;7,456;7,357;7,258;7,160;---;7,160;8,455;10,911
  05/1948;7,160;7,160;7,062;6,965;6,965;6,867;6,867;6,867;6,771;6,771;6,674;6,578;6,578;6,482;6,387;6,292;6,674;9,720;9,192;9,614;8,568;7,655;7,062;6,867;6,771;6,674;6,578;6,482;6,482;6,482;6,387;6,292;7,086;9,720
  06/1948;6,387;6,578;6,482;6,482;6,292;6,292;6,103;6,010;6,010;5,916;5,823;5,731;5,639;5,547;5,547;5,547;5,456;5,456;5,456;5,639;5,639;5,639;5,639;5,547;5,547;5,547;5,456;5,456;5,365;5,365;---;5,365;5,786;6,578
  07/1948;5,365;5,365;5,365;5,547;5,547;5,456;5,365;5,274;5,184;5,184;5,094;5,005;4,916;4,916;4,916;4,828;4,828;4,740;4,740;4,652;4,740;4,652;4,652;4,740;5,005;4,740;4,740;6,103;7,160;6,387;5,731;4,652;5,192;7,160
  08/1948;5,456;5,274;4,916;4,652;4,565;4,392;4,392;4,565;4,565;4,392;4,307;5,365;5,456;5,274;5,094;5,094;4,916;4,828;4,740;4,652;4,565;4,565;4,479;4,479;4,479;4,392;4,307;4,307;4,307;4,221;4,221;4,221;4,684;5,456
  09/1948;4,221;4,137;4,137;4,137;4,052;4,052;4,052;4,052;3,968;3,968;3,968;4,307;4,565;4,392;4,392;4,307;4,221;4,221;4,137;4,137;4,052;4,052;4,052;3,968;3,968;3,885;3,802;3,802;3,720;3,802;---;3,720;4,084;4,565
  10/1948;3,802;3,885;3,885;4,392;4,565;4,740;5,005;4,828;4,565;4,392;4,392;4,916;5,184;4,916;4,479;4,221;4,052;3,802;3,720;3,720;3,638;3,638;3,556;3,556;3,556;3,475;3,475;3,556;3,638;3,638;3,556;3,475;4,088;5,184
  11/1948;3,968;7,160;5,456;4,479;4,307;4,221;4,740;4,916;4,479;6,387;5,094;5,639;5,094;4,652;3,885;3,638;3,802;3,968;3,802;3,720;3,720;3,720;3,638;3,556;3,395;3,475;3,556;3,395;3,395;3,315;---;3,315;4,286;7,160
  12/1948;3,315;3,395;3,638;4,652;4,916;4,828;3,968;3,720;3,802;3,720;3,720;3,638;3,638;3,556;3,556;3,638;4,740;8,363;13,866;11,576;9,297;7,062;5,456;4,652;5,005;4,828;4,565;4,137;3,802;3,638;4,479;3,315;5,070;13,866
  01/1949;4,479;4,137;3,802;3,556;3,395;3,235;3,235;3,395;3,885;4,828;6,198;7,655;17,750;25,915;25,915;20,054;14,456;12,592;17,251;17,500;12,138;10,583;8,159;7,258;7,357;8,568;9,934;11,800;10,801;8,671;9,934;3,235;9,950;25,915
  02/1949;9,934;11,131;8,260;8,260;7,258;8,057;14,812;31,238;39,401;31,951;20,054;14,456;11,912;10,583;9,720;9,614;15,654;15,776;14,101;12,478;11,353;12,138;18,420;16,386;12,822;11,353;10,474;10,041;---;---;---;7,258;14,558;39,401
  03/1949;8,774;9,087;8,568;8,159;8,159;7,956;8,568;12,936;14,456;12,251;11,131;9,720;8,363;7,956;7,160;6,965;6,965;6,771;6,674;6,578;6,387;6,387;6,387;7,755;7,456;7,258;11,242;10,365;10,041;10,149;9,192;6,387;8,704;14,456
  04/1949;7,956;8,774;8,774;10,149;9,508;9,402;9,827;7,755;7,160;7,062;6,965;6,674;6,674;6,482;6,387;6,292;6,198;6,103;6,010;5,916;5,916;6,010;6,387;7,160;10,041;10,257;8,057;6,965;6,674;6,292;---;5,916;7,461;10,257
  05/1949;6,198;6,103;6,010;6,010;6,387;6,103;6,010;6,010;5,823;5,823;6,674;7,357;7,062;6,867;6,482;6,103;5,639;5,547;5,456;5,456;5,365;5,365;5,274;5,274;5,274;5,184;5,094;5,094;5,094;5,094;5,005;5,005;5,814;7,357
  06/1949;5,005;5,005;5,005;4,916;4,916;5,823;5,639;5,547;5,184;5,094;5,094;5,823;5,916;5,823;5,916;6,867;7,062;6,387;5,639;5,274;5,274;5,184;5,184;5,184;5,184;5,094;5,094;5,005;5,005;4,916;---;4,916;5,435;7,062
  07/1949;4,916;4,916;4,828;4,828;4,828;4,740;4,740;4,740;4,652;4,652;4,565;4,565;4,565;4,479;4,479;4,479;4,479;4,392;4,392;4,307;4,307;4,307;4,221;4,221;4,137;4,137;4,137;4,052;4,052;4,052;3,968;3,968;4,456;4,916
  08/1949;3,968;3,885;3,885;3,885;3,802;3,802;3,720;3,720;3,720;3,638;3,638;3,638;3,638;3,638;3,638;3,638;3,638;3,556;3,556;3,556;3,556;3,638;3,556;3,720;3,556;3,556;3,556;3,475;3,475;3,475;3,475;3,475;3,652;3,968
  09/1949;3,802;3,638;3,556;3,556;3,475;3,395;3,556;3,475;3,475;3,395;3,395;3,315;3,315;3,315;3,315;3,315;3,315;3,315;3,235;3,235;3,235;3,157;3,157;3,078;3,078;3,078;3,000;3,000;2,923;2,846;---;2,846;3,298;3,802
  10/1949;2,846;2,846;2,846;2,846;2,923;2,923;3,968;4,137;3,802;3,475;3,315;3,395;3,968;3,638;3,395;3,315;3,556;3,638;3,968;3,802;3,638;3,475;3,395;3,235;3,157;3,968;3,802;3,556;3,475;3,395;3,315;2,846;3,452;4,137
  11/1949;3,235;3,157;3,000;2,846;2,770;4,479;6,482;5,639;5,823;13,749;8,982;6,867;5,094;4,307;3,968;3,638;3,475;3,315;3,556;3,638;4,221;3,720;3,720;3,638;3,556;3,395;3,395;3,157;3,078;2,923;---;2,770;4,427;13,749
  12/1949;2,923;6,198;13,515;10,474;7,357;6,578;6,578;11,688;11,242;10,041;7,956;7,456;14,101;13,749;16,019;21,429;23,954;19,603;14,456;10,801;8,568;7,855;14,101;17,876;15,052;14,574;20,054;15,292;12,365;10,583;9,087;2,923;12,307;23,954
  01/1950;8,260;7,357;7,160;7,855;7,160;7,456;11,576;10,474;9,402;8,159;7,755;7,956;14,219;15,052;12,365;10,257;9,827;8,671;10,257;15,413;18,860;15,292;26,414;36,165;31,772;27,762;28,617;28,961;25,584;20,661;17,500;7,160;15,297;36,165
  02/1950;16,263;19,454;20,205;23,313;19,305;17,750;17,002;18,713;26,081;30,707;38,056;42,737;28,103;21,429;18,860;22,995;21,429;22,678;20,205;17,126;22,207;26,581;28,961;29,830;26,247;21,583;17,375;15,897;---;---;---;15,897;23,253;42,737
  03/1950;15,533;15,413;15,654;14,219;13,283;15,172;17,002;17,126;19,305;22,207;19,156;20,508;21,739;20,661;16,755;15,292;21,429;19,753;23,154;31,594;28,617;26,081;22,207;18,713;16,879;15,654;15,052;14,574;14,337;14,101;13,399;13,283;18,534;31,594
  04/1950;13,283;13,052;14,101;13,983;13,399;13,052;12,478;11,688;10,911;10,365;10,149;10,041;13,283;15,654;16,386;19,008;20,356;21,894;16,755;13,515;12,592;12,822;12,822;12,138;11,688;11,242;11,242;11,912;12,025;12,251;---;10,041;13,470;21,894
  05/1950;11,688;11,464;11,021;10,692;10,583;10,365;10,365;10,041;9,827;9,402;9,297;9,192;9,192;9,087;8,982;8,982;8,878;8,774;8,671;8,568;8,465;8,363;8,260;8,260;8,159;8,057;8,057;8,057;7,956;7,956;7,956;7,956;9,181;11,688
  06/1950;7,855;7,855;7,855;7,855;7,755;7,755;8,568;8,878;8,260;8,057;7,956;7,655;7,655;7,456;7,456;8,159;8,774;8,260;7,956;7,855;7,755;7,258;7,160;7,160;7,160;7,160;7,062;6,867;6,674;6,578;---;6,578;7,690;8,878
  07/1950;7,555;9,402;7,855;7,258;7,062;6,674;6,387;6,387;6,387;6,387;6,292;6,198;6,103;6,103;6,010;6,010;5,916;5,916;5,823;5,823;5,823;5,823;5,823;5,823;5,823;5,823;5,823;5,731;5,731;5,731;5,731;5,731;6,298;9,402
  08/1950;5,731;5,639;5,639;5,639;5,639;5,547;5,547;5,547;5,547;5,547;5,365;5,365;5,274;5,274;5,274;5,456;5,456;5,456;5,456;5,456;5,456;5,365;5,456;5,184;5,184;5,184;5,184;5,094;5,094;5,094;5,094;5,094;5,395;5,731
  09/1950;5,005;5,005;5,005;4,916;4,916;4,916;4,828;4,828;4,828;4,828;4,828;4,740;4,740;4,740;4,740;4,740;4,740;4,740;4,740;4,652;4,652;4,652;4,740;4,916;5,274;6,482;5,731;5,184;4,828;4,740;---;4,652;4,922;6,482
  10/1950;4,828;4,828;4,828;4,828;4,828;6,482;5,823;5,184;4,916;5,094;5,274;5,365;4,916;5,823;5,916;6,198;6,771;7,160;8,057;7,855;7,062;6,010;5,456;5,184;5,094;4,828;4,828;4,565;4,392;4,221;4,307;4,221;5,514;8,057
  11/1950;4,221;4,221;4,221;4,137;4,137;4,052;4,052;4,052;4,479;6,010;6,578;6,198;5,547;5,184;4,916;5,005;7,160;8,057;6,578;5,639;5,184;5,184;5,456;5,274;5,094;4,916;12,478;16,141;11,464;23,473;---;4,052;6,637;23,473
  12/1950;17,375;13,167;10,041;8,465;11,912;12,478;8,671;7,956;7,357;9,402;8,878;8,363;6,674;6,387;11,242;10,583;8,671;7,456;6,482;6,103;6,010;5,916;5,731;5,639;5,547;5,456;5,184;5,094;6,198;6,482;6,771;5,094;8,119;17,375
  01/1951;5,274;5,365;5,184;5,916;7,160;7,160;7,357;8,260;10,149;9,827;11,912;10,911;10,365;10,801;9,827;8,671;8,774;19,454;15,052;17,002;14,101;13,515;11,021;10,257;9,614;10,583;13,283;13,283;12,707;12,138;11,912;5,184;10,543;19,454
  02/1951;10,474;9,297;13,983;16,386;14,812;13,167;15,172;16,755;15,172;13,983;12,138;11,021;9,934;9,297;9,402;9,087;8,982;8,774;10,149;17,126;15,897;12,592;11,464;10,365;9,402;8,465;7,855;7,655;---;---;---;7,655;11,743;17,126
  03/1951;7,357;7,062;6,965;6,867;7,855;9,614;19,753;23,793;21,274;26,247;17,002;14,456;12,592;11,576;13,052;16,141;16,141;15,052;13,983;12,822;12,138;11,800;12,138;14,693;13,749;11,912;10,583;12,707;12,365;11,242;11,131;6,867;13,357;26,247
  04/1951;10,474;12,025;12,707;15,533;17,002;12,822;11,242;10,474;10,041;9,614;8,982;8,465;8,363;8,159;8,057;7,956;7,956;7,855;7,755;7,655;7,555;7,456;7,357;7,258;7,160;7,062;6,867;6,771;6,771;6,674;---;6,674;9,136;17,002
  05/1951;6,674;6,674;6,771;6,674;6,578;6,482;6,198;6,103;6,010;5,916;5,823;5,731;5,731;5,639;5,547;5,547;5,456;5,365;5,365;5,274;5,274;5,184;5,184;5,184;5,094;5,094;5,094;5,005;5,005;5,005;5,005;5,005;5,667;6,771
  06/1951;4,916;4,916;5,184;5,274;5,184;5,094;5,094;5,005;5,005;5,005;4,916;4,828;4,828;4,740;4,652;4,652;4,565;4,479;4,479;4,392;4,392;4,307;4,307;4,221;4,221;4,137;4,137;4,221;4,307;4,392;---;4,137;4,662;5,274
  07/1951;4,392;4,307;4,307;4,221;5,005;4,740;4,392;4,565;4,392;4,392;4,392;4,479;4,392;4,392;4,307;4,221;4,221;4,137;4,052;3,968;3,885;3,802;3,720;3,638;3,556;3,475;3,395;3,395;3,395;3,315;3,315;3,315;4,070;5,005
  08/1951;3,315;3,315;3,235;3,235;3,556;3,475;3,395;3,395;3,315;3,395;3,395;3,315;3,315;3,315;3,315;3,235;3,235;3,235;3,157;3,157;3,157;4,052;4,916;4,565;4,137;3,638;3,315;3,078;3,078;3,000;3,000;3,000;3,427;4,916
  09/1951;3,000;2,846;2,846;2,770;2,695;2,695;2,695;2,695;2,619;2,619;2,619;2,619;2,619;2,545;2,545;2,545;2,619;2,545;2,545;2,545;2,545;2,545;2,471;2,471;2,471;2,471;2,471;2,398;2,398;2,398;---;2,398;2,596;3,000
  10/1951;2,398;2,398;2,398;2,325;2,325;2,325;2,325;2,325;2,325;2,325;2,695;2,695;2,471;2,398;3,968;2,770;2,619;2,770;5,823;6,010;5,094;4,307;3,885;3,475;2,923;2,471;2,619;2,770;2,695;2,619;2,545;2,325;3,003;6,010
  11/1951;2,471;2,325;2,325;2,253;2,253;2,325;2,325;2,325;2,253;2,253;2,182;2,182;2,182;2,182;2,111;2,111;2,111;2,111;2,111;2,040;5,916;18,128;11,912;16,263;31,416;30,707;18,001;18,713;17,876;12,365;---;2,040;7,524;31,416
  12/1951;7,655;6,103;7,956;6,965;5,823;4,652;4,392;5,823;6,387;5,639;7,160;6,771;5,456;4,916;4,307;3,885;3,638;3,475;3,395;3,315;3,315;3,556;3,556;3,395;3,638;3,556;3,556;3,395;7,855;6,965;5,005;3,315;5,016;7,956
  01/1952;8,363;9,192;8,057;7,357;6,482;5,823;5,094;4,392;4,565;4,652;5,094;4,916;4,652;11,242;10,149;12,251;14,693;12,936;11,131;10,041;8,982;7,956;7,062;6,965;7,956;11,800;8,671;7,062;6,010;5,639;5,639;4,392;7,898;14,693
  02/1952;5,274;10,365;18,566;20,813;23,793;30,179;23,633;20,813;16,019;12,478;11,688;10,692;13,515;16,509;18,420;16,879;15,654;14,574;13,749;11,800;14,101;15,052;17,002;19,156;20,967;20,967;19,008;17,251;14,932;---;---;5,274;16,684;30,179
  03/1952;17,126;19,305;14,337;11,800;10,474;10,257;10,041;9,934;10,149;11,912;15,052;13,167;12,138;10,474;14,337;13,632;11,912;10,365;10,474;9,827;9,614;10,041;10,257;10,041;13,052;17,126;12,478;9,720;8,982;8,568;7,755;7,755;11,753;19,305
  04/1952;8,057;8,982;8,159;7,956;7,555;7,258;7,160;6,867;6,674;6,771;8,260;7,956;7,655;7,160;6,674;7,160;6,867;6,578;6,292;6,010;5,916;5,823;5,731;6,578;6,103;6,010;5,731;5,731;5,547;5,365;---;5,365;6,820;8,982
  05/1952;5,365;5,274;5,184;5,094;5,094;5,005;5,005;4,916;4,916;4,828;4,828;4,740;4,740;4,652;4,652;4,479;4,565;4,565;4,479;4,479;4,479;4,479;4,392;4,652;4,479;4,479;4,392;4,307;4,307;4,221;4,221;4,221;4,686;5,365
  06/1952;4,221;4,137;4,137;4,052;4,052;4,052;3,968;3,968;5,094;9,720;8,465;6,674;5,547;8,260;10,149;9,087;11,021;13,283;11,688;9,827;8,057;6,674;5,731;5,365;5,184;5,005;4,916;4,828;4,740;4,740;---;3,968;6,555;13,283
  07/1952;4,652;4,565;4,479;4,307;4,221;4,137;4,052;4,052;3,968;3,968;3,968;3,885;3,885;3,885;3,885;3,802;3,802;3,720;3,720;3,720;3,638;3,638;3,556;3,556;3,556;3,556;3,475;3,475;3,475;3,395;3,395;3,395;3,851;4,652
  08/1952;3,395;3,395;3,315;3,315;3,315;3,315;3,235;3,235;3,235;3,235;3,235;3,157;3,157;3,078;3,078;3,078;3,078;3,078;3,000;2,923;2,923;2,923;2,846;2,846;2,846;2,846;2,770;2,770;2,770;2,770;2,770;2,770;3,062;3,395
  09/1952;2,770;2,695;2,695;2,695;2,695;3,556;3,556;3,315;3,000;2,846;2,846;2,770;2,770;2,695;2,695;2,695;3,000;3,802;5,184;4,137;3,475;3,235;3,078;3,078;2,846;2,846;2,695;2,695;2,545;2,545;---;2,545;3,049;5,184
  10/1952;2,545;2,471;2,471;2,398;2,325;2,325;2,325;2,398;2,545;2,325;2,325;2,471;2,545;3,078;3,078;2,545;2,325;2,253;2,545;3,885;4,307;4,137;3,556;3,235;3,157;3,078;3,475;3,802;4,479;3,885;3,475;2,253;2,960;4,479
  11/1952;3,157;2,923;2,770;2,770;2,619;2,619;2,545;2,471;2,545;8,159;17,002;12,138;7,160;5,005;4,137;3,638;3,556;4,828;5,823;6,867;11,242;9,192;6,010;5,184;4,828;4,479;4,221;3,968;3,802;3,968;---;2,471;5,321;17,002
  12/1952;5,639;4,916;4,479;4,307;4,137;4,307;4,137;3,802;3,556;3,315;3,638;3,802;4,137;4,392;4,137;2,846;2,770;2,695;2,695;2,770;2,846;2,770;2,770;2,695;2,695;2,770;3,395;3,885;3,000;2,695;3,395;2,695;3,529;5,639
  01/1953;3,968;7,755;6,198;6,103;5,823;5,005;4,652;4,916;4,652;4,137;3,802;3,475;3,235;3,157;3,000;2,923;2,923;2,695;2,695;2,545;2,619;2,398;2,846;2,471;2,545;2,398;2,325;2,923;4,740;5,456;4,479;2,325;3,834;7,755
  02/1953;4,137;3,802;3,556;3,395;3,157;2,923;2,846;2,619;2,770;3,720;4,137;4,307;4,052;7,456;14,693;10,257;7,062;5,731;5,094;9,192;7,258;6,674;5,823;5,094;4,565;4,221;3,885;3,395;---;---;---;2,619;5,208;14,693
  03/1953;3,315;3,475;3,638;3,475;3,157;2,923;2,770;2,770;2,695;2,619;2,619;3,395;3,000;2,846;3,235;3,802;3,968;4,479;6,292;6,103;5,365;4,565;4,565;5,547;6,771;9,297;12,138;9,720;8,057;6,867;6,103;2,619;4,825;12,138
  04/1953;5,456;5,274;5,005;4,740;4,652;9,087;9,402;9,508;8,057;6,965;5,916;5,094;4,565;4,392;4,307;4,221;5,365;5,184;4,828;4,828;4,652;4,652;4,307;4,137;3,802;3,638;3,475;3,475;3,315;3,315;---;3,315;5,187;9,508
  05/1953;3,315;3,235;3,235;3,315;4,828;4,221;3,802;3,475;3,475;3,315;3,315;3,235;3,157;3,157;3,078;3,078;2,923;2,923;2,846;2,770;2,695;2,695;3,078;3,078;3,395;3,720;4,307;4,652;4,307;3,395;4,052;2,695;3,422;4,828
  06/1953;4,221;3,720;3,395;3,315;3,235;3,157;3,078;3,078;3,638;3,968;4,392;3,235;3,235;3,078;3,078;3,000;3,000;2,923;2,923;2,846;2,846;2,770;2,770;2,695;2,695;2,619;2,619;2,545;2,545;2,471;---;2,471;3,103;4,392
  07/1953;2,471;2,471;2,471;2,471;2,398;2,398;2,398;2,398;2,398;2,923;3,235;3,000;2,695;2,545;2,471;2,471;2,398;2,398;2,325;2,471;2,471;2,398;2,398;2,398;2,398;2,398;2,398;2,398;2,398;2,398;2,398;2,325;2,492;3,235
  08/1953;2,398;2,325;2,325;2,325;2,253;2,253;2,253;2,182;2,182;2,182;2,111;2,111;2,040;2,040;2,040;1,971;1,971;1,971;1,902;1,902;1,902;1,834;1,834;2,770;2,545;2,253;2,040;1,971;1,971;1,971;1,902;1,834;2,120;2,770
  09/1953;1,902;1,902;1,902;1,834;1,834;1,834;2,253;2,040;1,902;1,902;3,315;2,619;2,111;1,902;2,923;3,475;2,846;2,619;2,471;2,040;1,902;1,902;1,902;1,834;1,834;1,834;1,834;1,766;1,699;1,699;---;1,699;2,128;3,475
  10/1953;1,503;1,503;1,439;1,439;2,253;2,471;2,695;2,695;2,325;2,182;1,971;1,902;1,699;1,633;1,766;2,253;2,770;4,221;4,479;4,052;3,802;3,157;2,695;2,398;2,111;1,971;1,971;1,834;1,834;1,766;1,699;1,439;2,338;4,479
  11/1953;1,699;3,157;2,923;3,395;2,846;2,619;2,471;2,695;2,923;2,545;2,398;2,111;2,040;2,545;2,695;2,398;2,253;2,111;1,971;1,971;1,834;1,834;1,766;1,699;1,699;1,699;1,633;1,699;3,000;3,315;---;1,633;2,331;3,395
  12/1953;4,652;6,867;13,515;7,357;6,010;7,160;5,456;3,556;2,923;2,770;2,695;3,078;6,010;7,655;7,357;5,639;4,052;3,395;2,695;2,398;2,253;2,923;2,619;2,545;2,471;2,398;2,398;2,619;3,885;3,395;2,923;2,253;4,376;13,515
  01/1954;2,695;2,545;3,638;14,456;18,713;23,154;21,894;14,812;10,041;9,614;10,149;9,297;7,755;6,771;6,103;5,456;4,565;4,307;6,010;6,198;8,878;6,867;5,274;5,184;5,547;5,184;4,740;4,479;5,274;4,828;4,307;2,545;8,024;23,154
  02/1954;4,052;3,885;4,052;5,094;6,010;6,867;10,583;24,764;43,939;37,106;21,120;15,172;13,749;16,879;12,707;16,141;14,219;13,632;15,776;15,052;12,365;11,021;10,257;14,337;12,936;10,692;9,508;8,878;---;---;---;3,885;13,957;43,939
  03/1954;8,465;8,057;7,655;7,258;7,062;7,062;7,160;6,674;6,103;7,160;13,515;13,515;12,251;9,508;7,357;6,867;6,292;6,578;7,555;7,062;6,965;6,771;6,578;5,639;5,274;5,184;5,094;5,005;4,916;5,823;8,774;4,916;7,393;13,515
  04/1954;8,671;7,956;6,965;6,198;5,731;5,184;4,916;4,652;4,307;4,565;4,479;4,479;4,392;4,392;4,307;4,307;4,221;4,221;4,221;4,137;4,052;4,052;4,052;3,968;3,968;3,885;3,885;4,137;4,052;4,052;---;3,885;4,747;8,671
  05/1954;4,137;4,307;4,221;4,052;3,968;3,968;4,221;4,565;5,184;7,555;9,402;9,402;9,827;11,800;10,583;8,878;7,357;7,160;6,965;6,103;10,365;9,402;8,671;8,057;7,357;6,771;6,292;5,916;5,547;5,274;5,094;3,968;6,852;11,800
  06/1954;5,005;5,005;5,005;6,010;6,674;7,160;7,555;6,867;5,916;5,094;4,916;4,828;4,740;4,740;4,652;4,565;4,479;4,392;4,392;4,221;4,052;4,052;4,221;4,052;4,052;3,885;3,885;3,802;3,720;3,720;---;3,720;4,855;7,555
  07/1954;3,720;3,638;3,638;3,556;3,556;3,475;3,475;3,475;3,395;3,395;3,395;3,395;3,315;3,315;3,315;3,235;3,235;3,235;3,157;3,157;3,157;3,157;3,157;3,157;3,078;3,078;3,000;3,000;2,923;2,923;2,923;2,923;3,278;3,720
  08/1954;2,846;2,846;2,846;2,770;2,695;2,695;2,695;2,619;2,619;2,619;2,545;2,545;2,545;2,545;2,471;2,471;2,471;2,398;2,398;2,398;2,325;2,325;2,325;2,325;2,253;2,253;2,253;2,253;2,182;2,182;2,182;2,182;2,480;2,846
  09/1954;2,111;2,111;2,111;2,040;2,040;2,040;2,040;2,040;1,971;1,971;1,971;1,971;1,902;1,902;1,902;1,902;1,834;1,834;1,834;2,111;2,040;1,971;1,902;1,834;1,834;2,111;2,398;2,545;2,695;2,846;---;1,834;2,060;2,846
  10/1954;2,846;2,770;2,695;2,545;2,471;2,253;2,040;1,971;1,902;1,902;4,740;4,052;3,395;3,000;2,770;2,471;2,471;2,253;2,040;1,902;2,325;5,639;3,720;2,695;2,398;2,111;2,040;1,971;2,619;2,325;2,111;1,902;2,659;5,639
  11/1954;2,040;2,040;1,902;1,902;1,834;1,834;1,766;1,766;1,766;1,699;1,633;1,633;1,568;1,568;1,503;1,834;1,766;1,633;1,633;1,568;1,568;1,503;1,439;1,439;1,376;1,376;1,313;1,313;1,313;1,252;---;1,252;1,626;2,040
  12/1954;1,191;1,191;1,191;1,902;1,633;1,503;1,766;2,040;1,834;1,902;2,040;3,475;4,916;7,062;4,565;3,157;2,253;2,040;3,078;4,916;5,547;6,292;9,508;9,614;7,456;4,479;3,235;3,000;2,923;2,846;2,695;1,191;3,589;9,614
  01/1955;2,182;3,078;5,005;8,363;9,297;7,555;9,087;10,041;7,655;5,823;9,508;7,855;6,965;6,198;6,482;9,614;14,574;18,420;17,251;14,101;10,911;8,671;7,855;6,387;5,916;5,184;4,565;4,221;3,968;6,965;8,159;2,182;8,124;18,420
  02/1955;6,010;5,823;5,547;4,916;4,307;3,968;3,638;3,556;3,475;3,395;3,315;3,235;3,235;3,157;3,078;3,000;2,923;2,770;2,770;2,695;3,968;6,578;5,639;6,387;8,260;7,456;6,482;5,916;---;---;---;2,695;4,482;8,260
  03/1955;5,456;11,131;9,402;6,482;5,456;4,828;5,639;6,965;6,387;6,103;11,576;11,800;9,720;10,257;9,720;13,515;12,025;9,720;8,568;7,357;5,823;5,184;4,740;4,479;4,307;4,307;4,137;4,052;3,968;3,885;4,221;3,885;7,136;13,515
  04/1955;5,731;5,456;5,094;5,456;5,184;4,828;4,652;4,565;4,392;4,392;4,137;4,137;3,885;3,720;4,052;4,740;4,307;3,968;3,802;3,802;3,556;3,556;3,475;3,395;3,315;3,235;3,157;3,078;4,828;4,137;---;3,078;4,201;5,731
  05/1955;4,052;3,968;3,885;3,802;3,802;3,638;3,638;3,556;3,475;3,315;3,315;3,157;3,078;3,000;3,000;2,923;2,923;3,556;3,235;3,885;5,005;4,392;3,968;3,475;3,315;3,235;3,157;3,078;3,078;3,475;3,556;2,923;3,514;5,005
  06/1955;3,315;3,235;3,157;3,157;3,078;3,000;2,923;2,923;3,315;3,720;3,475;3,315;3,157;3,078;3,000;3,000;3,000;2,923;2,846;2,846;2,846;2,770;2,695;2,695;2,619;2,619;2,619;2,545;2,471;2,471;---;2,471;2,960;3,720
  07/1955;2,398;2,398;2,545;2,846;3,000;2,923;2,770;2,770;2,695;2,695;2,619;2,619;2,471;2,471;2,325;2,325;2,040;2,040;2,040;2,111;2,040;2,182;2,040;2,040;2,040;2,040;1,971;1,971;1,902;1,971;1,834;1,834;2,327;3,000
  08/1955;2,040;2,040;1,971;1,971;1,902;1,902;1,902;1,834;1,834;1,834;1,902;2,398;2,325;2,253;2,253;2,182;2,182;2,111;2,111;2,111;2,040;1,971;1,971;1,902;1,902;1,834;3,157;6,965;7,456;5,731;4,137;1,834;2,585;7,456
  09/1955;3,395;3,078;2,695;2,619;2,398;2,253;2,111;2,111;2,040;2,040;1,971;1,902;1,834;1,834;1,834;1,766;1,766;1,766;1,699;1,699;1,699;1,633;1,633;1,633;1,568;1,568;1,503;1,503;1,503;1,439;---;1,439;1,950;3,395
  10/1955;1,439;1,376;1,376;1,376;1,376;1,313;1,313;1,313;1,252;1,252;1,252;1,252;2,545;2,182;1,902;1,633;2,111;1,971;1,699;1,568;1,699;1,568;1,568;1,439;1,376;1,376;1,313;2,695;3,638;3,315;3,157;1,252;1,763;3,638
  11/1955;3,475;5,094;6,292;5,456;4,052;3,395;3,235;3,078;3,638;4,052;5,639;5,005;4,392;3,968;3,475;3,157;2,695;2,325;1,971;2,398;3,802;3,475;3,235;3,235;3,078;2,923;2,695;2,471;2,253;2,111;---;1,971;3,536;6,292
  12/1955;2,040;2,545;6,771;13,749;12,025;9,720;7,456;6,292;5,547;4,740;4,137;3,802;3,556;3,315;3,078;2,923;6,674;9,087;8,671;7,855;6,578;5,274;4,137;3,720;3,475;4,392;5,365;7,555;11,912;20,661;20,356;2,040;7,013;20,661
  01/1956;24,115;22,995;17,876;15,654;13,283;10,692;8,568;7,357;6,198;5,365;4,916;4,307;4,137;4,052;3,968;3,885;3,802;3,638;4,307;5,365;4,652;3,638;3,475;4,740;6,103;5,456;4,740;3,720;3,395;3,235;3,638;3,235;7,138;24,115
  02/1956;3,475;3,395;3,315;3,157;3,000;2,846;2,619;2,471;2,471;2,325;2,325;2,253;4,307;6,674;8,774;11,353;15,776;9,720;10,041;19,454;19,903;16,632;11,576;9,402;8,159;7,555;7,855;8,465;8,982;---;---;2,253;7,527;19,903
  03/1956;9,508;15,292;11,576;8,568;7,456;5,916;5,005;4,479;4,392;4,221;4,221;4,052;3,968;3,885;5,274;4,740;4,479;4,392;4,221;4,221;4,137;4,052;4,052;4,052;4,828;4,565;4,137;3,638;3,395;4,052;5,274;3,395;5,356;15,292
  04/1956;5,365;5,005;4,740;4,307;3,885;3,885;3,802;3,720;3,556;3,475;5,365;5,184;4,740;4,392;4,052;3,638;3,315;3,078;3,000;2,923;2,923;2,770;2,770;3,157;3,078;3,000;3,157;4,479;5,365;4,740;---;2,770;3,896;5,365
  05/1956;4,828;6,578;6,387;5,731;5,731;5,005;4,479;4,307;4,916;5,456;4,916;4,307;3,968;3,802;3,638;3,315;3,078;2,923;2,923;2,846;2,770;2,846;3,315;3,475;7,555;16,019;16,019;13,167;9,192;6,103;4,828;2,770;5,627;16,019
  06/1956;6,674;6,292;5,731;5,184;5,094;4,828;4,740;4,565;4,307;3,968;3,968;4,740;13,632;11,021;9,087;7,956;7,258;6,578;5,456;5,005;3,475;3,235;3,885;3,885;3,802;3,720;3,720;3,720;3,638;3,638;---;3,235;5,427;13,632
  07/1956;3,638;3,638;3,556;3,556;3,556;3,556;3,475;3,475;3,475;3,475;3,395;3,395;3,395;3,395;3,315;3,315;3,315;3,235;3,235;3,235;3,157;3,157;3,235;6,198;6,482;5,184;4,137;3,885;3,885;3,720;4,052;3,157;3,733;6,482
  08/1956;6,578;7,755;14,337;18,566;17,876;11,912;8,363;6,965;6,103;5,456;4,740;4,392;4,221;4,221;4,221;4,137;4,052;3,968;3,968;3,968;3,885;3,802;3,802;3,802;3,968;3,802;3,802;3,638;3,556;3,235;3,235;3,235;6,011;18,566
  09/1956;3,078;2,923;2,846;2,770;2,695;2,619;2,398;2,325;2,253;3,475;6,578;6,387;5,731;5,094;4,392;4,052;3,720;3,556;3,475;3,315;3,157;2,923;2,695;2,471;2,471;2,398;2,398;2,695;3,315;3,638;---;2,253;3,395;6,578
  10/1956;3,475;3,315;3,000;2,695;2,545;2,398;2,325;2,325;2,253;2,253;2,923;7,555;5,639;4,137;3,475;3,078;2,695;2,619;2,695;2,545;2,471;2,325;3,157;3,475;3,078;2,770;2,695;2,619;2,695;2,923;3,315;2,253;3,080;7,555
  11/1956;3,078;2,846;2,695;2,545;2,770;2,695;2,545;2,471;2,398;3,000;3,885;4,479;5,274;4,828;3,638;2,545;2,398;2,325;2,253;2,253;2,182;2,325;2,695;2,770;2,545;2,471;2,770;2,398;2,253;2,253;---;2,182;2,853;5,274
  12/1956;2,111;2,111;2,040;1,971;1,902;1,902;3,968;6,198;5,184;4,052;3,078;2,471;2,111;3,968;5,005;7,062;5,005;3,968;3,395;2,846;2,695;2,619;2,619;2,770;4,652;4,479;3,395;2,770;2,545;2,325;2,325;1,902;3,340;7,062
  01/1957;2,182;2,182;2,040;1,971;1,902;2,846;2,923;2,398;2,923;3,395;5,094;4,307;3,802;3,315;4,221;8,057;19,008;25,584;29,830;19,753;14,337;10,365;8,671;9,087;12,936;10,692;7,555;8,057;8,982;11,242;8,878;1,902;8,340;29,830
  02/1957;7,855;5,731;5,823;19,454;15,533;13,632;16,263;16,019;11,800;12,138;14,932;15,533;12,936;11,688;10,801;14,219;21,894;20,661;15,533;12,707;10,583;8,982;8,057;7,755;7,555;12,707;19,305;20,054;---;---;---;5,731;13,220;21,894
  03/1957;17,251;14,337;12,025;10,474;9,297;8,363;7,755;7,655;8,260;12,936;11,021;8,465;7,456;6,771;6,292;5,916;6,867;7,160;6,387;5,916;14,812;23,633;24,927;23,633;17,002;14,693;13,167;10,365;9,297;8,774;8,363;5,916;11,267;24,927
  04/1957;8,057;8,878;8,465;10,257;8,774;8,057;7,755;7,655;7,655;10,257;9,827;8,982;8,363;8,057;8,568;8,260;7,855;9,087;7,357;6,867;6,674;6,292;6,103;6,010;5,823;5,731;5,547;5,547;5,365;7,160;---;5,365;7,643;10,257
  05/1957;9,614;8,260;7,258;6,578;6,010;5,547;5,184;5,184;5,823;6,010;5,731;5,639;5,456;5,274;5,274;5,184;5,094;5,005;4,916;4,828;4,828;4,652;4,652;4,479;4,392;4,307;4,307;4,221;4,221;4,221;4,137;4,137;5,364;9,614
  06/1957;4,137;4,137;4,221;4,479;4,392;4,565;5,547;5,823;5,639;5,639;5,456;5,456;5,274;5,005;4,828;4,652;4,565;4,479;4,221;4,221;4,052;3,885;3,802;3,720;3,720;3,638;3,638;3,556;3,638;3,638;---;3,556;4,467;5,823
  07/1957;3,638;3,556;3,720;3,802;4,052;5,274;4,740;4,392;4,052;3,802;3,638;3,556;3,475;3,475;3,475;3,638;4,740;6,578;7,160;6,387;6,198;5,094;4,307;4,052;5,005;5,274;4,652;4,052;3,720;3,638;3,475;3,475;4,407;7,160
  08/1957;3,475;3,395;3,395;3,395;3,315;3,235;3,157;3,157;3,078;3,000;2,923;2,846;2,923;4,137;3,720;3,556;4,052;4,307;8,465;9,614;8,159;5,916;5,184;4,565;4,137;3,638;3,395;3,078;3,078;3,000;4,740;2,846;4,130;9,614
  09/1957;4,565;4,221;4,565;12,251;15,172;12,138;9,614;7,258;6,198;5,916;5,547;5,005;4,652;4,392;4,392;5,005;4,828;4,392;4,221;4,052;3,885;3,885;6,578;10,692;10,474;7,956;6,482;5,184;4,652;4,392;---;3,885;6,419;15,172
  10/1957;4,137;4,137;3,968;3,802;3,802;3,638;3,556;3,556;3,475;3,395;3,315;3,315;3,315;6,674;5,823;5,005;4,652;4,307;3,720;3,315;2,923;3,968;4,052;3,968;4,052;4,307;4,565;6,674;8,671;9,508;7,755;2,923;4,560;9,508
  11/1957;5,916;5,005;4,307;3,968;3,638;3,395;3,235;3,078;3,556;3,638;3,315;3,235;4,137;5,005;4,652;4,221;3,968;3,968;3,885;3,802;7,062;6,482;5,916;5,184;4,307;3,802;3,395;3,235;3,078;2,846;---;2,846;4,174;7,062
  12/1957;3,078;3,475;3,315;7,258;8,363;7,456;7,555;8,774;7,062;6,482;8,982;10,801;12,822;13,515;13,167;10,801;9,192;7,456;6,010;5,184;4,916;4,652;4,479;4,828;4,740;6,292;8,260;7,062;5,916;6,578;13,632;3,078;7,487;13,632
  01/1958;8,159;7,062;6,578;6,010;5,456;5,094;4,565;4,221;3,802;3,556;3,315;3,078;3,078;3,638;5,274;5,005;4,307;3,720;3,078;5,731;7,956;8,568;9,827;16,509;24,277;34,493;45,968;40,372;42,340;36,352;23,633;3,078;12,420;45,968
  02/1958;21,429;20,813;20,508;19,454;17,375;16,019;20,967;22,364;22,995;16,019;14,219;12,592;11,576;10,257;9,297;8,982;8,671;8,465;7,855;7,855;8,568;8,878;8,260;7,755;7,357;8,671;12,478;13,052;---;---;---;7,357;13,312;22,995
  03/1958;13,167;13,866;13,632;15,413;13,632;11,021;11,131;11,800;11,912;10,583;9,827;9,087;8,159;7,357;6,771;6,482;9,087;19,156;20,967;16,755;13,866;13,399;14,101;13,399;11,912;10,583;9,508;8,774;8,260;7,956;7,555;6,482;11,584;20,967
  04/1958;7,855;14,693;13,515;11,688;10,474;9,297;8,568;7,956;7,357;8,568;9,297;10,257;11,688;10,801;9,192;8,465;8,057;7,555;12,707;21,739;20,508;14,932;11,800;10,474;9,297;8,363;7,456;6,965;6,674;6,198;---;6,198;10,413;21,739
  05/1958;9,614;9,508;16,263;15,172;13,399;16,632;13,983;12,707;11,576;10,692;10,583;10,041;10,801;9,297;9,827;9,720;9,402;9,192;9,087;8,982;8,982;9,402;16,509;13,983;12,251;13,515;13,399;12,138;11,131;10,041;9,297;8,982;11,520;16,632
  06/1958;8,671;8,260;7,956;7,555;7,357;7,160;7,160;6,965;6,771;6,771;6,578;6,387;6,292;6,292;18,860;18,420;17,876;16,019;13,167;11,464;10,583;9,827;9,297;8,465;8,057;7,655;7,160;6,867;6,578;6,198;---;6,198;9,222;18,860
  07/1958;6,198;6,103;6,010;5,916;5,916;6,103;6,010;5,916;5,823;5,731;5,823;6,103;6,198;6,198;6,010;6,010;6,578;15,413;12,025;8,878;7,555;6,771;6,292;6,103;5,916;5,823;5,731;5,547;5,456;5,547;5,456;5,456;6,618;15,413
  08/1958;5,456;5,365;5,274;5,184;5,184;5,005;4,916;4,828;4,740;4,828;4,740;4,740;4,652;4,565;4,479;4,479;4,479;4,392;4,392;4,307;4,307;4,221;4,221;4,137;4,052;3,968;3,968;3,885;3,885;3,802;3,802;3,802;4,524;5,456
  09/1958;3,802;3,720;3,720;3,638;3,556;3,556;3,556;3,720;4,392;5,005;4,916;5,184;6,482;10,474;11,576;8,982;7,555;6,482;5,365;4,652;3,968;3,802;3,720;3,638;6,198;6,482;5,094;4,392;3,885;3,638;---;3,556;5,172;11,576
  10/1958;3,638;3,556;3,475;3,395;3,395;3,315;4,221;4,052;3,968;3,885;3,802;4,479;7,655;6,010;4,652;3,885;3,720;3,720;3,638;3,556;3,556;3,638;3,556;3,556;3,475;3,638;4,565;8,260;8,057;6,867;6,010;3,315;4,426;8,260
  11/1958;5,274;4,565;4,137;4,052;6,674;5,916;4,916;4,307;3,968;3,556;3,475;3,395;3,315;3,395;3,475;3,475;3,395;4,137;5,274;4,307;3,968;3,885;8,159;7,755;9,720;7,456;6,674;6,010;5,456;4,828;---;3,315;4,964;9,720
  12/1958;4,479;4,221;3,720;3,395;3,157;3,078;4,052;3,395;3,235;3,078;3,157;3,395;3,235;3,157;4,828;8,363;10,041;8,465;7,456;6,578;5,731;5,365;4,828;4,392;4,221;3,968;3,720;3,475;3,395;3,235;3,078;3,078;4,513;10,041
  01/1959;2,956;2,889;2,822;4,199;11,217;14,495;16,414;25,091;25,420;18,713;15,444;15,719;16,135;15,171;12,285;9,921;7,745;7,138;6,746;6,083;5,451;7,138;11,909;8,161;11,096;8,373;7,540;6,649;5,808;5,189;4,518;2,822;10,272;25,420
  02/1959;4,278;4,357;6,083;5,628;5,189;5,017;5,718;5,628;4,600;4,199;3,889;3,966;4,120;4,278;4,849;5,628;6,083;9,132;9,132;6,843;5,628;4,933;4,518;5,275;5,189;6,269;10,857;10,384;---;---;---;3,889;5,774;10,857
  03/1959;8,587;6,941;6,269;5,899;5,451;5,017;4,933;5,275;6,649;9,467;6,554;5,363;4,849;4,849;4,600;4,600;5,103;13,050;23,954;22,207;18,713;16,555;18,128;18,274;17,838;16,274;14,764;15,307;15,444;15,035;16,837;4,600;11,058;23,954
  04/1959;19,305;18,713;15,444;13,963;12,034;9,022;10,738;12,793;12,159;11,217;9,806;8,161;7,138;6,746;6,176;5,991;5,899;5,718;5,718;5,539;5,451;5,189;5,539;5,363;6,649;6,649;5,808;5,363;4,849;4,600;---;4,600;8,591;19,305
  05/1959;4,438;4,357;4,682;5,539;5,539;5,363;5,275;5,189;5,017;4,682;4,600;4,278;4,043;3,813;3,664;3,590;3,444;3,373;3,738;5,451;5,718;5,363;5,103;4,849;4,600;4,278;4,043;3,889;3,813;3,813;3,738;3,373;4,493;5,718
  06/1959;3,664;3,590;3,590;3,517;3,517;3,444;3,444;3,373;3,373;3,302;3,302;3,302;3,231;3,231;3,161;3,161;3,161;3,161;3,092;3,092;3,092;3,024;3,024;2,956;2,889;2,889;2,889;2,822;2,822;2,822;---;2,822;3,198;3,664
  07/1959;2,757;2,757;2,691;2,691;2,691;2,691;2,691;2,627;2,627;2,627;2,563;2,563;2,563;2,563;2,563;2,500;2,500;2,500;2,438;2,438;2,438;2,376;2,376;2,376;2,315;2,315;2,315;2,255;2,196;2,196;2,196;2,196;2,497;2,757
  08/1959;2,822;2,627;2,691;2,691;2,500;2,438;2,438;2,376;2,315;2,563;2,757;2,889;3,444;4,199;4,600;3,517;3,024;2,956;2,822;2,757;2,691;2,627;2,500;2,438;2,255;2,079;2,079;2,021;1,964;1,908;1,853;1,853;2,672;4,600
  09/1959;1,853;1,798;1,798;1,744;1,744;1,744;1,691;1,691;1,691;1,691;1,691;1,744;1,744;1,691;1,691;1,639;1,639;1,587;1,587;1,536;1,536;1,486;1,436;1,436;1,436;1,436;2,315;2,196;1,798;1,639;---;1,436;1,690;2,315
  10/1959;1,536;1,486;1,436;1,436;1,387;1,387;1,387;1,339;1,339;1,339;1,339;2,563;4,043;4,278;3,813;2,889;2,376;2,021;2,691;3,302;2,889;2,500;2,255;2,079;1,908;1,798;1,691;1,587;1,536;1,587;1,639;1,339;2,092;4,278
  11/1959;1,744;1,691;1,853;1,798;1,691;1,691;1,639;1,691;2,079;4,357;5,899;4,849;4,933;4,199;3,302;2,563;2,376;2,315;2,196;2,137;2,315;4,682;3,302;2,137;2,627;11,460;16,135;14,095;9,467;5,899;---;1,639;4,237;16,135
  12/1959;4,357;3,092;3,444;4,357;4,438;3,373;2,376;4,278;5,991;8,373;5,628;4,518;3,889;3,664;3,373;2,956;2,627;2,376;2,563;8,373;6,083;11,661;13,050;19,305;24,439;15,996;12,538;8,695;6,941;6,554;6,269;2,376;6,954;24,439
  01/1960;6,269;7,439;6,649;5,718;4,933;7,848;16,135;18,420;16,414;13,700;11,217;9,806;8,695;8,161;7,745;7,238;7,745;12,159;16,414;28,617;24,115;21,583;20,508;16,979;12,538;10,738;9,467;8,056;7,338;6,843;6,269;4,933;11,799;28,617
  02/1960;5,991;6,176;8,267;11,661;10,036;7,745;6,843;6,941;5,991;6,649;6,554;5,991;5,899;5,991;7,745;10,036;9,579;8,803;8,373;8,912;9,806;15,581;21,739;22,207;20,967;21,429;19,903;19,156;16,696;---;---;5,899;11,092;22,207
  03/1960;17,838;16,274;15,307;14,095;10,976;9,243;8,479;7,952;7,439;7,338;7,138;7,039;7,138;7,642;10,151;7,439;7,138;6,554;6,176;5,991;6,364;6,649;9,243;13,308;12,793;11,096;9,355;7,848;6,843;6,269;5,991;5,991;9,132;17,838
  04/1960;5,718;5,451;5,363;5,275;5,189;5,103;5,718;5,808;5,991;6,176;6,554;5,899;5,189;4,682;4,518;4,357;4,199;4,120;4,357;4,518;4,357;4,278;4,199;4,199;4,120;4,043;3,966;3,889;3,889;3,813;---;3,813;4,831;6,554
  05/1960;6,364;6,083;5,628;5,189;4,849;4,120;3,590;3,517;3,444;3,813;3,738;3,738;3,664;3,664;3,889;5,451;5,275;4,765;4,518;4,199;4,357;5,539;5,189;4,518;4,199;3,738;3,590;3,444;3,444;3,373;3,302;3,302;4,329;6,364
  06/1960;3,231;3,231;3,161;3,161;3,092;3,092;3,092;3,024;3,024;2,956;2,889;2,889;2,822;2,757;5,899;5,363;4,357;3,738;3,664;3,590;3,517;3,444;3,373;3,302;3,231;3,161;5,718;5,539;4,849;3,966;---;2,757;3,638;5,899
  07/1960;3,738;3,738;3,664;3,590;3,517;3,444;3,373;3,302;3,231;3,231;3,161;3,024;2,822;2,822;2,757;2,691;2,627;2,627;2,563;2,563;2,500;2,500;2,438;2,438;2,376;2,376;2,376;2,315;2,315;2,315;2,255;2,255;2,861;3,738
  08/1960;2,255;2,255;2,196;2,196;2,196;2,137;2,137;2,079;2,079;2,079;2,079;2,021;2,021;2,021;1,964;2,500;2,822;3,161;3,092;3,024;2,889;2,822;2,563;2,315;2,196;2,079;2,021;1,964;1,908;1,908;1,853;1,853;2,285;3,161
  09/1960;1,853;1,853;1,798;1,798;1,744;1,744;1,691;1,691;1,691;1,691;1,639;1,639;1,639;1,639;1,587;1,587;1,587;1,587;1,536;1,536;1,536;1,536;1,486;1,486;1,486;1,486;1,486;1,536;1,587;1,587;---;1,486;1,625;1,853
  10/1960;1,536;1,536;1,486;1,436;1,387;1,387;1,387;1,339;1,339;1,339;1,292;1,292;1,292;1,486;1,486;1,486;1,691;1,691;1,744;1,964;2,438;2,315;2,315;2,438;2,757;3,444;3,889;3,590;3,092;2,315;1,798;1,292;1,935;3,889
  11/1960;1,744;1,691;2,315;1,908;2,079;2,021;1,853;5,103;5,103;4,043;3,517;2,822;3,092;5,718;4,765;4,043;3,444;3,517;5,808;15,581;10,619;7,439;6,458;5,628;4,849;4,043;3,302;2,889;3,444;6,083;---;1,691;4,497;15,581
  12/1960;4,278;3,092;2,822;2,563;2,563;2,376;2,255;2,137;2,079;1,964;1,908;1,853;2,255;5,189;3,889;4,357;5,275;12,285;28,789;35,047;45,968;46,378;36,165;29,134;24,601;18,128;14,228;12,793;12,665;15,719;22,995;1,853;13,089;46,378
  01/1961;22,995;23,313;26,081;23,954;19,008;16,414;14,629;12,793;12,285;11,909;11,217;10,384;11,338;12,538;11,909;11,661;10,151;10,036;13,569;15,171;16,414;19,008;18,274;18,566;16,135;14,629;13,963;13,050;11,785;10,619;9,579;9,579;14,948;26,081
  02/1961;10,036;10,384;9,921;9,579;9,579;11,217;11,096;10,501;9,467;8,803;9,022;10,857;12,159;14,495;13,831;12,921;11,661;10,619;9,921;10,384;10,036;9,693;12,159;12,538;12,411;11,909;12,285;16,414;---;---;---;8,803;11,211;16,414
  03/1961;15,581;15,035;13,569;12,665;10,976;9,693;10,738;20,205;20,813;17,694;15,581;13,700;12,921;12,285;12,034;12,538;11,909;13,050;13,569;12,921;12,159;14,495;14,764;13,700;13,179;11,338;10,384;9,806;9,243;8,803;8,587;8,587;13,030;20,813
  04/1961;8,373;8,161;7,745;7,848;12,285;13,700;11,338;10,619;10,151;9,467;10,267;9,355;8,161;7,848;7,745;7,238;7,138;7,039;6,941;6,843;6,746;6,554;6,458;6,269;6,269;14,764;14,495;12,411;10,857;8,912;---;6,269;9,067;14,764
  05/1961;8,373;8,161;7,848;17,838;16,979;13,438;12,159;11,537;11,217;10,501;9,693;9,132;8,373;7,848;7,338;7,138;6,746;6,458;6,364;6,269;6,176;5,991;5,991;7,540;6,843;6,458;6,269;6,176;5,991;5,899;5,808;5,808;8,469;17,838
  06/1961;5,808;5,718;5,628;5,628;5,539;5,539;5,451;5,451;5,363;5,363;5,275;5,275;5,275;5,189;5,363;5,451;5,275;5,189;5,017;4,933;4,933;4,849;4,849;4,765;4,682;4,682;4,600;4,600;4,600;4,518;---;4,518;5,160;5,808
  07/1961;4,600;4,682;4,765;4,600;4,518;4,600;4,518;4,438;4,518;4,518;4,438;4,438;4,518;4,600;4,357;4,278;4,199;4,199;4,120;4,199;4,120;4,120;4,043;4,120;4,199;4,120;4,199;4,120;4,043;4,043;4,120;4,043;4,334;4,765
  08/1961;3,889;3,813;3,738;3,738;3,664;3,664;3,664;3,590;3,590;3,590;3,517;3,517;3,517;3,517;3,444;3,444;3,444;3,444;3,373;3,373;3,373;3,373;3,373;3,302;3,302;3,373;3,590;3,590;3,517;3,517;3,517;3,302;3,528;3,889
  09/1961;3,517;3,444;3,444;3,444;3,373;3,373;3,302;3,302;3,302;3,231;3,231;3,231;3,161;3,161;3,092;3,024;3,024;2,956;2,956;2,956;2,889;2,889;2,889;2,822;2,757;2,757;2,757;2,691;2,627;2,627;---;2,627;3,074;3,517
  10/1961;2,627;2,563;2,563;2,563;2,500;2,500;2,500;2,438;2,438;2,438;2,438;2,376;2,376;2,376;2,315;2,376;2,691;3,302;3,161;2,956;2,757;2,691;2,627;2,691;2,691;2,757;2,822;2,889;2,956;3,024;3,024;2,315;2,659;3,302
  11/1961;3,092;3,161;3,517;4,438;5,808;4,438;3,664;3,231;3,092;3,024;3,024;2,956;3,092;3,738;4,120;3,813;3,517;3,302;3,024;2,822;2,691;2,691;2,956;3,889;3,517;3,231;2,889;2,757;2,691;2,627;---;2,627;3,360;5,808
  12/1961;2,691;2,889;3,092;3,444;3,092;2,822;2,691;2,889;3,302;3,161;3,231;3,738;4,120;4,043;3,889;3,664;3,517;11,537;10,501;8,587;7,138;7,439;5,899;4,278;2,889;4,518;6,176;6,649;6,083;11,096;10,384;2,691;5,144;11,537
  01/1962;7,138;5,718;4,849;7,039;6,364;5,189;4,120;6,364;11,338;9,806;7,439;6,176;5,275;4,199;7,745;9,355;7,338;11,537;20,356;18,274;16,135;14,362;13,308;10,976;8,161;8,161;7,848;7,138;6,083;5,363;4,765;4,120;8,643;20,356
  02/1962;4,357;4,199;3,966;22,207;45,152;39,982;24,601;17,550;13,963;14,764;12,538;10,267;9,022;8,373;7,642;8,161;7,952;8,373;9,243;10,976;9,806;15,171;23,154;19,305;15,719;12,793;11,217;8,912;---;---;---;3,966;14,263;45,152
  03/1962;8,267;8,373;25,750;20,967;21,894;16,696;10,151;8,695;8,161;7,642;7,848;12,159;22,207;31,238;32,130;26,917;20,205;16,837;15,581;16,555;16,555;13,700;11,537;15,581;12,411;10,384;9,579;9,243;8,803;8,803;8,373;7,642;14,943;32,130
  04/1962;9,132;9,243;8,803;8,479;8,267;7,745;7,338;7,238;7,138;7,238;7,138;7,138;6,941;6,843;6,746;6,554;6,458;6,364;6,176;6,083;5,991;5,808;5,808;5,628;5,539;5,539;5,451;5,539;5,628;5,808;---;5,451;6,793;9,243
  05/1962;5,808;6,176;9,355;9,132;7,540;6,649;6,176;5,899;5,539;5,363;5,275;5,275;5,189;5,103;5,103;5,017;4,933;4,933;4,849;4,765;4,600;4,600;4,438;4,357;4,278;4,120;4,120;3,889;3,813;3,889;3,813;3,813;5,290;9,355
  06/1962;4,357;4,278;4,199;4,199;4,357;4,518;4,765;4,933;4,765;4,600;4,518;4,438;4,438;4,278;4,278;4,199;4,120;4,120;4,043;3,966;3,966;3,889;3,813;3,738;3,664;3,517;3,517;3,373;3,231;3,161;---;3,161;4,108;4,933
  07/1962;3,024;3,024;2,956;3,024;3,231;3,231;3,092;3,092;3,024;3,302;3,231;3,231;3,161;3,161;3,161;3,092;3,092;3,231;3,664;3,889;3,889;3,889;3,738;3,517;3,444;3,373;3,302;3,302;3,231;3,161;3,161;2,956;3,288;3,889
  08/1962;3,024;3,024;3,161;3,302;3,231;3,231;3,161;3,092;3,092;3,024;3,024;2,956;2,956;2,889;2,889;3,161;3,231;3,231;3,161;3,092;3,092;3,024;5,103;9,243;6,458;5,103;4,438;4,120;3,738;3,813;3,302;2,889;3,657;9,243
  09/1962;3,161;3,092;3,024;3,024;2,956;2,889;2,889;2,822;3,444;3,664;3,813;5,017;3,738;3,373;3,161;3,024;3,024;2,889;2,822;2,757;2,822;3,161;3,092;2,956;2,822;2,757;2,691;2,691;2,627;2,627;---;2,627;3,094;5,017
  10/1962;3,889;4,933;6,458;7,338;6,176;4,933;4,120;3,813;9,693;9,806;14,629;16,274;13,569;11,338;10,151;7,642;6,269;6,269;11,460;14,362;12,411;10,738;8,479;7,439;11,217;11,338;9,579;8,373;10,036;10,267;9,921;3,813;9,126;16,274
  11/1962;9,022;8,373;7,439;7,039;6,458;6,176;7,439;9,132;9,132;8,587;7,745;7,039;6,554;6,083;5,363;5,017;4,765;4,682;5,991;7,138;6,269;7,745;7,338;6,458;5,991;5,363;4,765;4,600;4,518;5,899;---;4,518;6,604;9,132
  12/1962;11,096;9,243;7,238;7,138;7,138;6,843;6,176;5,539;5,017;7,439;10,738;13,308;12,921;11,338;8,587;6,649;6,746;8,161;9,579;8,267;6,746;6,458;15,035;15,719;9,022;7,439;7,439;7,238;8,479;18,128;22,207;5,017;9,454;22,207
  01/1963;28,103;38,822;39,788;31,594;23,473;17,263;14,362;12,793;11,785;11,460;22,836;19,008;15,719;13,308;13,831;27,592;22,678;19,454;17,406;15,857;12,538;13,308;14,228;11,096;21,429;30,355;15,719;13,308;12,034;10,857;11,537;10,857;18,824;39,788
  02/1963;12,034;9,921;10,036;14,629;14,228;19,903;24,764;18,128;13,831;12,793;10,857;13,308;16,979;15,719;13,308;12,793;10,619;8,912;8,373;13,050;24,115;29,481;27,762;26,917;24,601;18,566;15,444;14,095;---;---;---;8,373;16,256;29,481
  03/1963;12,921;12,285;11,217;11,217;14,764;16,837;15,719;14,629;12,793;12,285;10,857;10,976;12,793;11,537;10,501;10,384;10,151;10,857;10,976;10,267;9,579;9,243;9,022;11,096;12,159;10,976;9,806;9,022;8,267;7,952;7,952;7,952;11,259;16,837
  04/1963;7,745;7,642;7,642;7,540;7,439;7,338;7,338;7,439;7,439;7,439;7,338;7,238;7,138;7,039;7,039;6,843;6,843;6,746;6,649;6,554;6,364;6,269;6,176;5,991;5,991;5,718;5,718;5,539;5,539;5,363;---;5,363;6,770;7,745
  05/1963;5,275;5,275;5,189;5,103;5,017;5,017;4,933;4,849;4,849;4,765;4,765;4,682;4,600;4,518;4,438;4,438;4,357;4,278;4,199;4,120;4,120;4,043;3,966;3,889;3,889;3,813;3,889;3,889;3,813;3,813;3,889;3,813;4,441;5,275
  06/1963;3,966;3,966;3,966;3,889;3,889;3,813;3,813;3,813;3,813;3,813;3,813;3,738;3,738;3,738;3,664;3,664;3,664;3,664;3,664;3,590;3,590;3,590;3,590;3,590;3,517;3,517;3,517;3,517;3,517;3,517;---;3,517;3,705;3,966
  07/1963;3,517;3,444;3,444;3,444;3,373;3,373;3,373;3,373;3,373;3,302;3,302;3,302;3,231;3,231;3,231;3,231;3,231;3,231;3,161;3,161;3,161;3,161;3,161;3,161;3,092;3,092;3,092;3,092;3,092;3,024;3,024;3,024;3,241;3,517
  08/1963;3,024;2,956;2,956;2,956;2,956;2,956;2,956;2,956;2,956;2,889;2,889;2,889;2,889;2,889;2,889;2,822;2,822;2,822;2,822;2,822;2,757;2,757;2,757;2,691;2,691;2,691;2,627;2,627;2,627;2,627;2,563;2,563;2,824;3,024
  09/1963;2,563;2,563;2,563;2,500;2,438;2,438;2,438;2,376;2,315;2,315;2,315;2,255;2,196;2,196;2,137;2,137;2,079;2,079;2,021;2,021;2,021;1,964;1,908;1,908;1,908;1,853;1,853;1,853;1,853;1,853;---;1,853;2,164;2,563
  10/1963;2,376;2,315;2,255;2,196;2,137;2,079;2,255;2,196;2,079;2,079;1,908;1,908;1,853;1,798;1,744;1,744;1,691;2,691;3,231;2,889;2,438;11,909;16,135;12,921;8,161;5,539;5,189;17,121;11,353;7,655;6,010;1,691;4,770;17,121
  11/1963;5,005;4,307;4,221;3,802;3,235;3,885;4,565;5,639;4,392;3,475;3,802;3,395;3,556;3,556;3,968;12,251;8,982;9,508;9,402;8,671;9,720;8,363;6,771;5,456;4,565;4,565;5,916;4,828;4,307;3,968;---;3,235;5,603;12,251
  12/1963;3,638;3,802;6,198;5,005;4,221;3,720;3,235;3,885;6,674;4,916;5,005;6,387;4,565;3,802;3,556;3,315;3,078;2,923;2,846;2,770;2,619;2,545;2,471;2,471;2,398;2,398;2,398;2,325;2,325;2,253;2,398;2,253;3,553;6,674
  01/1964;3,315;5,094;6,103;4,052;3,802;3,475;3,802;3,556;3,315;2,923;2,619;2,619;2,471;2,471;2,325;2,253;2,182;2,182;2,040;2,040;2,325;2,770;3,556;5,639;7,062;12,251;15,172;12,478;10,149;8,465;7,456;2,040;4,837;15,172
  02/1964;6,965;7,357;7,258;6,578;5,274;5,005;4,916;4,565;5,184;6,198;7,555;8,363;9,720;12,707;18,001;18,128;17,375;23,633;31,061;31,416;35,791;32,490;23,473;18,566;14,456;12,025;10,041;8,982;8,568;---;---;4,565;13,850;35,791
  03/1964;11,353;11,353;9,614;7,258;6,010;5,456;4,740;6,674;6,771;6,965;6,674;6,482;6,198;6,010;5,731;5,639;5,456;5,365;5,184;5,094;4,916;4,828;4,652;4,479;4,392;4,221;4,137;4,052;3,968;4,479;4,828;3,968;5,903;11,353
  04/1964;4,740;4,652;4,652;4,479;4,479;4,307;4,307;4,221;4,137;3,968;3,885;3,638;3,475;3,638;3,556;3,475;3,078;3,315;3,315;3,315;3,395;3,315;3,315;3,235;3,556;3,475;3,395;3,315;3,395;3,556;---;3,078;3,753;4,740
  05/1964;4,052;6,010;5,823;4,652;5,639;5,456;4,828;4,479;4,137;3,802;3,475;3,395;3,395;3,395;3,315;3,235;3,235;3,235;3,157;3,078;3,000;3,000;3,000;2,846;2,846;2,770;2,770;2,619;2,619;2,545;2,545;2,545;3,624;6,010
  06/1964;2,471;2,398;2,398;2,325;2,325;2,325;2,253;2,253;2,325;2,471;2,619;2,619;3,157;3,475;3,475;3,475;3,315;3,315;3,157;3,157;3,000;2,846;2,923;3,000;2,923;2,846;2,846;2,770;2,770;2,695;---;2,253;2,798;3,475
  07/1964;2,695;2,619;2,695;3,315;3,638;3,638;3,475;3,395;3,315;3,078;2,923;2,923;2,846;2,695;2,695;2,619;2,619;2,545;2,545;2,471;2,471;2,398;2,695;3,000;3,000;3,000;2,846;2,770;2,695;2,619;2,545;2,398;2,864;3,638
  08/1964;2,545;2,471;2,471;2,398;2,398;2,325;2,325;2,253;2,182;2,111;2,040;2,040;2,040;1,971;1,971;1,971;1,902;1,971;2,111;2,182;2,111;2,040;1,971;1,971;1,902;1,902;1,834;1,834;1,766;1,766;1,766;1,766;2,082;2,545
  09/1964;1,902;1,971;1,971;1,902;1,834;1,834;1,766;1,766;1,766;1,699;1,699;1,699;1,633;1,633;1,568;1,503;1,503;1,439;1,439;1,376;1,376;1,376;1,376;1,313;2,619;3,475;3,475;3,720;3,802;3,885;---;1,313;2,011;3,885
  10/1964;4,392;4,392;4,565;4,916;4,565;5,184;5,916;6,198;5,365;4,740;4,221;3,885;3,638;3,395;3,235;3,078;2,923;2,770;2,695;3,395;4,565;6,867;5,731;3,885;3,395;3,638;4,828;5,365;6,010;6,578;11,464;2,695;4,703;11,464
  11/1964;10,583;9,508;8,363;7,655;7,258;6,674;5,547;4,828;4,221;3,720;3,315;3,157;3,000;2,770;2,695;3,000;2,923;2,695;2,695;3,395;4,828;5,639;4,652;4,221;3,720;3,157;2,695;2,545;2,325;2,325;---;2,325;4,470;10,583
  12/1964;2,923;5,184;12,251;16,019;11,800;7,555;6,010;4,392;4,479;4,137;3,802;7,062;11,912;11,800;11,242;10,365;9,614;8,774;8,260;8,878;9,297;9,402;11,576;19,603;31,238;42,340;36,728;26,247;22,050;20,967;20,967;2,923;13,448;42,340
  01/1965;20,054;16,386;14,574;14,101;13,283;12,251;11,688;10,149;15,052;14,219;12,138;10,801;9,827;9,402;9,192;13,632;13,866;12,707;18,001;38,247;35,232;26,414;19,753;15,413;13,283;12,025;10,911;11,131;11,576;16,019;19,753;9,192;15,519;38,247
  02/1965;23,954;37,485;39,788;30,531;21,739;15,897;13,983;12,251;11,242;10,474;10,149;9,934;10,474;11,353;15,776;17,002;14,812;13,399;12,138;11,353;10,692;15,172;15,897;16,263;15,292;14,693;21,274;25,420;---;---;---;9,934;17,087;39,788
  03/1965;23,793;20,661;16,263;15,654;14,574;13,866;13,515;13,052;13,167;26,247;21,583;16,755;15,533;14,456;13,283;12,251;11,800;12,025;11,912;14,101;12,822;12,365;11,912;12,365;16,755;19,305;16,879;14,337;12,707;11,688;10,041;10,041;15,022;26,247
  04/1965;9,087;8,465;8,159;8,057;7,956;7,855;7,755;7,755;7,655;7,655;7,555;7,456;7,357;7,258;7,258;7,160;6,867;6,867;6,674;6,578;6,578;6,482;6,387;6,292;6,292;6,198;6,103;6,010;9,508;11,688;---;6,010;7,432;11,688
  05/1965;11,353;9,720;9,087;8,774;8,260;8,057;7,956;7,855;7,755;7,755;7,655;7,555;8,159;7,956;8,057;8,465;8,159;8,878;10,257;8,982;8,260;7,956;7,456;7,062;6,771;6,387;5,916;5,639;5,456;5,365;5,274;5,274;7,814;11,353
  06/1965;5,274;5,184;5,184;5,094;5,005;5,005;4,916;4,916;4,828;4,740;4,740;4,740;4,652;4,652;4,652;5,365;6,387;5,916;5,274;4,916;4,565;4,307;4,221;5,094;5,456;5,184;5,005;4,221;3,968;4,052;---;3,968;4,917;6,387
  07/1965;3,968;3,885;3,885;4,137;4,916;5,005;4,916;4,916;5,916;7,956;8,363;7,357;6,674;6,387;5,274;5,184;4,916;4,828;4,740;4,652;4,565;4,392;4,392;4,221;4,137;4,137;4,052;3,968;3,885;3,885;3,802;3,802;4,946;8,363
  08/1965;3,802;3,720;3,638;4,392;4,652;4,307;4,221;4,137;4,137;4,052;4,052;3,968;3,885;3,885;3,802;3,720;3,638;3,638;3,556;3,475;3,395;3,395;3,315;3,235;3,157;3,157;3,078;3,000;3,000;2,923;2,923;2,923;3,653;4,652
  09/1965;2,923;2,923;2,846;2,770;2,770;2,695;2,695;2,619;2,619;2,545;2,545;2,471;2,398;2,398;2,325;2,325;2,325;2,253;2,253;2,253;2,398;2,471;2,619;2,770;3,475;3,968;9,614;9,192;7,160;5,184;---;2,253;3,327;9,614
  10/1965;22,364;24,115;17,375;14,456;11,912;8,671;6,010;5,005;4,565;4,392;4,307;4,137;3,968;4,052;4,916;4,221;4,137;4,052;4,137;4,828;5,005;4,052;8,260;6,198;4,307;4,392;5,094;6,771;8,982;8,057;7,655;3,968;7,432;24,115
  11/1965;7,258;7,062;6,674;6,103;5,731;6,387;6,292;4,828;4,307;4,221;4,137;4,221;4,392;4,652;13,167;15,052;10,583;8,774;7,456;6,387;5,916;5,456;5,094;4,652;4,652;4,392;6,674;16,386;11,688;14,574;---;4,137;7,239;16,386
  12/1965;14,574;13,515;12,707;11,688;11,021;10,583;11,131;12,822;25,091;27,423;29,134;27,932;26,749;23,954;20,967;17,002;13,283;10,583;9,827;9,192;8,878;8,568;8,465;8,568;8,982;8,878;8,363;8,982;9,827;10,474;12,592;8,363;14,250;29,134
  01/1966;16,755;19,454;30,707;24,601;23,313;20,813;18,420;17,251;16,263;15,533;14,574;13,983;13,515;13,052;12,478;11,800;11,242;10,801;10,149;9,720;8,982;8,260;7,555;6,867;7,258;7,855;8,568;14,337;17,500;20,356;21,894;6,867;14,641;30,707
  02/1966;22,678;21,739;17,876;13,283;11,688;10,257;9,297;8,878;8,363;7,855;7,755;7,655;7,655;7,456;7,456;7,357;7,258;7,160;7,160;7,160;7,855;10,149;13,283;12,478;22,836;37,106;25,255;15,172;---;---;---;7,160;12,504;37,106
  03/1966;13,515;13,167;12,822;13,515;16,755;28,103;34,862;32,670;30,179;27,932;25,091;22,207;19,903;17,126;15,533;14,456;13,399;12,478;11,800;11,242;11,131;10,801;10,583;10,149;9,827;9,614;10,149;10,365;10,149;10,041;9,827;9,614;16,109;34,862
  04/1966;9,614;9,508;9,192;8,878;8,671;8,568;8,465;8,363;8,260;8,159;8,057;7,956;7,855;7,755;7,655;7,456;7,357;7,555;7,456;7,357;7,258;7,062;7,062;7,160;7,258;7,357;7,160;7,062;7,258;7,160;---;7,062;7,864;9,614
  05/1966;7,062;6,965;6,771;6,674;6,578;11,021;9,508;8,159;7,655;7,160;6,867;7,357;7,956;7,555;7,062;6,867;6,674;6,482;6,292;6,198;6,292;6,482;7,160;6,103;5,547;5,274;5,184;5,094;5,005;5,005;4,916;4,916;6,740;11,021
  06/1966;4,828;4,740;4,740;4,652;4,565;4,479;4,479;4,479;4,479;4,392;4,392;4,392;4,307;4,221;4,137;4,052;3,968;3,968;3,885;3,885;3,802;3,802;3,720;3,720;3,638;3,638;3,638;3,556;3,556;3,556;---;3,556;4,122;4,828
  07/1966;3,475;3,475;3,638;4,137;4,307;4,479;4,916;4,916;4,828;4,740;4,565;4,565;4,392;4,221;4,137;3,968;3,885;3,720;3,638;3,556;3,475;3,315;3,315;3,235;3,235;3,157;3,078;3,078;3,000;3,000;3,556;3,000;3,839;4,916
  08/1966;5,184;4,740;4,307;3,968;3,638;3,475;3,395;3,315;3,235;3,078;3,078;2,923;2,923;2,846;2,770;2,770;2,770;2,695;2,695;2,695;2,695;2,619;2,619;2,619;2,619;2,619;2,545;2,545;2,545;2,545;2,545;2,545;3,065;5,184
  09/1966;2,471;2,471;2,471;2,398;2,398;2,325;2,325;2,253;2,253;2,253;2,182;2,182;2,111;2,111;2,111;2,040;1,971;1,971;1,902;2,182;2,398;2,111;2,040;1,971;1,971;1,902;1,902;2,325;3,638;3,235;---;1,902;2,262;3,638
  10/1966;3,000;2,770;2,619;2,619;2,545;2,471;2,545;6,103;7,755;5,731;4,307;3,315;2,923;2,770;2,619;2,471;2,471;2,398;2,398;2,325;2,253;2,182;5,094;5,639;4,652;3,802;3,157;5,823;9,720;7,258;6,103;2,182;3,930;9,720
  11/1966;5,731;7,062;6,771;6,010;5,094;4,221;3,395;3,475;3,638;3,720;4,221;5,005;5,639;4,740;4,137;4,137;18,713;15,172;10,911;8,878;7,456;6,292;5,005;4,307;3,968;3,556;2,923;2,545;2,545;2,398;---;2,398;5,722;18,713
  12/1966;2,398;2,253;2,253;3,968;3,475;3,235;4,137;4,565;5,365;5,005;4,221;5,547;4,652;4,137;3,885;3,638;3,395;3,157;3,315;5,184;10,474;17,876;39,594;49,284;41,746;25,420;17,876;15,413;12,365;9,934;8,465;2,253;10,524;49,284
  01/1967;7,855;7,357;7,555;8,260;13,283;16,755;15,897;13,167;15,533;16,755;18,274;24,439;29,655;26,917;23,954;19,008;16,019;13,749;13,283;12,592;12,251;12,138;11,912;12,478;17,251;16,632;16,386;19,305;19,903;15,172;13,866;7,357;15,729;29,655
  02/1967;13,167;13,399;33,395;41,548;33,213;27,592;25,255;22,207;19,603;17,625;16,386;15,413;14,337;12,936;12,251;11,912;11,353;12,478;17,876;18,274;15,654;14,219;13,399;12,251;11,021;10,583;11,800;11,912;---;---;---;10,583;17,538;41,548
  03/1967;11,688;11,688;12,138;12,592;12,251;12,025;11,464;11,800;13,399;11,688;11,242;11,021;12,592;12,936;11,688;11,242;10,911;10,801;10,583;10,583;10,365;10,257;10,149;10,041;10,149;10,801;11,242;11,021;10,911;10,801;10,583;10,041;11,311;13,399
  04/1967;11,021;13,052;11,800;10,257;8,982;8,568;9,087;8,982;8,878;8,671;8,568;8,465;8,363;8,363;8,159;7,555;7,160;6,867;6,674;6,482;6,387;6,965;6,771;6,674;6,482;6,387;6,292;7,456;7,357;7,062;---;6,292;8,126;13,052
  05/1967;6,578;6,482;8,774;9,192;8,260;6,771;6,387;6,103;6,010;5,823;5,731;5,639;5,547;5,547;5,456;5,365;5,274;5,184;5,184;5,094;5,094;5,005;5,005;4,916;4,916;4,828;4,828;4,740;4,740;4,740;4,652;4,652;5,738;9,192
  06/1967;4,652;4,565;4,565;4,740;4,828;5,274;6,771;6,867;5,639;6,674;7,755;8,671;11,131;12,365;10,257;8,568;6,578;5,916;5,639;5,456;5,274;5,094;5,005;4,916;4,916;4,828;4,740;4,740;4,652;4,652;---;4,565;6,191;12,365
  07/1967;4,565;4,565;4,479;4,479;4,392;4,392;4,307;4,221;4,221;4,221;4,392;4,479;4,479;4,307;4,221;4,221;4,137;4,052;4,052;3,968;3,968;3,885;4,137;4,052;4,052;3,968;3,802;3,720;3,638;3,556;3,475;3,475;4,142;4,565
  08/1967;3,395;3,315;3,315;3,235;3,235;3,157;3,157;3,078;3,078;3,000;3,000;3,000;2,923;2,923;3,475;3,802;3,475;3,395;3,315;3,157;3,000;2,923;2,846;2,846;2,770;2,695;2,619;2,619;2,619;2,619;2,619;2,619;3,052;3,802
  09/1967;2,545;2,545;2,471;2,471;2,471;2,471;2,471;2,923;3,885;4,392;4,052;4,052;6,292;6,198;5,005;3,720;3,235;3,000;2,846;2,695;2,695;3,000;2,923;2,846;2,695;2,619;2,471;2,398;2,325;2,325;---;2,325;3,201;6,292
  10/1967;2,325;2,471;2,619;2,619;2,398;2,325;2,325;2,253;2,182;2,182;2,111;2,695;2,619;2,471;2,325;2,471;2,471;2,325;2,325;2,325;2,923;4,479;3,475;3,720;4,221;6,292;8,159;7,855;5,731;4,307;3,395;2,111;3,303;8,159
  11/1967;3,000;3,078;4,392;4,307;3,802;3,000;2,846;2,619;2,471;2,398;2,325;2,182;2,770;4,828;5,547;6,292;8,774;9,087;7,357;5,456;4,565;5,094;4,392;8,363;7,160;7,555;7,062;6,010;6,387;5,365;---;2,182;4,949;9,087
  12/1967;4,479;3,968;4,828;4,916;4,916;4,479;4,392;4,137;5,094;4,828;4,565;4,307;4,137;5,456;6,387;8,057;7,555;8,363;8,057;6,771;6,674;8,057;11,131;9,720;7,855;6,578;6,010;5,916;6,674;6,292;5,731;3,968;6,140;11,131
  01/1968;5,731;8,568;8,159;8,568;7,755;6,292;5,547;5,094;4,916;4,565;4,307;6,198;8,159;10,583;9,297;8,465;10,692;12,822;11,353;10,911;16,019;16,263;15,172;14,101;12,707;10,041;8,159;8,057;7,258;6,578;6,103;4,307;8,982;16,263
  02/1968;5,731;5,639;5,456;5,094;4,916;4,916;4,916;4,740;4,652;4,565;4,392;4,307;4,565;4,479;6,292;6,867;7,258;6,103;5,184;4,652;4,652;5,274;5,916;6,292;5,731;5,456;4,916;4,652;4,479;---;---;4,307;5,245;7,258
  03/1968;4,307;3,968;3,720;4,392;6,482;6,198;5,094;9,087;7,555;8,159;9,934;9,508;9,934;12,365;10,692;9,614;8,363;8,878;8,057;6,867;5,731;5,456;6,674;6,867;5,823;5,731;5,274;4,828;4,479;4,307;4,221;3,720;6,857;12,365
  04/1968;6,674;5,184;4,652;4,392;4,221;5,365;5,184;4,392;4,137;3,968;3,720;3,638;3,556;3,475;3,395;3,315;3,315;3,235;3,235;5,365;5,916;4,652;4,052;3,638;3,395;3,315;3,157;3,078;3,078;3,235;---;3,078;4,064;6,674
  05/1968;3,157;3,078;3,000;2,923;2,923;2,923;2,846;2,846;2,923;2,923;2,923;2,846;2,846;2,846;3,638;4,828;4,221;3,395;3,000;2,923;2,923;2,923;2,846;2,770;2,695;2,695;2,619;2,619;2,619;2,619;2,619;2,619;2,999;4,828
  06/1968;2,619;2,545;2,545;2,471;2,471;2,471;2,471;2,471;2,471;2,398;2,398;2,398;2,398;2,325;2,325;2,325;2,325;2,253;2,253;2,253;2,846;3,078;2,846;2,545;2,471;2,398;2,325;2,325;2,325;2,325;---;2,253;2,456;3,078
  07/1968;2,253;2,182;2,182;2,182;2,182;2,182;2,182;2,111;2,111;2,253;2,253;2,182;2,182;2,111;2,111;2,040;1,971;1,971;1,971;1,971;2,040;2,111;2,111;2,040;1,971;1,971;1,971;1,971;1,902;1,902;1,902;1,902;2,080;2,253
  08/1968;1,902;1,902;1,902;1,902;2,040;2,325;2,325;2,182;2,770;2,923;2,695;2,398;2,182;2,040;1,971;1,971;1,971;1,902;1,902;1,902;1,834;1,834;1,834;1,834;1,834;1,902;1,834;1,834;1,766;1,766;1,902;1,766;2,041;2,923
  09/1968;2,253;2,398;2,040;2,040;2,471;2,325;2,111;1,902;1,834;1,766;1,699;1,699;1,699;1,633;1,633;1,633;1,633;1,633;1,568;1,633;1,699;1,971;1,971;1,834;1,699;1,633;1,568;1,568;1,568;1,633;---;1,568;1,825;2,471
  10/1968;1,633;1,633;1,699;1,699;1,568;1,568;1,503;1,503;1,439;1,439;1,439;1,503;1,439;1,439;1,376;1,376;1,568;1,971;2,545;2,182;1,902;1,971;2,040;4,479;4,392;3,315;2,770;2,182;3,315;2,398;2,325;1,376;2,052;4,479
  11/1968;2,040;2,398;3,638;2,398;2,619;2,923;2,325;1,902;1,766;1,699;1,633;1,568;1,568;1,503;1,503;1,503;1,633;1,568;1,503;1,439;1,376;1,376;1,376;1,313;1,313;1,313;1,252;1,376;2,325;3,638;---;1,252;1,860;3,638
  12/1968;5,005;5,731;6,292;5,731;5,731;4,652;3,078;2,923;2,545;2,182;1,971;1,766;1,699;1,633;1,568;1,503;2,846;2,846;2,923;3,235;2,846;2,040;1,766;1,699;1,633;1,834;2,398;2,846;2,545;2,253;2,253;1,503;2,902;6,292
  01/1969;2,471;2,040;2,398;3,235;3,638;2,846;2,770;2,695;4,221;2,770;3,235;3,157;2,695;2,619;2,471;2,325;2,325;2,182;2,040;1,834;1,699;1,902;7,456;9,402;5,639;6,010;4,740;4,392;4,052;3,157;2,545;1,699;3,386;9,402
  02/1969;2,471;2,695;5,005;3,556;2,923;2,619;2,040;2,040;1,971;1,902;1,834;1,834;1,834;2,325;2,398;2,325;2,111;3,475;3,556;3,157;2,923;2,695;2,398;2,471;2,398;2,398;3,000;3,000;---;---;---;1,834;2,620;5,005
  03/1969;3,315;6,387;5,823;5,184;6,578;4,740;3,475;3,157;3,078;2,923;2,846;2,619;2,253;2,182;2,471;2,545;2,398;2,325;2,182;1,902;1,766;2,695;3,720;3,395;2,923;2,619;2,545;3,235;3,720;3,556;3,235;1,766;3,284;6,578
  04/1969;3,315;3,638;3,475;3,157;3,395;5,094;4,392;3,968;3,395;2,923;2,846;2,619;3,395;3,078;2,923;2,846;2,695;2,545;2,545;2,471;2,398;2,325;2,253;2,253;2,182;2,182;2,253;2,398;2,325;2,325;---;2,182;2,920;5,094
  05/1969;2,398;2,471;2,471;3,157;2,695;2,619;2,545;2,545;2,398;2,398;2,325;2,253;2,182;2,111;2,111;2,040;1,971;1,902;1,766;1,766;1,699;1,766;1,834;1,766;1,834;1,834;1,834;1,766;2,182;4,652;5,456;1,699;2,347;5,456
  06/1969;5,094;4,137;3,720;3,395;2,923;2,619;2,325;2,111;1,971;1,971;2,111;2,040;1,971;1,902;1,902;1,834;1,834;1,766;1,766;1,902;2,040;3,315;2,695;2,619;2,545;2,545;2,619;2,545;2,545;2,325;---;1,766;2,503;5,094
  07/1969;2,182;2,040;1,971;1,834;1,834;1,766;1,699;1,699;1,699;1,633;1,633;1,766;1,699;1,699;1,633;1,633;1,633;1,633;1,568;1,568;1,568;1,568;1,503;1,503;1,503;1,503;1,503;1,439;1,439;1,439;1,439;1,439;1,653;2,182
  08/1969;1,376;1,376;2,111;1,834;1,766;1,699;2,253;2,040;1,971;1,834;1,834;1,766;1,699;1,633;1,568;1,568;1,503;1,439;1,376;1,376;1,376;1,503;1,439;1,439;1,439;1,439;1,439;1,503;1,439;1,439;1,439;1,376;1,610;2,253
  09/1969;1,376;1,376;1,313;1,313;1,313;1,252;1,252;1,252;1,252;1,252;1,191;1,191;1,191;1,191;1,191;1,191;1,131;1,131;1,131;1,072;1,072;1,072;1,072;1,013;1,013;1,013;1,013;1,013;0,956;0,956;---;0,956;1,159;1,376
  10/1969;1,131;1,252;1,902;4,307;6,965;7,555;6,482;5,639;4,828;3,968;3,315;3,078;2,846;2,695;2,545;2,253;2,040;1,971;4,307;5,184;4,479;3,802;11,375;8,410;4,239;3,001;2,543;2,736;4,555;4,555;6,641;1,131;4,213;11,375
  11/1969;6,363;5,558;3,932;3,138;2,867;2,801;2,867;2,867;3,562;7,504;8,003;6,000;7,603;12,931;14,956;12,083;9,038;6,735;7,019;9,358;11,609;13,676;11,964;8,722;6,924;5,385;6,641;6,829;5,471;7,603;---;2,801;7,334;14,956
  12/1969;7,802;6,924;6,000;5,214;4,635;4,395;5,821;7,603;7,019;5,910;5,046;4,635;10,913;32,306;23,897;16,962;11,143;7,212;5,910;5,046;4,161;6,000;5,910;5,471;4,963;4,555;4,161;4,084;3,857;3,708;3,635;3,635;7,577;32,306
  01/1970;8,410;7,212;13,177;5,385;4,239;6,455;5,910;6,271;4,880;6,455;6,363;4,798;3,857;3,490;3,562;14,826;24,532;25,984;26,147;20,382;22,958;17,793;12,808;9,466;9,251;10,347;9,466;8,617;6,455;5,046;8,932;3,490;10,435;26,147
  02/1970;7,603;6,641;6,363;6,090;7,504;6,924;6,180;5,558;5,214;6,641;11,143;9,358;9,902;9,358;11,609;21,277;24,213;19,649;48,897;54,145;48,169;67,989;65,011;46,373;36,516;29,160;24,691;23,114;---;---;---;5,214;22,332;67,989
  03/1970;19,503;18,783;18,498;18,640;18,926;16,552;14,438;13,177;12,686;11,727;11,259;11,028;11,143;12,808;12,083;11,727;11,143;17,099;21,277;16,552;13,928;11,727;10,235;9,466;8,722;8,410;8,308;8,104;8,003;7,902;7,802;7,802;12,957;21,277
  04/1970;9,683;10,572;10,685;10,459;10,013;8,932;7,902;7,504;7,309;7,115;7,019;6,829;6,641;6,641;6,455;6,363;6,363;6,271;6,180;7,309;6,641;6,548;6,363;6,271;6,090;5,821;5,645;5,299;5,645;5,471;---;5,299;7,201;10,685
  05/1970;5,385;5,385;6,735;6,180;5,733;5,910;6,180;6,090;5,910;5,733;6,363;7,115;6,735;6,363;6,090;5,821;5,558;5,214;5,046;5,046;5,046;5,046;4,880;4,798;4,716;4,716;4,555;4,555;4,395;4,395;4,317;4,317;5,484;7,115
  06/1970;4,239;4,161;4,084;4,084;4,008;3,932;3,857;3,932;4,084;4,084;4,008;3,932;3,857;3,857;4,716;5,821;5,214;4,317;4,084;4,008;3,932;3,857;4,635;8,514;7,802;5,910;4,880;4,475;4,239;4,161;---;3,857;4,556;8,514
  07/1970;4,084;4,317;4,317;4,161;4,084;3,932;3,782;3,782;3,708;3,635;3,782;3,932;3,857;3,708;3,635;3,562;3,562;3,490;3,490;3,418;3,490;3,857;4,008;4,084;3,932;3,782;3,635;3,562;3,490;3,276;3,138;3,138;3,758;4,317
  08/1970;3,069;3,069;3,069;3,001;2,934;2,934;2,934;2,867;2,867;2,867;2,801;2,801;2,801;2,801;2,736;2,736;2,671;2,671;2,607;2,607;2,607;2,543;2,543;2,543;2,736;3,782;6,455;5,733;5,471;6,271;7,504;2,543;3,388;7,504
  09/1970;6,271;5,046;4,161;3,418;3,138;2,867;3,418;3,138;3,138;3,069;5,299;4,475;4,635;4,008;3,562;5,733;7,019;5,821;4,880;3,932;3,562;3,347;3,276;3,138;3,069;3,001;2,934;2,934;4,239;4,317;---;2,867;4,028;7,019
  10/1970;4,008;3,782;3,635;4,475;7,902;6,363;4,880;3,932;3,635;3,418;3,207;3,207;3,276;3,138;3,001;2,867;2,867;2,801;2,736;2,801;3,001;11,259;14,310;8,932;6,829;7,309;5,558;4,635;4,008;3,562;3,276;2,736;4,794;14,310
  11/1970;3,207;3,069;4,963;4,635;4,008;3,490;3,138;11,492;17,099;12,686;10,013;5,910;5,299;5,046;10,913;11,259;8,514;5,910;4,635;4,317;4,008;3,857;3,708;3,562;3,490;3,490;3,347;3,276;5,130;5,821;---;3,069;5,976;17,099
  12/1970;7,115;6,829;6,363;5,821;5,385;4,963;4,317;3,782;3,276;3,418;4,239;4,555;4,963;4,716;4,161;3,932;3,490;3,276;3,276;6,180;11,964;8,003;5,130;4,239;3,932;3,857;3,635;3,635;3,418;3,490;3,635;3,276;4,806;11,964
  01/1971;4,220;4,791;4,382;4,060;4,060;4,874;4,627;4,140;3,822;3,586;3,431;5,375;9,401;9,495;10,928;10,446;6,405;5,291;4,463;4,220;3,901;3,508;3,354;3,200;3,124;2,823;2,675;2,823;3,277;4,709;4,301;2,675;4,829;10,928
  02/1971;4,957;4,463;4,060;3,431;2,823;2,528;2,528;2,383;2,675;3,354;5,629;3,743;3,124;2,973;7,111;4,060;3,508;3,124;4,545;4,874;5,972;5,291;4,060;3,664;3,431;3,277;3,124;2,898;---;---;---;2,383;3,843;7,111
  03/1971;2,823;2,675;2,456;2,898;3,354;5,375;6,668;6,058;5,886;8,012;16,901;23,803;20,990;16,063;10,350;8,012;7,289;6,231;5,460;4,957;4,709;4,627;4,545;4,463;5,544;11,025;6,231;9,495;7,469;6,933;6,405;2,456;7,668;23,803
  04/1971;5,972;5,715;5,460;5,123;5,040;4,874;4,791;4,709;4,545;5,886;5,800;5,375;5,040;4,791;4,463;4,220;3,980;4,874;4,545;4,220;4,382;5,040;5,544;6,145;5,460;4,874;4,545;4,382;4,220;4,140;---;3,980;4,939;6,145
  05/1971;4,060;3,901;4,709;5,123;5,715;6,756;5,375;4,874;4,791;4,709;4,463;4,301;4,220;4,060;4,060;3,901;3,901;3,743;3,743;3,664;3,586;3,586;3,508;3,431;3,822;5,123;5,629;4,874;4,301;3,743;3,586;3,431;4,363;6,756
  06/1971;3,508;3,431;3,354;3,277;3,124;3,124;3,048;2,973;3,901;4,220;4,060;3,980;5,207;4,874;5,207;6,580;9,684;16,481;20,007;16,063;13,902;10,542;8,470;6,933;6,231;5,375;4,957;4,709;4,545;4,382;---;2,973;6,538;20,007
  07/1971;4,220;4,463;4,709;5,460;5,291;4,874;4,627;4,301;4,220;4,060;3,822;3,743;3,586;3,586;3,508;3,431;3,431;3,354;3,354;3,354;3,277;3,277;3,277;3,200;3,124;3,124;3,048;3,277;3,431;3,980;6,058;3,048;3,886;6,058
  08/1971;6,405;5,460;4,957;4,545;4,220;4,060;3,980;3,664;3,354;3,124;3,124;3,822;4,382;4,874;4,220;3,586;3,124;3,124;2,973;2,973;2,898;2,898;2,823;2,823;2,749;2,675;4,060;3,508;3,124;2,823;2,898;2,675;3,653;6,405
  09/1971;3,277;3,048;2,823;2,823;2,749;2,675;2,675;3,048;3,586;3,277;3,586;4,301;4,791;4,382;3,664;3,124;2,823;2,675;2,675;2,456;2,240;2,169;2,098;3,124;4,382;4,060;3,743;3,586;4,220;4,382;---;2,098;3,282;4,791
  10/1971;4,709;4,382;3,901;3,431;3,586;3,586;4,874;10,638;6,933;4,463;4,301;16,796;16,901;13,599;8,747;8,747;13,397;14,105;10,063;7,289;5,800;4,545;3,822;3,431;4,382;5,375;5,040;4,382;3,980;3,743;3,431;3,431;6,851;16,901
  11/1971;3,431;6,318;9,684;7,830;5,886;4,874;4,140;3,586;3,431;3,901;4,382;5,629;6,580;5,886;5,207;4,709;4,220;3,743;3,431;3,277;3,124;3,048;2,973;3,431;3,822;4,060;7,200;5,715;4,463;3,586;---;2,973;4,719;9,684
  12/1971;9,684;7,830;7,559;11,414;9,495;7,830;6,405;5,040;5,123;8,012;7,111;5,800;5,123;7,469;6,756;5,715;5,123;4,791;4,220;5,040;4,957;4,709;4,791;8,933;12,299;11,707;13,397;14,411;19,032;17,535;13,397;4,220;8,410;19,032
  01/1972;12,299;13,599;10,350;8,933;8,103;10,638;9,684;10,638;7,921;7,469;6,933;6,405;6,058;5,800;5,375;5,040;4,874;4,874;4,874;4,545;6,756;7,289;15,854;21,609;28,911;23,060;17,112;16,691;16,063;12,497;10,735;4,545;10,677;28,911
  02/1972;12,398;12,896;12,299;10,928;12,002;11,904;10,831;12,002;12,002;12,996;19,898;15,854;12,596;17,747;24,179;17,747;12,398;10,446;12,200;22,329;20,115;15,958;13,397;11,805;14,821;18,817;14,004;11,609;10,350;---;---;10,350;14,363;24,179
  03/1972;9,684;9,684;9,213;8,840;8,655;10,446;11,025;10,638;12,696;10,831;10,063;9,401;8,933;8,286;7,830;7,289;6,933;6,845;8,012;7,649;6,933;6,318;5,207;10,446;18,602;14,616;10,254;7,469;7,649;8,378;8,012;5,207;9,253;18,602
  04/1972;11,025;8,747;9,495;15,750;12,200;10,350;8,378;7,559;7,289;7,111;6,933;6,668;6,405;6,145;6,756;8,378;7,111;6,580;6,145;5,886;5,715;5,544;5,375;5,207;5,123;5,207;5,123;5,123;5,040;5,040;---;5,040;7,247;15,750
  05/1972;4,957;4,957;5,040;4,874;4,874;4,791;4,791;4,709;4,709;4,627;4,545;4,545;4,545;4,463;4,463;4,382;4,382;4,382;4,301;4,301;4,220;4,220;4,709;5,123;6,933;6,756;5,886;5,207;4,709;4,301;4,220;4,220;4,804;6,933
  06/1972;4,140;4,060;4,060;3,980;3,980;3,901;3,901;3,822;3,822;3,822;3,743;3,743;3,743;3,664;3,586;3,586;3,508;3,431;3,743;4,060;3,743;3,664;3,586;3,586;3,508;3,431;3,354;3,277;3,277;3,200;---;3,200;3,697;4,140
  07/1972;3,200;3,124;3,124;3,124;3,124;3,124;3,048;4,301;3,743;3,980;4,060;5,375;13,096;11,805;8,562;7,379;6,580;5,800;5,040;4,301;4,060;3,901;3,743;3,508;3,431;3,354;4,060;3,901;3,586;3,431;3,354;3,048;4,717;13,096
  08/1972;3,277;3,277;3,124;4,382;6,580;11,025;13,196;9,495;7,469;5,715;5,207;4,791;5,207;4,709;4,709;4,545;4,463;4,382;4,140;3,901;3,586;3,431;3,508;4,791;4,463;4,060;3,743;3,431;3,431;3,354;3,431;3,124;4,994;13,196
  09/1972;3,354;3,277;3,200;3,124;3,124;5,715;5,715;4,545;4,060;3,743;3,664;3,431;3,277;3,200;3,124;3,124;3,048;2,973;2,973;2,898;2,823;2,823;2,675;2,675;3,743;3,743;3,508;3,277;3,277;3,901;---;2,675;3,467;5,715
  10/1972;3,743;3,508;4,382;6,933;8,103;7,649;8,747;7,379;5,544;9,307;18,817;16,901;14,105;9,307;13,397;11,219;8,470;5,886;5,207;4,709;4,382;4,220;4,060;3,901;3,743;3,508;3,508;3,431;3,431;7,469;7,921;3,431;7,190;18,817
  11/1972;6,145;4,220;3,743;5,972;10,638;8,655;6,058;5,040;4,627;4,545;5,375;7,111;5,207;5,715;6,933;6,058;6,231;5,544;12,398;13,599;10,831;8,195;6,318;5,460;5,886;7,022;7,559;6,145;5,040;4,545;---;3,743;6,694;13,599
  12/1972;4,874;5,291;5,544;6,493;8,286;6,933;5,886;5,040;4,301;3,901;3,743;3,743;3,980;3,901;3,664;3,431;3,354;3,277;6,580;6,756;5,207;4,140;7,739;8,747;9,684;8,012;6,145;5,040;6,580;12,101;11,219;3,277;5,922;12,101
  01/1973;7,111;4,957;5,375;6,405;8,933;7,289;6,405;13,902;22,511;12,996;12,996;17,960;11,805;8,747;7,469;9,213;8,378;7,649;7,469;6,231;6,145;6,405;9,495;9,307;8,012;14,309;14,616;12,200;10,446;9,307;9,684;4,957;9,798;22,511
  02/1973;12,796;12,398;11,414;10,254;11,904;11,414;9,589;8,012;7,111;6,668;6,058;5,715;8,562;17,429;16,796;12,200;11,122;10,446;9,307;14,513;10,446;11,511;9,026;7,469;7,111;6,933;6,845;6,756;---;---;---;5,715;9,993;17,429
  03/1973;6,405;5,886;6,231;5,886;15,233;13,700;8,840;8,378;14,411;13,498;11,609;9,684;8,012;7,469;6,933;6,756;6,405;6,058;5,800;5,715;5,629;5,544;7,469;7,379;6,668;6,058;5,715;5,544;5,375;5,544;7,469;5,375;7,784;15,233
  04/1973;8,562;8,378;10,542;8,103;6,668;6,933;6,580;8,747;13,196;12,002;10,542;10,446;14,411;12,398;9,873;8,562;7,379;6,845;7,289;7,739;13,397;14,105;12,002;9,873;8,195;8,562;8,195;7,289;6,668;6,318;---;6,318;9,327;14,411
  05/1973;5,972;5,886;5,629;7,200;6,493;6,231;6,058;5,886;5,544;6,580;7,022;6,933;6,493;6,231;5,800;5,544;5,375;5,375;5,207;5,123;5,040;8,562;8,470;7,200;6,405;5,886;5,544;5,375;5,207;5,207;5,040;5,040;6,081;8,562
  06/1973;4,957;4,874;4,791;4,709;4,709;4,627;4,545;4,545;4,545;4,545;4,463;4,382;4,382;4,301;4,220;4,220;4,140;4,791;6,756;6,493;6,318;5,886;5,629;5,207;4,874;4,709;4,627;4,957;5,207;4,874;---;4,140;4,909;6,756
  07/1973;4,545;4,220;7,649;8,378;6,756;5,375;4,874;4,545;4,220;4,060;4,060;3,980;3,901;3,901;3,822;3,743;3,664;3,586;3,664;4,140;3,901;5,715;5,040;4,709;4,627;4,627;4,545;6,580;6,058;5,375;4,382;3,586;4,795;8,378
  08/1973;4,220;4,060;3,901;3,901;3,901;4,874;4,382;3,980;3,743;3,586;3,508;3,431;3,431;3,277;4,060;3,743;3,586;3,508;3,431;3,354;3,277;3,200;3,124;3,124;3,048;3,048;2,973;2,973;3,124;3,048;2,973;2,973;3,542;4,874
  09/1973;3,124;5,460;5,972;4,791;3,901;3,431;3,200;3,124;3,048;3,200;3,200;3,431;3,200;2,973;3,277;3,124;3,277;3,048;2,898;3,124;3,124;2,973;2,973;2,973;3,124;2,973;2,898;2,823;2,823;2,823;---;2,823;3,344;5,972
  10/1973;2,749;2,675;2,601;2,528;2,528;2,456;3,277;3,586;3,901;5,375;7,111;16,691;13,599;10,063;6,580;4,140;3,743;3,586;5,123;4,140;3,664;3,277;3,200;3,124;3,048;2,973;3,586;3,508;3,124;2,898;4,545;2,456;4,626;16,691
  11/1973;8,378;12,398;9,873;6,580;5,715;4,382;3,901;3,586;3,431;3,431;3,277;3,508;4,382;7,289;6,231;4,709;3,901;7,921;13,599;13,297;10,446;7,379;5,715;5,207;5,291;5,040;4,627;4,140;3,822;3,586;---;3,277;6,168;13,599
  12/1973;3,743;3,586;3,431;4,220;7,289;10,254;14,821;19,898;29,324;22,511;15,233;10,638;15,958;12,002;9,684;10,254;8,933;8,933;10,542;12,398;25,711;23,991;16,481;12,796;12,299;10,542;9,873;9,684;10,446;17,747;23,245;3,431;13,112;29,324
  01/1974;27,690;31,432;20,771;16,376;15,129;13,397;12,002;14,309;12,497;11,904;12,299;16,376;18,924;26,889;23,616;18,817;20,224;17,960;15,854;16,063;16,271;15,336;18,174;18,388;17,535;13,397;16,063;21,788;23,430;19,789;19,032;11,904;18,120;31,432
  02/1974;16,271;18,067;15,854;13,599;11,511;11,025;10,638;13,096;10,831;10,063;9,968;10,831;10,063;9,684;10,254;9,684;9,968;13,196;11,904;9,873;9,495;8,747;8,747;8,286;8,012;7,830;7,559;7,469;---;---;---;7,469;10,804;18,067
  03/1974;7,289;7,289;7,022;6,933;6,845;6,845;8,012;10,254;9,873;14,923;8,933;8,562;10,254;8,747;8,012;7,739;7,649;11,707;13,196;17,535;19,032;16,481;14,004;14,616;15,439;10,446;9,401;8,933;8,378;7,830;7,379;6,845;10,308;19,032
  04/1974;7,200;7,022;7,739;9,589;11,511;10,446;8,378;7,379;6,933;6,756;6,756;6,668;6,933;7,698;7,698;7,332;6,787;6,606;6,426;6,246;6,067;5,978;5,888;5,888;5,978;7,881;7,606;7,149;6,968;6,787;---;5,888;7,276;11,511
  05/1974;6,336;6,067;5,710;5,533;5,533;5,356;5,268;5,268;5,180;5,180;5,092;5,005;5,533;6,067;5,710;5,268;5,092;5,005;4,917;4,830;4,830;4,656;4,656;4,656;4,569;4,569;4,482;4,830;5,005;4,743;4,569;4,482;5,146;6,336
  06/1974;4,482;4,396;4,482;4,396;4,569;4,482;4,396;4,656;4,482;4,482;5,356;9,460;8,993;7,149;5,710;5,092;4,830;4,656;4,482;4,396;4,396;5,533;5,710;4,917;6,968;11,930;11,450;9,367;7,698;6,787;---;4,396;5,990;11,930
  07/1974;5,710;5,005;4,830;4,656;4,482;4,396;4,309;4,309;4,223;4,137;4,137;4,137;4,052;3,966;3,966;3,881;3,881;3,796;3,796;3,796;3,796;3,796;3,796;3,796;3,711;3,711;3,711;3,626;3,626;3,626;3,542;3,542;4,071;5,710
  08/1974;3,542;3,457;3,457;3,457;3,373;3,373;3,289;3,289;3,289;3,289;3,373;3,373;3,289;3,289;3,457;4,309;4,052;3,626;3,457;3,373;3,289;3,289;3,206;3,122;3,122;3,039;3,039;2,956;2,956;2,956;2,956;2,956;3,334;4,309
  09/1974;2,956;2,956;2,956;2,874;2,874;2,874;2,791;2,791;2,791;2,791;2,627;2,627;2,546;2,546;2,464;2,464;2,464;2,383;2,383;2,383;2,627;3,542;3,966;2,956;2,627;2,383;2,303;2,546;3,966;4,309;---;2,303;2,826;4,309
  10/1974;3,626;4,656;4,830;5,356;5,180;5,180;3,881;3,289;3,039;2,956;2,791;2,791;2,627;2,464;2,464;2,303;2,142;2,142;2,142;2,546;2,956;2,709;2,464;2,303;2,464;2,709;3,289;3,457;7,514;10,308;8,713;2,142;3,719;10,308
  11/1974;6,426;4,656;3,457;3,122;2,956;3,289;4,309;4,052;3,457;2,874;2,627;2,874;3,122;3,796;4,137;3,122;2,874;2,627;2,464;2,303;3,457;8,993;11,259;7,514;5,180;3,966;3,457;4,482;6,787;5,622;---;2,303;4,309;11,259
  12/1974;4,830;4,137;4,309;5,092;5,888;6,156;5,710;5,005;4,309;3,711;3,373;3,122;4,482;7,149;7,973;6,516;6,246;10,213;11,642;10,025;8,435;9,930;10,498;19,951;21,583;18,233;13,771;11,068;10,687;8,993;11,259;3,122;8,526;21,583
  01/1975;17,030;16,830;15,539;12,315;10,308;8,899;12,798;11,163;9,554;12,798;10,592;14,456;19,647;19,951;25,905;19,951;15,935;12,605;10,878;10,213;9,273;8,528;7,973;7,606;7,514;8,713;7,241;6,877;6,516;7,881;7,423;6,516;12,029;25,905
  02/1975;10,025;11,259;15,243;18,032;19,242;22,876;17,730;14,358;20,154;22,876;17,931;13,771;11,546;10,308;11,068;15,539;13,283;10,213;9,086;9,554;9,554;11,738;18,736;13,771;10,782;12,411;19,545;20,765;---;---;---;9,086;14,693;22,876
  03/1975;20,154;20,867;18,635;16,830;11,259;10,213;9,648;9,460;10,119;11,738;12,798;10,687;8,899;8,435;8,158;7,789;7,514;7,332;7,149;7,059;6,968;6,877;6,787;6,696;8,528;8,806;7,789;7,059;6,787;6,606;6,877;6,606;9,823;20,867
  04/1975;8,993;8,250;7,789;7,332;6,968;6,336;6,067;5,978;5,888;7,423;10,403;8,806;7,332;6,426;6,968;9,273;7,606;6,787;6,426;5,978;5,710;5,533;5,445;5,356;5,268;5,180;5,092;5,005;4,917;4,917;---;4,917;6,648;10,403
  05/1975;4,917;4,917;5,005;5,356;5,978;6,336;7,332;6,516;6,336;5,799;5,533;5,092;4,743;4,656;4,569;4,569;4,482;4,482;4,482;4,396;4,309;4,309;4,223;4,137;4,137;4,137;4,137;4,137;4,137;4,137;4,137;4,137;4,885;7,332
  06/1975;4,137;4,052;4,052;4,052;4,137;4,137;4,052;4,052;3,966;3,966;3,881;3,796;3,796;3,711;3,711;3,626;3,626;3,626;3,626;3,626;3,542;3,542;3,542;3,542;3,457;3,457;3,457;3,373;3,373;3,373;---;3,373;3,743;4,137
  07/1975;3,373;3,542;3,626;4,917;4,656;4,052;3,881;3,711;3,542;3,457;3,373;3,373;3,373;3,289;3,289;3,206;3,206;3,626;3,711;3,542;3,457;3,373;3,289;3,289;3,206;3,122;3,122;3,122;3,039;2,956;2,956;2,956;3,473;4,917
  08/1975;2,956;2,956;2,956;2,956;2,874;2,874;2,791;2,791;2,791;2,791;2,791;2,709;2,709;2,627;2,627;2,627;2,546;2,464;2,464;2,383;2,303;2,303;2,222;2,222;2,222;2,142;2,142;2,142;2,142;2,142;2,142;2,142;2,542;2,956
  09/1975;2,142;2,142;2,062;2,062;2,062;1,983;1,983;1,904;1,904;1,904;1,825;1,825;1,825;1,746;1,746;1,746;1,746;1,746;1,746;1,746;1,825;1,904;1,904;1,904;1,983;2,062;1,983;2,383;2,383;3,289;---;1,746;1,982;3,289
  10/1975;6,156;4,137;3,039;3,039;3,457;3,711;3,373;4,396;3,881;3,457;3,711;5,533;4,223;3,289;2,956;2,874;2,464;2,546;3,626;3,966;3,626;3,039;2,709;2,464;2,222;2,142;2,142;2,062;1,983;1,825;2,222;1,825;3,235;6,156
  11/1975;3,626;6,156;5,445;3,881;3,122;3,626;3,966;3,711;3,289;3,122;3,373;3,796;3,457;3,206;2,791;2,627;2,383;4,482;3,796;3,206;5,180;4,396;3,966;4,396;8,250;14,162;15,440;11,738;9,836;10,592;---;2,383;5,367;15,440
  12/1975;14,456;14,358;9,648;7,698;5,799;5,005;4,656;4,223;4,223;7,332;5,268;10,119;12,122;23,245;19,343;13,868;9,930;7,514;7,606;7,059;6,067;5,268;4,656;5,180;8,250;11,546;14,456;12,992;17,831;14,456;15,836;4,223;10,000;23,245
  01/1976;13,186;8,713;8,250;11,259;13,966;12,026;11,738;12,992;11,068;9,460;8,806;17,931;10,973;8,899;7,698;6,877;7,059;7,973;7,059;8,250;7,059;6,426;6,426;6,246;5,888;5,533;7,514;10,878;14,456;8,899;7,973;5,533;9,403;17,931
  02/1976;7,059;10,592;13,381;11,738;11,068;11,068;24,179;34,502;43,034;27,088;18,032;13,673;11,354;10,119;9,742;9,460;9,179;9,460;10,973;9,648;9,930;9,742;10,687;12,026;11,642;10,592;12,508;22,329;25,131;---;---;7,059;14,825;43,034
  03/1976;25,131;17,430;14,652;13,673;12,508;11,642;11,068;11,642;13,089;10,213;9,930;12,122;10,592;10,308;9,836;9,179;8,899;9,179;9,367;14,162;13,089;13,478;12,798;14,750;12,992;13,966;13,966;13,771;13,381;12,315;10,782;8,899;12,578;25,131
  04/1976;10,308;9,273;9,179;9,086;8,899;9,086;8,806;8,250;8,158;8,620;9,836;12,992;18,132;19,242;17,931;14,652;12,605;11,642;10,025;9,648;9,273;8,993;8,993;8,528;8,250;8,158;8,065;7,881;7,789;7,606;---;7,606;10,330;19,242
  05/1976;7,423;7,332;7,241;7,149;7,149;7,059;6,968;6,968;7,149;7,973;7,881;7,606;7,332;7,149;7,059;6,787;6,696;6,606;10,687;13,381;11,738;10,782;9,179;8,158;7,973;7,606;7,332;7,149;18,132;18,032;17,630;6,606;8,945;18,132
  06/1976;13,673;9,836;8,899;8,620;8,620;18,233;19,850;17,030;13,381;12,701;15,737;13,575;11,738;10,782;10,119;9,460;8,993;8,435;8,250;8,158;7,973;7,789;7,698;7,514;7,514;7,423;7,332;7,241;7,149;7,149;---;7,149;10,362;19,850
  07/1976;7,332;9,648;18,736;19,444;15,836;14,162;11,163;9,836;10,119;11,163;10,878;10,592;9,930;9,273;8,713;8,899;8,620;8,435;8,250;8,250;8,158;8,158;7,881;7,789;7,698;7,606;7,514;7,332;7,149;6,968;6,877;6,877;9,755;19,444
  08/1976;6,787;6,787;6,606;6,516;6,426;6,877;7,149;6,877;6,696;6,606;8,342;10,308;12,218;12,605;11,546;10,592;9,273;8,250;8,528;10,498;10,878;9,836;8,806;8,065;7,698;7,423;7,059;6,877;6,696;6,606;6,516;6,426;8,256;12,605
  09/1976;6,336;6,246;6,156;6,067;6,336;7,423;11,163;17,831;16,034;13,478;10,973;9,554;9,086;19,647;16,830;14,554;14,358;12,411;11,163;9,836;9,086;8,528;9,179;9,179;9,086;9,273;13,966;20,663;19,647;16,731;---;6,067;11,694;20,663
  10/1976;12,895;11,354;9,930;9,086;8,806;8,993;8,620;8,250;8,993;11,354;10,119;8,899;8,158;7,606;7,332;7,332;7,241;7,332;7,973;7,789;7,606;7,241;7,059;9,179;11,930;9,836;10,119;8,342;7,789;7,423;14,358;7,059;8,998;14,358
  11/1976;16,233;11,259;9,367;8,528;12,026;14,456;14,652;11,642;10,119;8,806;8,158;7,973;9,273;9,648;9,554;8,435;13,381;12,992;12,122;9,930;15,935;16,332;14,358;12,026;10,119;11,259;11,930;12,315;10,498;9,648;---;7,973;11,432;16,332
  12/1976;8,806;9,367;9,648;11,738;13,381;11,450;10,403;13,089;15,440;12,315;10,782;9,836;9,367;9,179;9,179;10,592;12,798;15,046;14,259;12,798;10,592;11,068;12,992;11,450;13,673;17,030;18,938;16,531;12,122;11,068;10,403;8,806;12,108;18,938
  01/1977;9,742;9,179;9,648;9,648;13,673;15,737;14,064;12,701;11,163;9,930;9,742;9,460;8,806;8,713;9,179;9,367;9,179;10,973;19,748;24,939;20,562;16,134;12,411;11,068;11,163;10,878;14,358;14,456;14,064;12,992;15,737;8,713;12,562;24,939
  02/1977;19,140;16,930;13,478;11,354;10,592;9,930;12,605;11,259;11,642;10,687;10,782;9,648;8,806;8,342;8,250;8,158;7,973;7,973;8,158;7,789;8,065;8,993;9,086;7,789;7,881;7,789;7,698;7,514;---;---;---;7,514;9,940;19,140
  03/1977;7,059;7,149;7,241;7,606;7,698;7,789;7,332;7,514;7,514;7,606;7,059;6,606;6,426;6,877;7,332;9,179;8,993;7,881;8,528;7,332;10,025;14,259;11,068;10,687;8,620;8,620;8,620;8,158;10,878;12,605;12,315;6,426;8,599;14,259
  04/1977;11,259;10,025;8,993;8,806;15,737;13,381;11,642;9,836;9,742;16,930;17,330;14,554;11,068;9,648;8,806;8,065;7,698;13,381;16,332;21,788;23,616;20,358;18,333;14,947;13,089;11,930;10,687;9,930;9,367;8,993;---;7,698;12,876;23,616
  05/1977;8,713;8,435;8,250;8,065;7,881;7,698;7,423;7,332;7,332;7,241;7,241;7,149;7,059;6,968;6,877;6,877;7,423;7,423;7,059;6,787;6,606;6,516;6,426;6,426;6,336;6,336;6,246;6,246;6,156;6,156;6,156;6,156;7,059;8,713
  06/1977;6,336;6,336;6,246;6,787;11,450;13,186;11,068;8,993;7,332;6,606;6,336;6,246;6,156;6,067;6,067;6,067;5,978;5,888;5,710;5,622;5,533;5,445;5,445;5,445;5,445;5,533;5,445;5,445;5,356;5,268;---;5,268;6,628;13,186
  07/1977;5,092;4,917;4,743;4,743;4,743;4,656;4,656;4,656;4,656;4,569;4,569;4,569;4,482;4,396;4,396;4,309;4,309;4,569;4,656;4,569;4,396;4,309;4,223;4,137;4,309;4,309;4,223;4,223;4,052;3,966;3,796;3,796;4,458;5,092
  08/1977;3,796;3,711;3,711;3,626;3,626;3,542;3,457;3,457;3,457;3,373;3,373;3,373;3,289;3,289;3,289;3,206;3,206;3,206;3,122;3,122;3,122;3,039;3,039;3,039;2,956;2,956;2,956;2,956;2,956;3,373;4,137;2,956;3,315;4,137
  09/1977;4,137;3,881;3,711;3,626;3,626;3,626;5,356;6,968;6,067;4,743;4,052;3,542;3,206;3,122;3,039;2,956;2,956;2,874;2,874;2,874;3,039;3,122;3,289;6,426;6,426;4,917;3,711;3,542;3,373;3,206;---;2,874;3,943;6,968
  10/1977;3,206;7,698;8,620;6,067;4,569;4,482;4,482;4,137;3,626;3,373;3,122;2,874;2,627;2,627;2,546;2,546;2,627;2,627;3,542;4,137;3,122;2,709;2,464;2,303;2,222;2,142;2,142;2,222;2,383;2,383;2,546;2,142;3,425;8,620
  11/1977;2,709;3,122;3,626;2,874;2,709;2,791;3,289;3,206;2,874;2,791;2,791;3,122;3,711;4,052;5,888;8,899;7,606;6,067;4,917;4,309;3,966;3,881;4,656;5,710;7,332;11,930;7,514;7,149;8,713;11,738;---;2,709;5,131;11,930
  12/1977;13,868;18,854;14,341;17,148;16,866;14,806;12,039;12,130;13,047;13,324;16,866;14,806;11,220;9,598;8,353;7,299;6,604;6,259;6,431;8,264;9,329;13,601;14,713;13,878;11,401;9,508;8,530;7,474;6,951;6,517;6,259;6,259;11,299;18,854
  01/1978;7,212;10,676;8,795;7,912;6,951;6,777;7,649;9,777;8,618;7,299;8,264;14,341;9,508;9,866;15,926;14,434;11,311;9,419;8,264;7,125;6,777;11,583;12,772;11,129;9,151;7,912;6,951;7,474;6,690;6,173;5,915;5,915;9,118;15,926
  02/1978;5,659;5,574;5,404;5,319;5,404;6,087;6,690;5,659;5,319;5,234;5,234;5,744;6,259;6,259;5,830;5,744;5,659;5,319;5,150;5,065;6,777;13,232;11,674;8,176;6,345;5,234;4,897;5,319;---;---;---;4,897;6,224;13,232
  03/1978;5,319;5,150;5,150;7,824;8,884;6,864;6,864;9,777;11,857;11,129;9,062;7,386;6,431;6,001;5,574;5,319;5,065;4,897;4,645;4,477;4,311;4,228;4,228;4,145;4,145;4,145;4,394;4,311;4,228;4,645;5,150;4,145;5,987;11,857
  04/1978;4,728;4,477;4,228;4,062;3,814;3,732;3,732;3,650;3,650;3,650;3,814;3,732;3,650;3,568;3,568;3,568;3,487;3,487;3,405;3,405;3,405;4,561;4,981;4,394;3,897;3,732;3,568;3,568;3,487;3,487;---;3,405;3,816;4,981
  05/1978;3,487;3,487;3,405;3,405;3,324;3,243;3,162;3,081;3,000;2,920;2,920;2,920;2,920;2,920;2,920;2,920;4,062;5,150;5,319;4,981;4,897;4,897;4,812;4,228;3,814;3,650;3,568;3,487;3,487;3,405;3,650;2,920;3,659;5,319
  06/1978;3,814;3,732;3,568;3,405;3,405;3,324;3,243;4,728;10,406;11,765;8,707;5,744;4,812;4,311;4,062;3,814;3,650;3,568;3,487;3,405;3,324;3,324;3,487;3,732;4,145;3,897;3,487;3,405;3,324;3,162;---;3,162;4,408;11,765
  07/1978;3,081;3,000;3,000;2,920;2,920;2,920;2,920;2,920;2,920;2,920;3,000;2,920;2,920;2,920;3,243;5,659;6,259;5,574;5,404;4,812;5,489;7,299;8,707;7,038;5,234;4,645;4,228;3,814;3,650;3,568;3,487;2,920;4,174;8,707
  08/1978;3,405;3,243;3,162;3,081;3,000;3,000;2,920;2,840;2,840;2,760;2,760;2,760;2,680;2,680;2,680;2,680;2,680;2,680;2,680;2,680;2,680;2,600;2,600;2,600;2,600;2,600;2,600;2,600;2,521;2,521;2,442;2,442;2,760;3,405
  09/1978;2,680;2,920;2,840;2,840;3,162;3,650;3,650;3,568;3,081;2,760;2,680;2,600;2,521;2,442;2,363;2,363;2,600;2,680;2,600;2,521;2,442;2,363;2,284;2,206;2,128;2,128;2,050;1,972;1,972;1,972;---;1,972;2,601;3,650
  10/1978;1,895;1,895;1,818;1,818;1,741;1,741;1,741;1,665;1,589;1,589;1,818;1,818;1,818;1,972;2,050;2,050;1,972;1,895;3,000;3,650;3,405;2,680;2,050;1,895;1,818;1,741;1,665;1,665;2,600;3,324;3,897;1,589;2,138;3,897
  11/1978;6,345;4,645;3,162;3,405;7,386;9,508;6,951;4,645;3,487;3,081;4,394;6,259;8,088;5,574;4,394;4,561;7,299;6,777;5,319;9,866;10,496;6,431;13,970;10,136;7,299;5,319;4,981;8,618;11,038;8,000;---;3,081;6,714;13,970
  12/1978;6,345;5,574;5,234;5,150;4,228;3,487;3,814;4,394;8,441;10,136;8,884;6,173;5,404;4,394;3,897;6,345;6,087;5,659;4,477;3,979;3,650;3,405;3,243;3,000;3,162;4,477;12,222;19,425;18,067;15,026;11,414;3,000;6,748;19,425
  01/1979;7,739;6,580;6,933;7,200;5,972;4,874;4,463;3,901;3,508;3,354;3,200;5,460;6,405;5,800;5,291;4,627;3,743;3,200;2,973;3,901;5,375;6,493;7,379;7,830;5,291;6,580;6,668;6,756;15,336;17,429;13,902;2,973;6,392;17,429
  02/1979;10,928;8,470;7,379;7,111;6,668;6,231;5,886;5,460;4,957;4,874;6,058;6,845;11,122;13,599;14,004;11,904;10,735;10,542;11,219;11,316;9,873;8,103;7,739;7,022;6,405;5,886;5,715;5,886;---;---;---;4,874;8,283;14,004
  03/1979;7,559;6,933;6,318;5,800;5,629;5,972;6,405;6,145;6,058;5,629;5,291;5,629;5,800;6,318;5,972;5,715;5,291;4,874;4,627;4,791;4,627;4,791;4,545;4,627;7,022;7,649;6,145;5,291;4,791;4,463;4,220;4,220;5,643;7,649
  04/1979;4,060;3,980;3,901;5,460;14,207;13,902;10,928;8,655;7,200;6,058;5,375;5,123;4,874;4,627;4,301;4,140;3,901;3,901;3,901;3,980;3,822;3,664;3,508;3,431;3,431;3,586;3,586;3,586;4,709;7,289;---;3,431;5,436;14,207
  05/1979;8,195;6,231;5,544;9,968;15,646;12,596;10,831;16,167;13,096;10,063;8,933;7,830;7,200;7,649;7,559;6,756;6,145;5,715;5,460;5,207;5,040;4,957;4,791;4,791;4,709;4,791;4,627;4,545;4,957;7,739;7,921;4,545;7,602;16,167
  06/1979;6,845;5,972;5,460;5,207;5,040;4,874;4,791;4,709;4,709;4,709;4,627;4,545;4,463;4,463;4,463;4,382;4,382;4,382;4,301;4,301;4,220;4,220;4,140;4,140;4,140;4,060;4,060;4,060;4,060;3,980;---;3,980;4,590;6,845
  07/1979;3,980;3,980;3,980;3,901;3,901;3,901;3,901;3,901;4,140;4,791;4,791;4,627;3,980;3,901;3,822;3,743;3,664;3,664;3,822;7,200;7,649;5,886;5,040;4,382;4,140;4,709;5,207;4,791;4,382;4,060;3,822;3,664;4,441;7,649
  08/1979;3,664;3,431;3,354;3,354;3,354;3,354;3,354;3,277;3,277;3,048;2,898;2,675;4,463;5,123;5,629;5,972;5,040;4,301;5,375;7,200;6,231;5,040;4,627;4,140;3,901;3,822;3,980;4,627;4,060;3,822;3,664;2,675;4,195;7,200
  09/1979;3,431;3,277;3,980;4,463;4,220;3,822;3,586;3,431;3,354;3,124;3,124;3,200;3,354;4,140;6,756;7,289;7,022;7,200;6,668;5,715;4,874;4,463;5,800;6,058;5,291;4,382;3,901;3,586;3,431;3,277;---;3,124;4,541;7,289
  10/1979;3,124;3,048;3,124;4,060;5,123;4,957;4,874;13,096;14,616;13,096;11,316;7,200;6,231;6,058;6,145;6,493;5,460;4,709;4,140;3,822;3,586;3,431;3,277;3,124;2,973;2,823;2,823;2,898;3,277;3,200;3,664;2,823;5,347;14,616
  11/1979;4,709;6,058;6,580;6,058;4,463;3,822;3,354;2,973;3,822;8,286;12,696;11,609;8,840;6,318;5,123;4,709;6,318;5,123;4,463;4,709;4,060;3,664;4,463;5,800;8,195;11,414;8,933;7,289;6,058;4,545;---;2,973;6,148;12,696
  12/1979;4,140;4,463;4,957;5,972;7,469;7,111;5,207;4,382;3,980;4,220;4,791;4,957;5,715;5,886;5,715;5,800;7,289;5,972;4,791;6,318;7,921;6,756;17,641;23,245;18,817;15,958;14,105;10,446;9,120;8,195;6,580;3,980;7,997;23,245
  01/1980;12,596;13,096;9,873;7,559;6,145;5,629;5,544;6,058;5,972;7,200;14,309;14,821;11,805;9,589;7,559;6,405;7,559;14,309;16,063;14,004;24,368;19,032;13,297;10,638;14,718;18,174;15,958;13,801;11,609;9,873;9,120;5,544;11,506;24,368
  02/1980;9,495;9,213;8,012;7,469;7,111;7,289;6,405;6,058;6,405;6,231;5,886;5,715;5,800;9,779;7,830;8,195;7,022;7,379;8,286;8,286;8,195;7,289;6,668;7,649;11,609;10,159;11,414;12,101;9,589;---;---;5,715;8,019;12,101
  03/1980;8,012;6,845;6,231;5,800;5,800;5,629;5,375;6,058;7,739;8,747;10,254;12,200;10,159;8,562;8,562;9,120;12,796;9,873;7,559;6,668;5,972;5,544;5,291;5,123;4,874;4,709;4,709;4,545;4,382;4,382;4,301;4,301;6,962;12,796
  04/1980;4,301;6,756;10,928;15,750;22,693;27,892;20,881;14,821;10,928;9,026;8,747;14,411;13,498;19,356;20,552;19,032;16,586;13,196;11,219;10,063;9,307;8,470;8,103;7,739;7,469;7,379;7,200;7,022;6,845;6,580;---;4,301;12,225;27,892
  05/1980;6,580;6,845;8,195;7,830;7,289;6,668;6,318;6,058;5,886;5,886;5,886;5,972;6,756;6,580;6,058;5,715;5,629;5,886;5,972;5,629;5,375;5,375;6,231;5,972;5,544;5,291;4,957;4,874;4,791;4,791;4,791;4,791;5,988;8,195
  06/1980;4,791;4,791;5,040;5,291;5,040;4,957;4,791;4,545;4,382;4,301;4,220;4,140;4,140;4,382;4,301;4,060;3,980;3,980;3,901;3,901;3,901;3,980;4,140;3,901;3,901;14,411;18,697;14,479;10,317;7,302;---;3,901;5,799;18,697
  07/1980;6,442;5,763;5,511;5,177;5,094;5,011;4,929;4,929;4,846;4,764;4,681;4,681;4,518;4,436;4,354;4,273;4,273;4,192;4,192;4,111;4,030;3,950;3,870;3,870;3,790;3,790;3,790;3,710;3,710;3,630;3,710;3,630;4,452;6,442
  08/1980;3,870;3,710;3,630;3,551;3,471;3,471;3,471;3,471;3,471;3,392;3,235;3,078;3,001;3,235;3,313;3,870;4,273;4,030;3,870;3,551;3,313;3,156;3,078;3,313;4,273;5,679;5,679;4,929;4,030;3,630;3,471;3,001;3,726;5,679
  09/1980;3,313;3,235;3,156;3,001;2,846;2,768;2,692;2,692;2,615;2,615;2,615;2,615;2,923;2,923;2,846;2,768;3,078;3,313;3,870;3,790;4,599;6,527;5,511;4,030;3,471;3,001;3,001;3,078;3,313;3,078;---;2,615;3,309;6,527
  10/1980;2,846;2,615;2,463;2,387;2,312;2,312;2,236;2,463;3,392;3,630;3,710;6,186;6,527;4,681;3,630;3,392;3,313;3,471;3,156;3,156;2,692;2,387;2,387;2,162;2,463;2,846;2,539;2,539;2,387;2,162;2,236;2,162;3,054;6,527
  11/1980;2,387;2,312;2,162;2,087;2,013;1,939;2,087;4,764;8,971;14,479;11,501;7,563;5,511;4,192;3,551;3,156;2,923;2,615;2,846;4,518;5,011;3,551;3,392;4,599;5,427;4,111;3,235;3,078;3,156;5,094;---;1,939;4,408;14,479
  12/1980;8,705;20,360;22,693;19,380;13,820;13,072;11,501;10,227;8,175;7,215;6,271;6,271;7,563;12,515;14,667;13,166;9,507;7,389;6,870;5,847;5,260;6,101;6,956;9,596;9,328;8,705;7,043;6,956;7,825;11,685;12,423;5,260;10,229;22,693
  01/1981;11,227;9,239;8,088;11,410;12,145;10,953;9,776;8,794;8,705;8,794;9,417;13,539;21,788;24,748;46,730;49,999;46,373;40,330;26,889;18,794;30,580;24,939;25,323;18,989;16,667;15,521;15,141;14,008;12,423;11,685;10,680;8,088;19,151;49,999
  02/1981;10,408;9,956;9,596;9,239;9,417;11,777;10,046;8,616;9,239;10,317;9,417;9,417;9,149;8,528;8,088;7,563;7,215;6,956;6,870;6,870;12,608;8,705;8,705;7,476;7,302;8,528;7,563;7,302;---;---;---;6,870;8,817;12,608
  03/1981;6,870;6,527;6,271;6,101;6,101;8,352;10,136;11,044;10,862;8,971;7,389;6,613;6,186;5,847;5,763;6,016;6,613;7,129;6,613;6,101;6,101;5,847;5,427;5,260;6,016;6,613;5,763;5,932;6,698;7,650;7,215;5,260;6,904;11,044
  04/1981;6,186;5,511;5,260;5,094;5,011;5,177;5,595;5,511;4,846;4,681;4,518;4,518;4,436;4,436;4,599;6,442;7,389;6,186;5,511;4,929;4,764;4,599;4,518;4,599;6,271;5,847;5,177;5,011;5,011;5,094;---;4,436;5,224;7,389
  05/1981;4,846;4,599;4,436;4,436;4,681;4,518;4,111;3,950;3,790;3,710;3,870;3,790;3,710;3,630;3,551;3,551;3,551;3,630;3,630;4,192;3,710;3,710;3,630;3,630;3,551;3,471;3,471;3,551;3,870;3,790;3,630;3,471;3,877;4,846
  06/1981;3,551;3,551;3,471;3,392;3,313;5,011;9,149;8,971;7,129;5,511;4,764;4,192;3,950;3,870;3,790;5,011;7,215;6,101;5,011;4,518;4,273;4,111;3,950;3,790;3,710;3,630;3,630;3,630;3,630;3,551;---;3,313;4,646;9,149
  07/1981;3,551;3,551;3,870;3,870;3,710;3,471;3,392;3,313;3,235;3,235;3,235;3,235;3,156;3,156;3,078;3,001;2,923;2,923;2,923;3,156;3,156;3,235;3,078;3,078;3,235;4,929;4,599;3,551;3,235;3,078;2,923;2,923;3,357;4,929
  08/1981;2,923;2,846;2,846;2,768;2,768;2,768;2,692;2,692;2,692;2,692;2,846;2,768;2,768;4,030;3,078;2,846;2,768;2,846;3,710;3,156;2,846;2,768;2,692;2,615;2,539;2,463;2,387;2,387;2,387;2,463;2,387;2,387;2,788;4,030
  09/1981;2,387;2,387;2,387;2,312;2,312;2,312;2,236;2,162;2,162;2,013;2,013;1,939;1,939;1,939;1,939;1,865;1,865;1,865;1,792;1,792;1,792;1,720;1,720;1,720;1,720;1,792;2,013;2,013;1,939;1,792;---;1,720;1,995;2,387
  10/1981;1,792;1,792;1,865;1,939;2,539;2,615;3,313;4,764;4,929;3,313;3,078;2,846;2,615;2,387;2,463;4,764;5,595;3,950;4,030;10,136;10,136;6,698;5,511;4,764;3,870;3,630;7,389;8,705;8,794;13,820;17,533;1,792;5,212;17,533
  11/1981;14,196;9,866;8,088;10,771;14,667;11,593;8,528;7,043;6,698;7,563;6,870;6,870;8,088;7,389;6,613;5,094;4,681;4,354;4,273;8,616;10,862;8,882;6,784;5,011;4,354;6,613;5,763;5,763;5,595;5,177;---;4,273;7,556;14,667
  12/1981;6,271;26,297;18,892;13,820;11,593;13,914;15,711;15,521;24,558;38,891;34,502;19,380;15,902;12,979;10,862;12,701;15,616;16,093;17,437;15,046;11,869;10,589;9,866;9,417;8,705;8,000;7,563;7,215;7,043;6,698;6,442;6,271;14,497;38,891
  01/1982;7,389;19,184;19,380;18,211;13,820;10,589;9,328;8,528;8,794;11,135;14,667;18,114;16,475;14,384;10,953;9,686;8,882;8,263;7,912;7,650;9,239;9,956;12,793;15,141;13,352;11,227;9,328;10,136;13,446;12,701;10,136;7,389;11,961;19,380
  02/1982;11,501;14,762;20,360;19,477;15,806;19,673;21,253;32,295;25,323;18,600;15,616;13,259;11,777;10,680;10,227;9,956;9,866;9,507;9,149;8,971;12,053;9,596;9,417;10,046;11,685;15,997;25,517;16,380;---;---;---;8,971;14,955;32,295
  03/1982;15,330;23,245;16,571;15,330;12,238;10,953;10,317;10,046;13,259;16,188;18,017;21,788;20,459;19,184;18,017;16,955;20,459;17,920;15,997;14,667;14,102;14,384;18,502;19,477;17,630;15,235;14,102;15,806;15,902;14,856;12,979;10,046;16,126;23,245
  04/1982;12,330;11,777;13,726;11,869;11,318;10,953;10,589;10,227;9,956;9,866;9,776;9,776;9,956;11,501;13,726;14,290;12,238;10,953;9,866;9,328;9,060;8,971;8,794;8,705;8,616;8,528;8,352;8,175;8,088;8,000;---;8,000;10,310;14,290
  05/1982;7,912;7,912;7,825;7,737;7,563;7,476;7,476;7,389;7,302;7,215;7,129;7,043;6,956;6,870;6,784;6,698;6,613;6,527;6,527;7,563;7,302;7,043;6,784;6,956;8,440;10,498;8,971;7,737;7,129;6,698;7,043;6,527;7,391;10,498
  06/1982;6,870;6,527;6,356;6,356;6,527;7,389;7,129;6,527;6,186;6,016;5,932;7,043;10,046;9,507;8,352;11,318;10,046;8,882;8,352;7,302;7,043;7,389;11,044;10,136;9,060;15,235;17,823;16,571;14,102;12,145;---;5,932;9,107;17,823
  07/1982;11,593;12,053;10,953;9,328;8,175;7,737;7,389;7,215;6,956;6,784;6,698;6,613;7,215;7,825;7,389;6,698;6,186;6,101;6,527;6,698;6,442;6,101;6,016;5,847;5,763;5,679;5,511;5,427;5,344;5,595;5,763;5,344;7,085;12,053
  08/1982;5,595;5,427;5,177;5,260;5,847;5,847;5,595;5,344;5,094;5,011;5,847;5,932;5,679;5,344;5,011;4,846;4,764;4,681;5,260;5,427;5,260;4,929;4,599;5,344;5,679;5,011;4,599;6,271;5,932;5,511;5,011;4,599;5,327;6,271
  09/1982;4,518;4,354;4,192;5,011;4,436;4,030;3,870;3,790;3,710;3,630;3,551;3,471;3,471;3,471;3,471;3,471;3,392;3,392;3,551;3,790;3,710;3,551;3,471;3,392;3,392;3,313;3,313;4,764;4,599;3,950;---;3,313;3,801;5,011
  10/1982;3,432;6,956;8,440;6,186;4,681;4,111;3,950;11,090;9,956;17,630;24,368;19,722;17,823;20,459;16,571;13,259;10,227;8,396;8,219;7,215;8,705;8,175;6,913;6,271;6,016;6,016;6,186;8,396;9,776;9,417;9,462;3,432;9,936;24,368
  11/1982;8,705;6,442;5,094;4,846;4,681;4,599;4,518;4,599;4,518;4,436;4,764;10,317;8,882;6,442;7,215;7,302;6,271;5,094;4,599;6,016;6,527;7,215;6,101;5,011;4,681;4,354;5,260;6,016;6,016;5,595;---;4,354;5,871;10,317
  12/1982;5,053;4,681;10,771;12,886;11,272;9,552;12,007;16,811;13,119;10,634;9,060;11,318;17,630;15,759;13,914;15,521;16,571;14,998;13,914;15,093;16,811;18,454;19,428;19,477;18,017;17,100;18,551;13,867;13,259;14,809;16,236;4,681;14,083;19,477
  01/1983;16,188;15,046;13,446;11,501;11,227;11,869;26,889;24,368;36,549;22,693;29,324;17,533;22,693;29,740;37,477;33,389;32,949;35,632;44,039;49,631;57,262;45,664;37,711;39,847;33,389;28,094;21,788;21,253;20,065;18,600;18,989;11,227;27,898;57,262
  02/1983;43,661;88,705;82,677;50,741;47,807;38,535;39,010;34,726;40,815;38,181;28,809;44,111;37,630;33,034;32,329;29,381;26,681;24,300;24,219;28,190;25,277;23,735;21,827;21,435;22,537;22,063;22,378;21,984;---;---;---;21,435;35,528;88,705
  03/1983;22,775;27,853;22,220;20,503;21,591;26,598;43,441;69,938;46,531;32,769;27,265;24,706;23,174;22,855;21,357;20,503;19,279;18,525;19,128;21,357;21,827;20,657;20,195;18,750;17,337;16,461;16,172;17,190;17,117;15,884;15,313;15,313;24,170;69,938
  04/1983;16,244;16,172;15,527;14,748;14,608;16,172;26,598;28,275;21,513;16,172;15,598;14,959;14,608;14,329;14,051;13,538;13,341;13,243;13,144;13,243;14,190;16,316;15,030;16,970;23,334;24,625;21,435;17,854;15,956;14,190;---;13,144;16,866;28,275
  05/1983;13,439;12,948;12,460;12,168;11,974;11,780;11,683;11,683;11,974;13,982;11,731;11,925;13,982;19,052;16,970;14,120;12,655;12,362;11,877;13,390;13,144;12,460;12,411;14,748;13,913;12,752;12,265;11,828;31,279;40,131;60,465;11,683;16,050;60,465
  06/1983;45,753;33,654;30,758;32,504;27,853;38,366;47,607;39,851;30,325;29,637;27,937;25,277;23,414;21,279;20,041;19,128;18,826;18,525;17,928;17,632;17,337;16,897;16,606;16,461;16,172;16,028;16,028;16,244;19,128;18,525;---;16,028;24,524;47,607
  07/1983;17,044;15,884;15,313;14,748;14,468;14,190;13,913;13,538;13,341;13,144;13,046;12,850;12,752;12,655;12,557;12,362;12,265;14,678;15,030;15,242;22,537;20,967;16,389;12,997;12,655;12,362;12,071;11,974;11,877;11,683;11,586;11,586;14,068;22,537
  08/1983;11,394;11,925;11,828;11,490;11,105;10,913;10,722;10,626;10,436;10,340;10,340;10,245;10,150;10,056;9,961;9,866;9,677;9,583;9,489;9,395;9,301;9,207;9,114;8,927;8,833;8,740;8,647;8,554;8,462;8,277;8,184;8,184;9,864;11,925
  09/1983;8,092;8,000;8,323;8,927;10,579;17,044;18,525;17,928;15,313;12,460;10,579;10,388;11,297;10,722;10,531;12,606;13,636;18,003;28,190;23,414;19,052;17,558;20,580;32,241;30,931;23,654;18,525;14,678;13,095;12,314;---;8,000;15,906;32,241
  10/1983;11,683;11,490;12,411;12,704;12,362;11,974;12,022;11,057;10,483;10,056;9,677;9,395;9,114;11,731;13,913;12,557;10,770;10,865;17,264;14,608;11,828;11,877;14,959;18,077;16,897;14,120;12,022;11,009;10,483;10,008;9,866;9,114;12,170;18,077
  11/1983;11,877;12,948;12,655;12,704;12,850;12,362;11,586;10,483;9,961;9,772;9,724;13,341;12,948;11,297;11,105;10,674;10,150;9,772;9,489;9,442;9,489;10,008;10,150;10,056;9,677;9,301;8,787;8,323;7,908;9,207;---;7,908;10,602;13,341
  12/1983;8,927;13,144;14,608;11,586;9,630;9,160;10,674;10,531;9,348;9,020;11,297;16,461;27,433;31,978;34,278;27,769;19,355;15,598;13,292;13,046;19,812;27,517;37,906;37,263;29,552;21,513;19,355;18,826;18,675;16,461;24,462;8,927;18,983;37,906
  01/1984;21,670;23,494;22,458;17,558;14,608;13,292;12,460;11,877;11,683;11,490;11,105;10,722;10,436;10,340;10,056;9,961;9,866;9,772;9,489;10,531;14,538;19,736;22,378;21,748;17,780;19,888;40,225;38,643;26,266;20,426;18,600;9,489;16,874;40,225
  02/1984;17,044;14,190;13,439;13,046;12,655;12,314;11,877;11,974;11,683;11,877;13,913;12,557;11,683;11,057;10,626;10,626;10,913;10,626;10,626;10,531;10,245;9,961;9,772;9,583;9,395;9,114;8,927;8,740;8,740;---;---;8,740;11,301;17,044
  03/1984;8,647;8,740;9,114;9,301;9,395;9,583;10,245;9,677;9,207;8,833;8,462;8,277;8,092;7,816;7,633;7,451;7,359;7,269;7,178;7,178;7,633;7,633;7,542;7,451;7,359;7,359;7,633;7,087;7,087;7,314;7,359;7,087;8,094;10,245
  04/1984;6,997;6,816;7,042;9,301;12,655;11,780;10,293;8,647;7,314;6,861;6,547;6,457;6,368;6,368;6,278;9,301;14,120;10,008;9,207;8,415;7,542;7,132;6,816;6,726;9,020;8,927;7,542;8,554;8,369;8,000;---;6,278;8,313;14,120
  05/1984;7,954;7,178;8,694;7,770;7,269;6,771;6,457;6,368;6,278;6,189;6,012;5,923;6,100;7,816;6,997;6,547;6,278;6,861;6,906;6,412;6,100;6,012;5,923;5,747;5,571;5,483;5,308;5,221;5,134;5,047;5,047;5,047;6,367;8,694
  06/1984;5,134;5,047;5,047;4,961;4,961;4,875;4,788;4,788;4,703;4,788;4,703;4,703;4,617;4,617;4,531;4,531;4,446;4,446;4,361;4,361;4,361;4,276;4,276;4,276;4,276;4,191;4,191;4,191;4,191;4,107;---;4,107;4,558;5,134
  07/1984;4,107;4,107;4,023;4,023;4,023;3,939;3,939;3,939;3,855;3,855;3,855;3,771;3,771;3,771;3,771;3,688;3,688;3,605;3,605;3,605;3,522;3,522;3,522;3,440;3,440;3,440;3,440;3,771;3,688;3,605;3,605;3,440;3,740;4,107
  08/1984;3,605;3,605;6,056;8,880;6,368;5,047;4,361;4,191;4,107;3,855;3,688;3,605;3,522;3,440;3,440;3,440;3,357;3,357;3,357;3,605;3,981;4,617;8,554;10,531;7,816;5,967;5,221;4,703;4,361;4,191;4,107;3,357;4,804;10,531
  09/1984;4,918;4,531;4,191;4,107;4,023;4,023;4,023;4,617;5,615;5,091;4,446;4,065;3,688;3,605;3,522;3,357;3,522;3,440;3,440;3,605;4,875;4,703;4,023;3,688;3,440;3,605;5,134;5,483;4,961;4,276;---;3,357;4,201;5,615
  10/1984;3,771;3,522;3,357;3,194;3,112;3,031;2,950;2,950;3,031;3,357;3,194;3,112;3,031;2,869;2,789;2,709;2,789;3,031;4,862;4,259;3,722;3,418;3,164;3,080;2,997;2,915;2,833;2,752;2,671;2,512;2,512;2,512;3,145;4,862
  11/1984;2,434;2,434;2,356;2,356;2,356;2,279;2,279;2,203;2,203;2,833;3,122;4,078;4,674;4,213;3,375;2,997;2,915;2,915;3,080;3,547;5,244;5,148;5,148;5,244;5,634;6,082;5,438;4,581;3,943;4,213;---;2,203;3,644;6,082
  12/1984;6,900;8,563;8,125;7,586;7,800;7,373;5,293;12,348;9,233;7,162;5,931;5,733;8,070;20,301;18,094;14,472;12,348;17,554;13,838;10,730;9,064;7,479;6,487;5,832;5,438;5,341;5,931;5,832;5,438;5,341;6,436;5,293;8,906;20,301
  01/1985;8,016;9,916;9,289;9,744;8,729;7,908;8,841;25,510;28,157;22,144;15,049;11,501;9,687;8,952;9,801;8,785;8,125;8,234;7,962;8,288;8,952;8,674;8,563;8,674;9,687;9,233;8,896;8,563;7,908;8,563;9,008;7,908;10,689;28,157
  02/1985;7,800;7,800;7,693;7,586;7,586;7,800;7,693;7,586;9,120;8,563;8,343;9,744;10,789;9,516;8,453;7,908;8,234;8,343;8,016;7,800;7,693;9,459;9,916;9,459;10,263;10,147;9,177;8,952;---;---;---;7,586;8,623;10,789
  03/1985;13,901;20,091;13,712;11,501;11,084;10,848;11,203;12,165;11,802;11,983;13,461;14,856;14,344;11,263;14,281;17,018;24,177;27,622;23,010;16,685;13,211;11,682;10,848;10,147;9,630;9,233;8,785;8,674;8,453;8,234;8,179;8,179;13,293;27,622
  04/1985;11,621;11,084;10,730;10,789;10,848;10,496;10,789;11,442;11,084;8,729;7,693;7,267;6,952;6,744;6,744;6,952;9,859;12,655;11,561;10,321;8,179;6,848;6,641;6,539;6,436;6,436;6,334;6,233;6,031;6,233;---;6,031;8,676;12,655
  05/1985;7,908;7,479;7,057;6,693;6,233;6,031;5,832;5,733;5,634;5,782;6,233;6,031;5,634;5,438;5,341;5,244;5,244;5,148;5,052;5,052;8,288;9,974;7,854;7,162;6,848;6,233;5,782;5,244;5,148;5,052;5,052;5,052;6,175;9,974
  06/1985;4,957;4,957;4,957;5,536;5,341;5,148;5,052;4,957;4,957;4,862;4,768;4,768;4,768;4,674;4,581;4,581;4,581;4,488;4,396;4,304;4,304;4,213;4,213;4,213;4,123;4,123;4,123;4,123;4,033;4,033;---;4,033;4,604;5,536
  07/1985;4,033;4,033;3,943;3,943;3,943;3,943;4,213;4,213;4,123;4,123;4,033;4,033;3,943;3,943;3,943;3,854;3,854;3,766;3,766;3,766;3,678;3,591;3,591;3,504;3,418;3,418;3,418;3,418;3,333;3,333;3,333;3,333;3,789;4,213
  08/1985;3,333;3,248;3,248;3,248;3,164;3,164;3,164;3,080;3,080;3,080;3,080;3,080;2,997;2,997;2,997;2,997;2,997;2,997;2,997;2,997;2,997;3,164;3,418;3,164;3,080;3,080;3,080;3,206;3,248;3,164;3,504;2,997;3,131;3,504
  09/1985;4,862;5,389;5,536;5,341;5,733;10,205;9,289;6,334;5,100;3,943;3,678;3,504;3,333;3,333;3,248;3,164;3,080;2,915;2,752;2,752;2,915;2,915;2,833;2,997;3,080;2,997;2,915;2,915;2,915;3,080;---;2,752;4,102;10,205
  10/1985;3,080;2,997;2,997;2,915;2,915;2,833;2,752;2,752;2,671;2,591;2,512;2,434;2,356;2,279;2,127;2,052;2,052;2,052;1,978;1,978;2,203;2,127;2,052;1,978;1,978;1,905;1,905;2,833;3,988;5,782;6,132;1,905;2,684;6,132
  11/1985;5,931;5,882;8,016;7,373;6,436;6,082;5,341;4,259;3,504;3,122;2,752;2,591;2,512;2,356;2,279;2,127;1,978;1,905;1,905;1,832;2,317;3,122;4,078;4,213;4,304;5,148;5,005;4,488;4,033;3,547;---;1,832;3,948;8,016
  12/1985;3,122;2,752;4,628;8,288;7,639;6,436;5,293;4,123;3,206;2,833;2,671;2,512;2,434;2,512;3,164;2,997;3,634;4,033;3,766;3,418;3,547;3,418;2,752;2,591;2,752;2,752;4,674;4,674;4,396;4,123;3,678;2,434;3,833;8,288
  01/1986;3,333;3,591;3,418;3,248;2,997;2,752;2,591;2,512;2,434;2,434;2,711;7,586;6,952;4,909;3,418;3,164;3,080;2,915;3,206;3,248;3,038;2,915;3,164;5,052;5,341;5,536;5,683;4,815;4,304;4,304;4,123;2,434;3,831;7,586
  02/1986;3,854;4,213;3,943;3,766;4,957;4,078;3,591;3,766;3,504;4,213;4,304;5,341;4,815;4,396;4,488;5,341;4,815;4,350;9,346;9,859;15,960;12,044;10,554;7,639;5,882;6,284;7,162;8,234;---;---;---;3,504;6,096;15,960
  03/1986;6,334;10,907;11,682;12,044;12,716;11,322;17,554;15,438;11,322;9,120;8,234;7,320;6,693;6,233;6,132;6,031;5,832;5,634;5,832;5,341;4,862;4,581;4,488;4,488;4,396;8,896;6,334;6,031;5,832;8,453;8,234;4,396;8,010;17,554
  04/1986;6,182;5,487;4,721;4,396;4,396;4,304;4,304;4,304;4,304;4,213;4,350;4,768;4,581;5,585;7,532;7,373;6,744;5,634;5,196;4,768;4,396;4,123;3,943;3,854;3,766;3,943;4,488;4,304;4,033;3,943;---;3,766;4,798;7,532
  05/1986;3,766;3,678;3,504;3,333;3,248;3,248;3,678;3,504;3,766;4,304;4,581;4,304;4,535;4,213;4,123;3,854;4,488;4,674;4,862;4,581;4,488;5,438;5,100;4,442;3,943;3,591;4,768;4,123;3,854;3,504;6,334;3,248;4,188;6,334
  06/1986;5,585;4,815;4,396;3,988;3,678;3,591;3,504;3,504;3,418;3,333;3,248;3,164;3,164;3,164;3,080;3,080;2,997;2,915;2,915;2,833;2,833;2,833;2,833;2,752;2,752;2,752;2,752;2,752;2,752;2,752;---;2,752;3,271;5,585
  07/1986;2,752;2,752;2,671;2,752;3,678;3,943;3,504;3,080;2,915;2,833;2,752;2,752;2,752;2,671;2,671;2,671;2,591;2,512;2,512;2,512;2,512;2,591;3,164;3,504;3,333;2,915;2,752;2,671;2,671;2,512;2,512;2,512;2,852;3,943
  08/1986;2,752;2,752;2,671;2,591;2,512;2,434;2,356;2,279;2,279;2,279;2,279;2,203;2,434;2,434;2,356;2,512;2,915;2,997;2,833;2,671;4,259;8,125;7,800;7,908;5,782;5,100;4,259;3,591;3,164;2,915;2,752;2,203;3,426;8,125
  09/1986;2,671;2,591;2,434;2,434;2,356;2,356;2,356;2,356;2,279;2,203;2,052;2,052;2,052;2,052;1,978;1,905;1,905;1,832;1,832;1,832;1,832;1,905;1,905;1,832;1,832;1,832;2,052;2,052;3,290;3,678;---;1,832;2,191;3,678
  10/1986;3,164;2,631;2,279;2,052;1,905;1,905;1,760;1,689;1,619;1,724;2,552;3,248;2,833;2,279;2,052;1,905;1,832;1,760;1,689;1,978;3,080;5,931;7,586;5,882;4,078;3,122;2,671;2,591;2,833;2,512;2,241;1,619;2,754;7,586
  11/1986;2,052;2,052;2,127;2,591;2,752;2,711;2,434;2,434;2,279;2,203;5,981;8,952;6,284;4,674;3,766;3,164;2,752;2,512;2,356;2,279;2,203;2,127;1,978;2,127;1,978;1,905;1,978;2,127;3,248;6,693;---;1,905;3,091;8,952
  12/1986;8,453;15,308;21,288;23,811;22,648;15,373;20,021;24,990;29,081;34,868;24,923;17,455;13,101;10,962;10,271;14,392;17,324;15,650;13,589;12,198;11,020;10,100;16,805;21,828;33,166;30,428;28,414;28,858;22,105;17,194;17,129;8,453;19,444;34,868
  01/1987;15,396;14,144;14,268;14,330;12,557;11,723;10,271;9,704;9,986;9,648;9,648;9,424;10,962;9,648;8,869;8,759;12,798;12,258;10,904;9,256;8,215;7,893;8,979;9,760;22,661;35,806;34,946;29,678;26,945;21,483;19,509;7,893;14,530;35,806
  02/1987;18,774;17,586;15,587;15,018;15,207;15,144;15,270;15,650;12,859;13,651;12,437;13,406;12,437;12,738;13,041;13,284;18,974;15,905;14,455;12,678;11,078;10,385;9,873;9,535;9,424;9,648;9,256;8,541;---;---;---;8,541;13,280;18,974
  03/1987;9,535;11,842;11,842;11,137;9,090;8,432;8,107;9,312;19,308;35,806;37,859;24,708;17,979;14,268;14,020;14,020;13,162;12,557;11,253;12,318;11,723;11,488;10,558;9,873;9,535;9,201;8,979;9,201;9,090;8,759;8,432;8,107;13,335;37,859
  04/1987;8,323;8,215;8,107;9,312;11,253;13,897;13,041;10,788;9,648;9,535;8,650;8,650;8,869;9,535;9,873;8,979;8,215;7,893;7,680;7,786;9,312;9,090;9,090;8,432;7,893;7,680;7,363;7,050;6,843;6,843;---;6,843;8,928;13,897
  05/1987;7,050;6,947;6,843;6,843;8,432;11,137;8,650;8,759;12,919;11,723;11,605;25,281;25,712;18,907;12,557;14,642;15,018;18,907;16,033;19,442;23,432;20,797;17,455;14,767;14,642;13,041;11,960;11,253;12,198;11,488;10,673;6,843;13,842;25,712
  06/1987;10,100;9,760;9,535;9,312;9,201;9,090;9,424;9,873;9,424;9,090;8,650;8,323;8,000;8,432;11,488;13,897;13,651;12,198;10,214;8,979;8,650;8,432;9,201;9,648;8,869;8,432;8,107;7,893;7,680;7,574;---;7,574;9,438;13,897
  07/1987;7,469;7,363;7,363;7,259;7,154;7,154;6,947;6,947;7,363;7,786;7,574;7,154;6,947;6,741;6,536;6,434;6,333;6,333;6,333;6,333;6,232;6,132;6,132;6,032;5,932;5,932;5,932;5,735;5,735;5,636;5,833;5,636;6,606;7,786
  08/1987;6,032;5,932;5,833;5,735;5,538;5,735;6,536;6,132;5,833;5,735;5,538;5,441;5,247;5,151;5,151;5,056;5,056;4,960;4,960;4,960;4,960;4,960;4,960;4,960;4,866;4,771;4,678;4,678;4,584;4,584;4,584;4,584;5,263;6,536
  09/1987;4,492;4,492;4,399;4,399;4,399;4,584;4,866;4,866;4,678;4,492;6,741;6,536;5,441;5,056;4,771;4,492;4,307;4,678;5,833;5,636;6,947;9,535;7,786;7,574;6,232;5,735;5,247;5,151;5,247;4,960;---;4,307;5,452;9,535
  10/1987;4,584;4,678;4,960;4,678;4,399;16,805;14,020;11,842;7,893;5,932;5,247;4,960;4,678;4,584;4,399;4,399;4,399;4,216;4,125;4,492;4,866;4,771;4,678;4,584;4,492;4,399;4,307;4,960;5,056;4,307;3,945;3,945;5,666;16,805
  11/1987;3,503;3,417;3,331;3,331;3,331;3,331;3,417;3,503;3,503;3,503;3,417;3,245;3,245;3,160;4,125;5,344;5,344;4,216;3,767;3,417;4,035;3,945;3,678;3,503;4,307;7,680;11,137;7,154;4,960;4,492;---;3,160;4,278;11,137
  12/1987;3,945;3,678;3,678;4,678;5,538;6,843;9,424;7,154;5,932;9,312;7,363;5,538;6,536;5,247;4,678;4,035;3,856;8,432;14,020;9,873;10,100;9,424;6,741;5,441;4,771;4,399;4,216;4,125;4,492;4,216;4,216;3,678;6,190;14,020
  01/1988;4,216;4,125;3,945;3,767;4,307;9,760;17,064;15,650;15,144;19,846;21,070;17,324;12,437;9,535;7,893;8,541;8,107;8,000;7,050;6,741;8,107;7,680;7,363;6,434;9,090;9,201;8,215;9,090;6,741;5,932;8,000;3,767;9,367;21,070
  02/1988;7,154;8,000;6,741;6,333;8,650;7,469;6,638;6,947;6,843;11,370;13,528;10,788;9,760;9,201;10,443;10,443;11,960;13,041;11,723;18,508;16,546;14,144;9,648;9,312;8,107;8,541;8,432;11,488;8,541;---;---;6,333;10,010;18,508
  03/1988;9,424;16,289;20,252;19,442;18,111;16,805;15,018;11,488;9,986;8,979;8,432;8,107;7,786;7,469;7,154;7,050;9,873;23,292;44,684;48,032;28,340;18,243;14,517;12,678;11,370;10,558;10,214;9,873;9,424;9,090;8,759;7,050;14,863;48,032
  04/1988;8,432;9,201;8,979;8,759;8,650;8,323;8,323;11,370;12,198;9,535;8,541;8,215;12,798;20,117;18,907;13,406;13,774;13,406;15,777;16,934;14,020;12,198;11,137;10,328;9,648;9,312;8,979;8,541;8,650;8,650;---;8,215;11,237;20,117
  05/1988;8,432;8,107;7,786;7,680;9,201;9,873;9,201;8,541;8,000;7,680;7,363;6,947;7,363;8,215;8,323;8,107;8,541;13,284;11,020;9,424;8,650;9,312;11,020;10,443;11,137;9,873;8,979;8,541;8,650;13,284;14,268;6,947;9,266;14,268
  06/1988;12,557;10,558;9,312;11,960;12,198;10,100;9,873;9,090;8,541;8,323;8,107;7,893;7,786;8,107;9,873;8,869;8,215;7,893;7,574;7,363;7,259;7,154;6,947;6,741;6,741;6,947;6,843;6,741;6,638;6,536;---;6,536;8,425;12,557
  07/1988;6,434;6,434;6,333;6,333;6,132;6,032;5,932;5,932;5,932;5,932;5,932;5,833;5,833;5,735;5,735;5,735;5,735;5,735;5,636;5,538;5,538;5,538;5,538;5,538;5,538;5,441;5,344;5,151;5,151;5,151;5,151;5,151;5,740;6,434
  08/1988;5,151;5,056;5,056;5,056;5,056;5,056;4,960;4,960;4,866;4,866;4,771;4,771;4,771;4,771;4,771;4,771;4,678;4,584;4,399;4,399;4,399;4,399;4,399;4,307;4,216;4,125;4,035;4,035;4,035;3,945;3,856;3,856;4,597;5,151
  09/1988;3,856;3,856;3,856;3,856;3,767;3,678;3,678;3,503;3,503;3,417;3,331;3,331;3,245;3,245;3,417;3,678;4,307;5,833;6,638;4,866;4,216;3,856;3,591;3,503;3,417;3,331;3,245;3,160;2,992;2,992;---;2,992;3,772;6,638
  10/1988;2,992;2,909;3,160;3,331;4,035;4,035;3,945;3,767;3,503;3,245;2,992;4,125;8,000;6,032;4,960;4,216;4,216;4,866;7,469;10,443;8,759;8,432;10,328;7,786;6,638;8,650;11,137;9,201;7,469;6,434;6,638;2,909;5,926;11,137
  11/1988;8,650;10,328;8,107;7,050;6,947;6,638;5,344;5,735;5,151;4,492;4,125;5,441;5,344;5,735;5,932;4,492;4,125;3,945;4,035;4,584;4,960;4,771;5,441;4,678;3,945;3,856;5,932;5,636;5,056;4,216;---;3,856;5,490;10,328
  12/1988;3,945;3,945;3,945;3,678;3,591;3,331;3,160;3,076;2,992;2,992;2,992;4,960;4,678;4,866;4,960;4,678;3,678;3,160;3,076;3,076;10,788;10,788;8,759;8,000;7,259;8,215;9,201;8,650;7,893;7,469;9,535;2,992;5,527;10,788
  01/1989;6,536;5,538;4,960;8,323;9,873;14,268;18,641;17,194;20,524;21,208;22,313;18,243;14,020;12,919;12,678;16,417;19,577;18,243;12,798;10,328;11,253;11,605;14,642;16,033;13,897;9,873;8,759;8,000;8,323;7,469;7,050;4,960;12,952;22,313
  02/1989;6,638;6,232;8,759;10,328;10,328;9,873;9,424;8,759;29,081;30,729;26,727;25,712;20,660;17,455;15,777;14,767;14,392;12,678;11,137;10,558;12,198;11,488;10,788;9,648;11,960;10,904;9,760;9,424;---;---;---;6,232;13,792;30,729
  03/1989;15,144;19,846;22,174;16,161;11,488;10,100;9,873;9,535;9,535;8,979;8,541;8,000;7,786;9,873;9,201;8,869;8,541;8,000;7,893;8,107;7,363;7,050;6,843;6,741;6,638;6,741;7,050;7,050;9,090;7,893;7,363;6,638;9,596;22,174
  04/1989;7,363;8,432;8,650;7,680;6,947;6,536;6,132;6,741;6,741;6,434;6,536;7,786;7,363;6,638;6,032;5,735;5,932;5,735;6,434;6,132;5,735;5,441;5,247;5,151;4,960;4,866;4,771;4,771;4,678;4,584;---;4,584;6,206;8,650
  05/1989;4,584;4,678;4,584;4,771;6,132;6,032;5,833;5,735;5,344;4,960;4,771;4,584;4,584;4,492;4,399;4,307;4,125;4,035;4,035;4,035;4,035;4,035;3,945;3,945;3,945;4,399;4,307;4,307;4,307;4,216;4,125;3,945;4,567;6,132
  06/1989;4,035;3,945;3,856;3,767;3,767;3,678;3,678;3,678;3,767;3,767;4,960;6,434;5,344;4,584;4,125;4,125;4,125;4,035;3,945;3,856;3,591;3,503;3,503;3,417;4,125;4,678;4,216;3,945;3,767;3,767;---;3,417;4,066;6,434
  07/1989;3,591;3,591;3,503;3,417;3,417;3,417;3,331;3,331;3,331;3,245;3,160;3,160;3,160;3,076;3,076;3,076;3,076;2,992;2,992;2,992;2,992;2,992;2,992;2,992;2,992;2,992;3,076;6,741;7,050;9,760;15,777;2,992;4,042;15,777
  08/1989;12,139;8,323;5,932;5,199;4,538;4,216;3,945;3,767;3,678;3,503;3,417;3,417;3,331;3,245;3,160;3,160;3,076;3,076;3,076;2,992;2,909;3,076;3,547;3,591;3,591;4,913;4,584;4,960;4,216;3,678;3,503;2,909;4,186;12,139
  09/1989;3,331;3,591;3,503;3,245;3,076;3,245;3,245;3,160;3,767;4,771;4,125;3,591;4,216;4,771;4,960;4,399;3,678;3,417;3,245;2,992;2,909;2,663;2,582;2,502;2,502;2,663;3,503;4,035;3,678;3,160;---;2,502;3,484;4,960
  10/1989;2,992;2,744;2,582;2,343;2,343;2,343;2,265;2,265;2,188;2,111;2,035;2,035;2,343;2,343;2,343;2,265;2,188;2,111;1,959;1,885;1,885;1,885;1,885;1,738;1,665;1,665;1,738;1,738;1,665;1,665;1,665;1,665;2,093;2,992
  11/1989;1,665;1,665;1,665;1,959;2,111;2,188;2,111;1,811;1,665;2,582;2,785;4,307;8,215;6,485;3,856;2,909;2,462;2,663;2,909;2,992;3,811;6,689;4,771;3,856;4,307;3,811;3,460;9,035;10,100;7,786;---;1,665;3,888;10,100
  12/1989;5,247;4,584;3,945;3,547;2,992;2,502;2,422;2,188;2,111;2,149;2,188;2,304;8,814;16,417;15,018;8,869;5,982;4,866;4,771;5,056;5,151;4,866;4,216;3,076;3,076;3,076;4,035;5,636;5,344;6,082;8,814;2,111;5,140;16,417
  01/1990;19,241;46,350;47,837;36,874;28,472;23,333;20,150;17,301;14,583;13,061;14,967;15,934;17,629;17,498;13,883;12,185;11,072;10,157;11,565;9,194;8,599;9,433;10,827;9,493;8,363;7,660;7,428;7,428;6,852;6,509;6,283;6,283;15,812;47,837
  02/1990;5,833;6,170;5,833;5,498;5,277;6,170;6,170;5,833;6,226;6,623;6,966;7,139;7,312;7,544;7,196;6,113;5,610;5,167;4,948;4,622;4,514;4,514;4,514;6,623;7,544;7,952;7,428;8,422;---;---;---;4,514;6,206;8,422
  03/1990;8,599;7,312;6,852;6,509;8,363;7,544;6,966;8,718;9,194;8,010;6,852;10,522;9,794;8,245;6,396;5,721;5,610;6,283;7,776;8,010;9,794;11,134;9,794;9,433;10,278;8,245;6,966;6,170;6,283;7,312;6,396;5,610;7,906;11,134
  04/1990;5,833;5,277;5,057;4,839;4,622;4,406;4,299;4,514;9,553;5,945;5,057;4,730;4,514;4,406;4,299;4,192;4,192;4,514;5,057;6,057;5,498;4,948;4,730;4,514;4,192;3,980;3,874;3,874;3,769;3,980;---;3,769;4,824;9,553
  05/1990;4,514;5,167;5,833;5,610;5,498;5,277;5,277;5,057;4,948;4,514;4,406;4,622;4,514;4,406;4,299;5,057;5,498;7,544;6,852;5,610;4,948;4,622;4,406;4,086;4,086;3,980;3,874;3,874;3,664;3,560;3,456;3,456;4,808;7,544
  06/1990;3,456;3,456;3,456;3,353;3,353;3,353;3,353;3,353;3,353;3,353;3,353;3,250;3,250;3,250;3,353;3,250;3,250;3,147;3,147;3,147;3,250;3,250;3,250;3,147;3,147;3,147;3,250;3,250;3,147;3,045;---;3,045;3,271;3,456
  07/1990;3,045;3,045;3,045;3,045;3,250;3,456;3,250;3,250;3,147;3,250;3,250;3,250;3,147;3,147;3,045;3,045;5,003;7,776;9,975;11,380;9,134;6,623;5,610;5,003;4,514;4,192;3,874;3,980;3,980;3,769;3,560;3,045;4,485;11,380
  08/1990;3,353;3,250;3,250;3,147;3,147;3,045;3,045;3,045;2,943;2,943;2,842;2,842;2,842;2,842;2,742;2,742;3,198;4,948;4,839;4,730;4,894;4,246;3,874;3,769;3,612;3,250;3,508;4,299;4,299;3,874;3,664;2,742;3,517;4,948
  09/1990;3,927;5,777;4,246;3,664;3,560;3,456;3,456;3,560;3,353;3,353;3,147;2,842;3,045;4,568;5,833;4,730;4,139;3,353;3,045;2,842;2,842;2,842;3,198;3,250;3,250;3,147;2,943;2,842;2,742;2,642;---;2,642;3,520;5,833
  10/1990;2,642;3,664;4,514;4,406;4,139;3,874;3,664;3,250;3,045;2,842;2,742;2,642;4,948;3,822;3,096;3,822;4,568;4,192;3,874;7,428;7,312;5,443;4,299;3,560;3,353;3,198;2,842;2,742;2,742;2,543;2,543;2,543;3,798;7,428
  11/1990;2,543;2,792;3,250;2,842;2,842;3,250;3,250;3,250;3,769;3,664;3,353;3,147;2,842;2,742;2,543;2,444;2,248;2,151;2,248;2,592;2,444;2,248;2,394;2,842;2,842;2,742;2,543;2,345;2,248;2,054;---;2,054;2,749;3,769
  12/1990;1,958;1,863;1,863;1,769;1,863;1,958;1,863;1,863;1,863;1,863;3,980;8,540;7,602;7,196;8,304;7,660;5,277;3,560;3,664;7,835;5,222;3,769;3,198;2,994;3,456;2,943;2,842;2,742;2,642;2,742;2,642;1,769;3,791;8,540
  01/1991;2,543;2,345;2,248;5,498;7,952;5,945;4,785;3,508;2,943;3,045;4,086;7,428;6,339;7,081;7,370;14,647;14,073;10,461;7,952;5,945;5,332;4,622;4,299;3,980;3,769;12,435;22,106;22,310;17,498;10,950;8,540;2,248;7,808;22,310
  02/1991;10,218;11,134;9,553;8,718;10,278;9,373;12,061;14,455;11,565;12,061;20,486;15,998;12,873;10,157;8,481;7,776;7,428;7,952;18,950;25,745;17,301;10,766;8,896;8,010;7,254;6,623;6,396;6,057;---;---;---;6,057;11,306;25,745
  03/1991;6,170;11,134;9,855;8,599;9,433;10,036;14,391;17,498;14,455;12,248;11,257;13,061;13,756;16,844;15,160;12,873;10,036;8,422;7,893;8,599;8,836;14,010;11,689;9,553;8,363;11,442;13,566;23,812;32,239;35,198;30,525;6,170;13,902;35,198
  04/1991;26,092;20,754;16,844;14,519;13,124;12,372;11,380;11,011;11,565;10,888;10,036;9,433;9,194;9,553;9,313;8,955;8,599;8,481;8,481;8,481;8,069;7,660;7,428;7,196;16,518;29,036;29,036;23,264;17,695;13,124;---;7,196;13,270;29,036
  05/1991;11,503;10,278;9,493;9,074;8,718;8,481;8,481;9,915;9,614;9,134;8,658;8,186;7,893;7,776;8,955;11,999;10,278;9,015;8,186;7,776;7,660;7,428;7,196;6,966;6,852;6,509;6,509;6,396;6,396;6,283;6,283;6,283;8,319;11,999
  06/1991;6,170;6,057;6,057;6,057;5,833;5,721;5,610;5,610;5,610;5,498;5,498;5,498;5,388;5,388;5,388;5,388;5,277;5,167;5,057;5,057;4,948;5,443;6,057;6,737;9,674;7,952;6,852;5,945;5,721;5,833;---;4,948;5,883;9,674
  07/1991;5,498;5,388;5,277;4,948;4,948;4,839;4,839;4,839;4,622;4,406;4,948;5,833;5,833;5,610;5,167;5,057;4,839;4,839;4,622;4,514;4,406;4,192;4,086;3,980;3,980;3,980;3,874;3,874;3,874;3,769;3,769;3,769;4,666;5,833
  08/1991;3,664;3,664;3,664;3,664;3,664;3,664;3,664;3,664;3,664;3,560;3,560;3,560;3,456;3,250;3,250;3,250;3,147;3,147;3,147;3,045;3,045;2,943;2,943;2,842;2,842;2,842;2,742;2,642;2,642;2,642;2,642;2,642;3,230;3,664
  09/1991;2,642;2,642;2,742;2,642;2,642;2,543;2,444;2,444;2,345;2,345;2,345;2,248;2,248;2,248;2,248;2,248;2,248;2,248;2,692;3,045;2,943;2,842;2,742;2,642;2,543;2,543;2,792;3,045;4,948;8,718;---;2,248;2,834;8,718
  10/1991;15,546;13,124;12,622;8,481;6,113;9,734;18,024;16,258;13,503;13,376;11,689;9,734;7,139;6,057;5,112;4,568;4,192;4,894;4,460;5,665;4,730;4,406;3,927;3,560;3,250;3,147;3,147;3,045;2,943;2,842;2,742;2,742;7,356;18,024
  11/1991;3,147;4,353;5,277;4,622;3,769;3,250;3,045;2,943;3,717;4,514;4,406;3,612;4,139;5,277;4,514;3,717;2,842;2,692;2,444;2,248;2,151;2,151;2,151;2,054;2,054;2,054;1,958;1,863;1,863;2,792;---;1,863;3,187;5,277
  12/1991;2,943;2,742;2,543;2,345;2,054;1,958;2,642;3,147;6,680;13,756;18,619;16,518;6,057;5,498;5,167;5,222;5,443;6,226;11,318;16,323;11,195;7,835;6,852;6,453;5,721;5,388;5,945;17,170;15,804;13,187;8,599;1,958;7,785;18,619
  01/1992;8,422;6,852;6,283;6,057;5,665;5,167;4,839;4,246;3,874;4,086;4,086;3,874;3,769;3,769;5,057;3,980;3,664;3,769;3,664;3,664;3,560;3,980;7,196;6,226;5,610;8,658;5,167;4,139;3,664;3,874;7,196;3,560;4,970;8,658
  02/1992;9,313;7,370;4,894;4,406;4,086;3,980;4,514;10,827;7,428;5,610;4,785;4,086;3,664;3,456;3,353;3,250;3,045;2,842;2,842;3,508;3,560;3,353;3,250;3,147;3,980;6,623;6,794;5,057;4,622;---;---;2,842;4,746;10,827
  03/1992;4,514;4,730;4,622;4,514;4,406;4,948;4,839;4,730;6,226;7,312;6,509;6,283;5,945;5,833;5,443;5,057;6,396;7,486;6,737;5,721;5,498;5,277;5,721;6,170;6,566;6,113;4,785;4,514;4,622;5,332;11,380;4,406;5,749;11,380
  04/1992;15,611;10,157;7,602;6,453;5,332;4,730;4,514;4,192;4,086;3,874;3,769;3,664;3,664;9,015;11,318;8,422;5,777;4,568;3,980;4,514;4,730;4,622;4,622;4,460;4,299;4,299;6,794;6,226;5,167;7,544;---;3,664;5,934;15,611
  05/1992;11,627;10,950;9,134;13,376;13,187;10,096;8,718;7,370;6,396;5,610;5,057;4,730;4,622;5,057;4,948;4,622;4,406;4,299;5,332;6,966;5,833;5,277;5,443;5,057;4,948;4,622;4,406;4,086;3,980;3,980;3,874;3,874;6,387;13,376
  06/1992;3,769;3,769;3,664;3,560;3,456;3,353;3,250;3,250;3,250;3,147;3,147;3,147;3,147;3,147;3,045;3,045;3,045;3,045;3,045;3,045;2,943;2,943;2,943;2,842;2,842;2,842;2,842;2,742;2,742;2,742;---;2,742;3,125;3,769
  07/1992;2,742;2,742;2,642;2,642;2,642;2,642;3,147;4,948;7,602;7,139;6,057;5,003;4,246;3,560;3,250;3,096;2,842;2,742;2,642;2,642;2,642;2,543;2,543;2,543;2,642;2,642;2,543;2,444;2,444;2,444;2,345;2,345;3,314;7,602
  08/1992;2,345;2,345;2,248;2,248;2,248;2,248;2,248;2,151;2,054;2,054;1,958;1,958;1,958;1,958;1,863;1,863;1,769;1,769;1,863;1,863;1,863;2,444;3,198;3,353;3,198;2,742;2,444;2,345;2,248;2,054;2,054;1,769;2,224;3,353
  09/1992;2,054;1,958;1,958;2,054;2,444;2,943;3,664;3,353;2,543;2,151;2,054;2,151;2,842;3,147;5,833;6,509;7,776;9,313;6,737;4,948;3,769;3,045;2,842;2,642;2,444;2,943;3,147;4,192;4,839;3,353;---;1,958;3,655;9,313
  10/1992;2,742;3,508;14,519;10,461;6,852;5,332;6,001;10,461;14,200;10,766;9,794;24,776;36,436;24,500;15,934;9,313;8,245;8,304;7,196;7,196;6,852;5,721;5,388;5,057;4,839;4,460;3,769;8,010;15,740;16,193;13,439;2,742;10,516;36,436
  11/1992;11,011;10,218;8,540;16,518;16,063;9,794;14,519;18,817;15,160;11,503;9,975;8,896;8,245;9,313;8,955;8,245;7,196;7,081;6,680;6,057;5,665;7,602;8,363;8,422;18,156;20,351;16,518;11,627;9,254;7,544;---;5,665;10,876;20,351
  12/1992;8,896;13,250;10,888;8,599;7,660;6,680;6,680;8,955;8,010;11,627;14,519;19,950;17,105;13,692;9,855;8,718;17,761;15,224;19,482;15,288;12,998;11,442;10,339;8,955;8,186;7,544;7,196;6,966;6,509;6,057;5,833;5,833;10,802;19,950
  01/1993;5,777;5,498;6,339;7,254;7,544;6,737;7,081;8,836;11,318;15,869;16,128;14,903;13,313;14,647;9,674;8,363;7,139;7,196;7,081;8,836;13,756;12,248;9,614;8,069;7,952;9,855;13,692;10,827;8,422;8,186;8,481;5,498;9,698;16,128
  02/1993;15,934;11,011;9,015;11,565;22,514;19,017;14,391;13,629;12,873;11,257;10,400;9,855;9,915;10,461;14,200;25,191;23,812;17,761;14,391;12,936;11,999;22,310;21,835;21,835;19,616;18,817;18,288;26,371;---;---;---;9,015;16,114;26,371
  03/1993;24,638;20,284;16,583;19,616;27,068;21,091;17,564;15,998;14,711;13,124;12,435;12,061;11,689;11,442;11,195;11,011;12,061;17,105;16,128;14,264;14,200;16,648;20,083;31,523;33,389;23,538;17,432;14,839;14,264;13,439;12,372;11,011;17,155;33,389
  04/1993;12,372;12,372;12,310;12,061;11,751;14,264;14,647;14,328;15,288;14,073;13,061;12,248;11,751;12,685;12,873;11,503;10,400;9,915;9,674;9,674;9,674;9,855;9,553;12,747;12,998;12,185;10,278;9,553;9,194;8,955;---;8,955;11,741;15,288
  05/1993;8,896;8,836;9,674;14,967;15,031;16,648;14,073;11,937;10,705;9,915;9,313;9,015;8,777;8,836;10,278;10,218;9,553;9,134;8,777;8,481;8,069;7,952;7,776;7,602;7,486;7,428;7,370;7,312;7,254;7,486;13,124;7,254;9,739;16,648
  06/1993;14,967;12,497;9,734;9,194;9,674;12,435;10,888;9,734;9,313;8,836;8,658;8,363;8,186;7,893;7,602;7,428;7,370;8,128;10,339;9,074;8,363;7,718;7,370;7,081;6,966;6,909;6,852;6,794;6,737;6,509;---;6,509;8,720;14,967
  07/1993;6,339;6,001;5,889;5,833;5,833;5,777;5,721;5,721;5,721;5,721;5,721;5,665;5,554;5,498;6,057;6,909;6,623;6,170;5,777;5,443;5,332;5,277;5,222;5,167;5,057;5,003;4,948;4,948;4,948;4,948;4,948;4,948;5,606;6,909
  08/1993;4,894;4,839;4,785;4,730;4,622;4,622;4,568;4,353;4,246;4,192;4,353;4,406;4,299;4,299;4,299;4,192;4,192;4,192;4,192;4,139;4,086;3,980;3,927;4,894;7,660;7,718;6,113;5,332;4,676;4,299;4,086;3,927;4,683;7,718
  09/1993;3,874;3,874;3,874;3,874;3,874;3,874;3,769;4,086;4,785;4,785;5,222;5,388;5,057;4,622;4,406;14,519;12,622;8,777;6,396;5,388;6,283;7,776;9,553;13,187;13,692;11,380;10,950;14,647;11,627;10,766;---;3,769;7,431;14,647
  10/1993;10,400;9,493;9,015;9,313;9,975;11,937;9,614;7,835;6,852;6,226;5,833;5,443;5,057;4,785;4,568;4,514;5,498;5,388;5,112;5,665;5,889;5,057;6,001;7,312;7,660;6,794;11,627;8,186;6,509;5,498;4,730;4,514;7,025;11,937
  11/1993;4,514;4,514;4,299;3,822;3,664;3,612;4,730;5,498;5,003;6,794;5,610;4,246;3,769;3,508;3,404;3,096;2,893;2,893;3,456;2,943;2,842;2,742;2,742;3,456;6,113;8,658;5,665;5,332;4,839;3,980;---;2,742;4,288;8,658
  12/1993;3,769;6,001;5,610;5,332;5,721;4,948;4,622;4,514;3,769;3,822;9,313;6,396;5,057;3,980;3,198;3,198;6,226;10,036;8,069;7,312;6,001;5,057;4,353;3,664;3,664;3,769;5,721;4,299;6,001;11,627;9,313;3,198;5,625;11,627
  01/1994;8,422;6,966;5,889;4,948;4,514;4,246;3,980;3,769;5,498;10,705;12,497;---;---;15,031;13,503;---;---;---;---;---;---;---;---;---;---;---;---;13,946;12,622;---;---;---;---;---
  02/1994;---;---;---;---;---;---;---;---;---;---;---;---;---;---;---;---;---;6,057;5,833;5,277;5,945;7,776;5,945;6,283;5,443;6,680;5,833;5,889;---;---;---;---;---;---
  03/1994;6,113;7,486;8,010;7,196;5,610;4,948;4,676;5,003;5,277;5,721;9,614;14,519;16,258;18,420;19,816;14,328;11,257;8,955;8,599;14,839;15,482;14,200;15,998;12,873;11,195;17,236;14,328;12,248;10,705;10,218;9,855;4,676;10,999;19,816
  04/1994;12,185;11,751;10,036;9,134;8,540;8,010;7,952;8,128;7,486;7,370;7,139;6,852;6,566;8,010;11,999;10,583;8,896;8,304;8,422;8,245;7,776;7,835;8,955;9,493;8,777;8,955;8,010;7,024;6,852;6,623;---;6,566;8,530;12,185
  05/1994;6,453;6,283;5,945;5,721;5,665;5,554;5,388;5,167;5,057;5,003;4,948;4,948;4,948;6,966;11,503;10,644;8,836;7,428;6,794;6,396;5,945;5,889;5,777;5,721;5,610;5,443;6,339;9,915;9,074;8,010;7,196;4,948;6,599;11,503
  06/1994;6,566;6,396;6,283;6,057;5,889;5,777;5,554;5,498;5,498;5,498;5,388;5,332;5,277;5,277;5,222;5,112;5,057;4,894;4,785;4,730;4,622;5,332;8,128;7,024;6,737;7,428;6,566;6,339;6,113;5,610;---;4,622;5,800;8,128
  07/1994;5,388;5,332;5,222;5,112;5,003;4,948;4,948;5,057;5,721;5,721;5,554;5,443;5,277;5,112;4,894;4,785;4,676;4,460;4,353;4,246;4,192;4,192;6,737;8,481;6,566;5,833;5,057;4,460;4,139;4,086;3,980;3,980;5,128;8,481
  08/1994;3,980;3,980;3,874;3,874;3,822;3,769;3,664;3,664;3,508;3,404;3,353;3,353;3,353;3,250;3,250;3,198;3,147;2,994;2,842;2,842;2,842;2,792;2,742;2,692;2,642;2,642;2,642;2,642;2,592;2,543;2,444;2,444;3,172;3,980
  09/1994;2,444;2,444;2,394;2,345;2,296;2,248;2,199;2,151;2,151;2,102;2,054;2,054;2,006;1,863;1,863;1,769;1,769;1,722;1,675;1,675;1,628;1,536;1,399;1,399;1,353;1,263;1,219;1,219;1,219;1,219;---;1,219;1,823;2,444
  10/1994;1,308;1,308;1,308;1,263;1,219;1,219;1,130;1,042;1,042;0,956;0,786;0,786;0,703;0,622;0,622;0,542;1,490;2,493;1,816;1,582;1,353;1,490;1,816;1,863;5,554;5,665;10,400;13,692;11,442;6,794;5,112;0,542;2,852;13,692
  11/1994;3,664;2,943;2,592;2,248;3,927;5,332;9,134;9,134;6,170;4,406;3,822;2,692;2,296;3,096;3,198;2,692;2,543;2,642;5,777;5,498;4,676;3,717;2,792;2,543;2,102;2,006;1,863;1,911;2,792;7,486;---;1,863;3,856;9,134
  12/1994;4,353;3,664;3,717;2,692;2,394;2,493;3,404;3,456;3,250;2,943;2,792;2,943;3,874;3,560;3,250;3,096;7,254;24,638;24,156;16,648;9,855;17,301;30,382;25,953;17,564;13,566;11,999;11,751;10,036;8,777;10,096;2,394;9,415;30,382
  01/1995;8,955;9,794;12,936;15,353;19,883;22,310;18,552;14,328;11,937;10,827;12,497;11,195;9,493;9,015;10,950;8,481;7,602;6,966;7,602;6,623;6,339;6,566;6,623;6,283;5,665;5,167;5,167;8,245;8,245;8,128;9,015;5,167;10,024;22,310
  02/1995;11,195;8,481;10,766;23,538;32,382;30,738;27,488;29,248;30,098;33,317;26,789;22,242;19,216;19,017;22,650;20,150;24,225;18,156;48,065;44,588;37,167;42,789;30,596;24,087;21,632;19,682;18,354;17,498;---;---;---;8,481;25,506;48,065
  03/1995;18,024;18,354;18,090;17,629;16,648;15,611;15,031;15,804;15,031;16,128;15,611;15,482;15,675;16,388;15,482;17,564;17,629;15,675;13,756;13,187;13,756;13,313;12,685;14,073;16,583;16,193;15,160;13,124;12,310;25,052;36,582;12,310;16,504;36,582
  04/1995;30,382;33,461;24,500;20,419;17,958;16,518;15,740;15,417;15,224;16,974;15,482;14,647;15,675;15,160;14,264;13,439;12,873;12,497;12,310;12,372;14,391;15,095;14,073;12,560;12,123;11,565;11,380;11,072;11,011;10,888;---;10,888;15,649;33,461
  05/1995;10,766;10,583;10,400;10,096;9,915;10,157;10,705;14,967;12,248;12,435;17,170;14,137;12,248;11,380;10,888;10,461;10,218;9,975;9,674;9,493;9,433;9,614;9,433;9,134;9,074;9,015;8,896;8,836;8,777;8,718;8,599;8,599;10,563;17,170
  06/1995;8,422;8,245;8,245;8,186;8,128;8,069;7,893;7,835;7,776;7,776;7,776;7,718;7,602;7,486;7,428;7,428;7,486;8,010;8,777;8,599;8,186;7,952;7,893;7,835;8,836;8,599;8,422;8,128;7,893;7,660;---;7,428;8,010;8,836
  07/1995;7,370;7,254;7,139;7,081;7,081;6,909;6,852;6,966;9,194;12,998;13,187;10,461;8,836;8,069;7,835;7,544;7,312;7,196;6,852;6,680;6,794;12,061;9,493;8,010;7,312;7,024;6,852;6,623;6,566;6,453;6,113;6,113;7,939;13,187
  08/1995;6,057;6,057;6,057;6,170;6,057;5,945;5,833;5,721;5,554;5,498;5,498;5,388;5,388;5,277;5,277;5,112;5,057;5,057;5,057;5,057;5,057;4,948;4,894;4,730;4,622;4,622;4,622;4,568;4,353;4,246;4,192;4,192;5,225;6,170
  09/1995;4,192;4,192;4,139;4,033;3,980;3,980;3,927;3,874;3,874;3,874;3,822;3,769;3,664;3,664;3,664;3,612;3,560;3,769;6,623;6,852;6,794;5,777;5,112;5,003;5,388;5,388;6,170;6,001;11,257;9,313;---;3,560;4,976;11,257
  10/1995;8,245;6,966;5,222;4,353;3,822;3,456;3,301;3,198;3,045;2,792;2,592;2,248;3,045;7,660;11,937;10,888;14,137;17,105;13,503;10,218;15,804;13,756;11,134;7,952;6,680;5,610;4,894;4,460;4,948;6,453;9,493;2,248;7,384;17,105
  11/1995;8,658;7,196;6,453;5,889;5,554;5,057;4,299;5,057;6,057;4,785;3,927;3,927;3,980;4,568;8,069;12,123;8,955;6,339;5,167;4,676;4,192;3,980;3,612;4,353;5,003;3,927;3,508;3,874;4,033;3,612;---;3,508;5,361;12,123
  12/1995;3,508;3,404;3,301;3,147;3,045;2,943;2,893;2,792;2,592;2,543;2,444;2,692;6,453;8,836;6,966;5,443;3,822;3,769;3,874;4,139;3,769;3,980;3,822;3,717;8,658;9,614;7,776;9,313;11,257;13,946;13,503;2,444;5,418;13,946
  01/1996;13,313;15,160;22,650;29,036;21,294;20,016;24,983;27,418;30,098;29,531;27,278;21,496;14,010;11,813;10,583;10,096;9,794;9,433;12,873;11,442;17,236;11,627;9,855;9,134;8,718;9,074;8,718;8,245;7,893;7,544;7,312;7,312;15,409;30,098
  02/1996;7,196;6,909;11,134;13,250;12,372;13,692;15,353;16,518;11,689;11,689;15,869;17,564;13,946;12,435;10,278;9,254;8,718;8,481;17,761;15,546;12,873;12,560;10,096;9,734;9,373;9,254;9,373;20,956;15,482;---;---;6,909;12,392;20,956
  03/1996;12,622;13,692;13,250;14,775;16,323;14,519;17,236;20,083;31,881;24,569;19,349;14,711;13,376;12,998;12,123;12,936;15,546;16,518;17,827;15,934;12,560;12,248;12,123;16,909;16,193;12,560;10,461;9,855;12,123;11,318;10,583;9,855;15,071;31,881
  04/1996;10,400;9,855;9,313;8,836;8,836;8,836;8,718;8,718;8,777;8,540;9,433;9,493;11,318;11,195;9,915;9,194;14,455;17,432;13,124;10,157;9,254;8,718;8,245;7,835;7,486;7,254;7,139;7,024;6,966;6,909;---;6,909;9,446;17,432
  05/1996;6,852;6,737;6,680;6,566;6,509;6,396;6,283;6,057;5,945;5,945;6,509;6,339;6,170;6,001;5,833;7,370;8,718;7,718;6,794;6,339;6,226;6,396;6,794;6,339;6,057;5,889;5,665;5,443;5,332;5,222;5,167;5,167;6,332;8,718
  06/1996;5,167;5,167;5,167;5,003;4,948;5,003;5,167;5,057;5,003;4,948;4,676;4,568;4,460;4,406;4,353;4,299;4,299;4,246;4,033;3,980;3,980;3,927;3,874;3,874;3,874;3,874;3,874;5,277;5,833;5,665;---;3,874;4,600;5,833
  07/1996;5,277;5,057;4,948;4,894;4,839;4,568;4,353;4,139;4,033;3,980;3,927;3,874;3,769;3,717;3,664;3,664;3,664;3,612;3,560;3,560;3,508;3,456;3,404;3,353;3,353;3,250;3,250;3,404;3,456;3,353;3,353;3,250;3,879;5,277
  08/1996;3,250;3,096;3,045;2,994;2,943;2,842;2,842;2,792;2,742;3,456;5,554;5,498;5,003;4,894;15,353;9,074;4,730;3,769;3,612;3,353;3,147;3,096;3,045;2,943;2,893;2,792;2,592;2,543;2,493;2,444;2,345;2,345;3,909;15,353
  09/1996;2,444;2,842;3,456;9,015;9,254;9,134;7,544;7,370;12,873;18,090;24,156;25,260;17,892;11,257;9,373;7,370;6,339;6,001;5,777;5,332;4,948;4,676;4,460;4,353;4,460;4,622;4,568;4,460;4,353;4,192;---;2,444;8,196;25,260
  10/1996;4,139;4,033;9,855;15,611;8,540;6,453;6,057;5,833;5,443;5,167;7,196;6,001;5,277;6,057;6,852;6,057;5,889;5,443;5,057;4,948;6,737;6,566;6,283;5,498;4,948;6,339;7,081;5,388;4,353;3,874;3,769;3,769;6,153;15,611
  11/1996;4,246;5,167;9,493;11,195;10,644;9,015;6,909;6,113;5,498;5,332;5,222;4,948;4,730;5,222;5,610;7,081;7,254;14,137;18,685;25,260;27,278;26,510;23,059;21,564;19,616;16,648;13,756;11,937;10,888;9,074;---;4,246;11,736;27,278
  12/1996;7,776;8,540;11,011;9,674;9,313;8,186;9,313;12,685;9,194;7,428;7,544;16,063;19,282;28,190;21,361;15,288;12,248;11,442;9,614;8,896;9,553;9,614;24,500;20,754;14,010;11,813;10,461;9,553;17,695;27,839;19,017;7,428;13,479;28,190
  01/1997;14,583;13,061;11,875;10,644;10,096;9,614;9,194;9,074;10,036;8,777;11,999;10,644;10,036;10,036;10,583;9,794;9,553;9,194;9,015;9,734;10,522;10,461;13,629;26,649;39,225;30,169;21,970;26,231;24,225;21,632;21,429;8,777;14,635;39,225
  02/1997;22,923;18,420;15,417;14,328;12,685;11,751;10,888;10,705;11,503;11,442;11,318;11,011;10,766;10,461;10,157;10,522;18,751;17,301;13,313;11,689;21,632;14,328;11,689;10,888;12,248;18,619;16,323;13,061;---;---;---;10,157;13,719;22,923
  03/1997;11,257;10,339;9,855;14,073;11,257;16,844;16,193;14,073;12,873;11,999;9,794;9,734;9,614;9,373;9,975;9,493;9,074;8,718;8,304;8,245;8,304;8,245;7,893;7,660;7,196;6,966;6,852;6,794;6,737;6,623;7,660;6,623;9,742;16,844
  04/1997;9,015;10,218;9,194;8,245;7,602;7,370;7,081;6,566;6,283;6,170;6,113;6,057;5,777;5,665;5,610;5,554;5,498;6,339;6,396;6,396;6,623;6,283;7,486;7,081;7,081;6,680;6,057;5,721;5,443;5,277;---;5,277;6,696;10,218
  05/1997;5,112;5,057;5,003;4,948;4,839;4,676;4,568;4,514;4,514;4,514;4,676;4,676;4,460;4,406;4,406;4,406;4,839;5,498;5,222;4,730;4,514;4,406;5,332;5,554;10,583;11,875;8,599;6,794;6,396;5,665;5,332;4,406;5,488;11,875
  06/1997;5,222;5,112;4,948;4,948;9,254;14,647;11,380;8,186;6,623;5,945;5,665;6,283;6,453;6,226;11,380;19,816;15,934;11,875;9,134;9,553;10,278;8,836;7,428;6,737;6,453;6,170;6,001;5,889;5,665;5,610;---;4,948;8,255;19,816
  07/1997;5,554;5,332;5,167;5,112;5,057;4,948;4,894;4,785;4,676;4,568;4,514;4,514;4,460;4,406;4,406;4,406;4,299;4,299;4,299;4,246;4,730;6,170;5,610;5,057;4,622;4,353;4,246;4,139;4,033;3,927;3,822;3,822;4,666;6,170
  08/1997;3,769;3,769;3,769;3,717;3,664;3,664;3,664;3,664;3,664;3,664;3,612;3,560;3,456;3,404;3,301;3,250;3,250;3,045;2,893;2,742;2,742;2,742;2,642;2,842;3,980;3,874;3,456;3,096;2,943;2,842;2,792;2,642;3,338;3,980
  09/1997;2,592;2,493;2,296;2,248;2,248;2,248;2,248;2,248;2,248;2,199;2,054;1,911;1,863;2,994;7,776;5,721;4,406;3,508;3,147;3,096;5,777;5,388;4,086;3,456;3,096;3,045;3,045;2,943;2,943;4,299;---;1,863;3,254;7,776
  10/1997;6,057;5,554;4,622;3,404;3,096;2,994;3,508;3,560;3,301;2,742;2,493;2,199;2,054;1,958;1,911;2,248;3,045;2,943;2,842;3,250;5,112;6,001;5,443;3,301;2,493;3,560;4,568;4,406;3,980;3,560;4,839;1,911;3,582;6,057
  11/1997;4,192;3,612;3,250;3,045;3,456;5,665;3,980;3,250;2,943;2,742;2,199;1,863;1,863;1,958;3,560;5,388;7,196;12,560;12,123;9,373;7,139;12,873;11,318;10,096;12,685;9,015;8,836;10,705;10,644;9,553;---;1,863;6,569;12,873
  12/1997;8,245;8,777;13,187;15,224;20,284;14,903;11,134;11,565;9,015;7,602;6,566;5,945;6,001;7,776;10,705;10,036;8,069;7,428;8,010;6,226;6,113;6,339;5,777;5,610;6,113;6,680;5,554;5,443;8,599;5,057;4,785;4,785;8,476;20,284
  01/1998;4,676;6,680;5,222;4,246;4,139;7,254;10,461;11,318;12,248;9,915;15,417;9,975;7,718;6,001;5,498;6,283;10,339;9,674;9,373;13,819;12,248;10,218;7,196;6,509;8,481;6,509;5,721;5,167;5,443;5,665;5,388;4,139;8,026;15,417
  02/1998;5,277;5,167;5,057;6,680;8,481;7,312;6,566;6,680;8,718;8,540;11,380;10,400;7,893;7,428;9,614;16,713;19,482;11,937;8,836;7,428;7,196;11,257;10,583;11,937;11,627;11,318;15,095;14,583;---;---;---;5,057;9,757;19,482
  03/1998;12,622;12,061;10,766;9,975;12,123;9,074;8,836;7,718;7,428;7,312;6,966;6,339;7,254;7,081;7,370;7,139;6,680;6,057;5,833;5,610;5,833;7,602;7,893;7,196;11,257;10,888;10,157;10,522;11,875;11,072;8,658;5,610;8,619;12,622
  04/1998;8,128;7,312;6,623;6,057;5,777;5,554;5,222;5,277;5,554;5,554;5,443;5,222;5,057;4,839;4,676;4,460;4,568;5,721;6,170;5,721;5,277;4,839;4,460;4,353;4,730;4,460;4,406;5,388;9,134;7,428;---;4,353;5,580;9,134
  05/1998;6,909;6,001;5,388;6,794;11,072;8,481;7,139;6,170;5,554;5,112;4,839;4,514;4,406;4,246;4,086;4,460;4,622;4,514;4,353;4,299;4,086;3,874;3,874;3,874;3,822;3,769;7,718;9,614;7,776;11,813;9,794;3,769;5,902;11,813
  06/1998;7,952;6,396;5,610;5,222;5,003;4,839;4,568;4,353;4,246;4,086;3,980;3,980;3,980;3,980;3,927;3,874;3,769;3,769;3,769;4,192;4,192;4,139;3,927;3,769;4,086;4,033;3,874;3,769;3,664;3,664;---;3,664;4,354;7,952
  07/1998;3,664;3,664;3,612;3,456;3,353;3,250;3,198;3,147;3,147;3,147;3,147;3,045;3,045;2,943;2,893;2,842;2,792;2,742;2,742;3,096;3,250;3,096;2,893;2,842;2,792;2,742;2,742;2,642;2,642;2,543;2,444;2,444;3,018;3,664
  08/1998;2,394;2,444;2,642;2,592;2,642;2,792;2,642;2,642;2,742;2,692;2,592;2,543;2,444;2,394;2,199;2,102;2,006;1,911;1,675;1,675;1,675;1,582;1,582;1,769;1,722;1,536;1,490;1,490;1,490;1,490;1,490;1,490;2,099;2,792
  09/1998;1,444;1,353;1,263;1,219;1,353;1,628;1,958;1,958;2,199;2,199;1,958;1,816;1,769;1,675;1,582;1,536;1,490;1,490;2,006;2,543;2,994;2,792;2,493;2,054;1,769;1,675;1,490;1,582;1,722;2,054;---;1,219;1,835;2,994
  10/1998;2,296;3,612;2,893;3,250;7,081;6,283;4,785;5,332;16,323;16,713;11,318;10,157;7,893;6,001;6,113;5,112;5,112;7,254;5,610;4,948;4,086;3,560;3,096;2,994;2,943;3,769;7,602;7,312;6,509;5,277;5,277;2,296;6,146;16,713
  11/1998;5,003;4,406;4,139;5,057;4,622;3,822;3,404;3,096;3,612;3,980;3,927;4,622;3,717;3,927;4,033;3,822;3,456;3,198;2,994;2,692;2,394;2,248;2,102;2,054;1,769;1,628;2,642;4,948;4,406;3,717;---;1,628;3,515;5,057
  12/1998;2,842;2,444;2,054;1,722;5,498;8,718;7,024;5,443;4,299;8,777;21,632;26,231;17,301;12,560;11,257;9,254;8,245;11,195;9,794;7,196;6,396;5,945;6,057;7,718;10,096;15,288;19,883;19,816;12,622;17,761;15,095;1,722;10,328;26,231
  01/1999;9,674;10,827;18,420;14,200;12,248;40,556;---;46,927;38,194;27,629;23,881;24,362;21,294;21,361;45,718;62,511;42,205;33,440;26,300;22,410;20,673;18,699;17,082;17,082;17,082;17,082;25,817;19,157;17,468;18,309;30,364;---;---;---
  02/1999;32,936;26,855;20,077;17,274;15,997;16,251;16,506;15,553;15,553;17,984;17,726;15,490;14,299;14,175;13,556;12,759;12,637;12,515;12,151;14,362;15,490;17,082;16,506;12,881;14,113;17,210;14,799;15,553;---;---;---;12,151;16,368;32,936
  03/1999;15,806;13,927;12,515;11,849;11,849;11,729;11,729;11,729;10,596;10,008;19,945;27,620;16,761;13,433;11,609;11,011;10,125;9,950;9,950;9,891;9,833;10,419;11,130;21,940;18,309;13,494;17,210;10,184;9,775;9,426;9,022;9,022;12,993;27,620
  04/1999;9,137;11,249;10,067;9,426;9,080;9,426;8,965;9,368;9,137;8,622;8,168;7,999;7,718;7,662;9,426;12,030;11,849;10,008;9,137;8,622;8,224;7,886;7,662;7,606;7,384;7,273;6,942;6,887;6,614;6,505;---;6,505;8,669;12,030
  05/1999;6,397;6,343;6,343;6,343;6,289;6,127;9,716;10,478;8,850;7,495;6,997;6,723;6,614;6,505;6,289;6,235;6,127;6,127;6,074;5,967;5,753;5,700;5,700;5,700;5,700;5,700;5,700;5,700;5,594;6,778;7,052;5,594;6,552;10,478
  06/1999;6,614;6,074;5,860;5,753;5,700;5,753;5,913;5,913;5,807;5,807;5,753;5,647;5,647;6,614;12,820;9,542;7,273;6,289;5,913;6,887;11,669;9,484;7,942;6,942;6,235;5,860;5,647;5,489;5,436;5,384;---;5,384;6,722;12,820
  07/1999;5,279;5,070;5,070;5,018;4,914;4,760;4,708;4,606;4,555;4,504;4,453;4,402;4,301;4,128;4,016;4,016;4,016;4,016;4,016;3,942;3,832;3,796;3,796;3,796;3,796;3,796;3,688;3,581;3,581;3,581;3,581;3,581;4,213;5,279
  08/1999;3,581;3,581;3,546;3,510;3,510;3,475;3,440;3,406;3,337;3,234;3,167;3,167;3,133;3,100;3,100;3,100;3,100;3,100;3,100;3,066;3,033;3,033;3,000;2,870;2,711;2,648;2,648;2,648;2,617;2,586;2,586;2,586;3,101;3,581
  09/1999;2,525;2,374;2,285;2,285;2,285;2,256;2,227;2,198;2,838;5,542;5,807;4,606;4,301;3,942;4,091;5,070;4,204;3,616;3,337;3,200;3,033;2,935;2,806;2,742;2,525;2,374;2,285;2,256;2,169;2,112;---;2,112;3,141;5,807
  10/1999;2,112;2,112;2,285;2,314;2,285;2,256;2,227;2,314;2,464;2,464;2,433;2,314;2,285;2,083;1,917;1,863;1,809;2,083;2,256;2,198;2,083;1,972;1,890;1,863;1,809;1,756;1,783;2,055;2,285;2,227;2,027;1,756;2,123;2,464
  11/1999;1,917;1,863;1,809;1,836;1,972;2,227;2,227;2,227;2,285;2,494;2,711;2,774;5,279;7,439;6,020;4,241;3,302;2,586;2,374;2,285;2,227;2,198;2,000;1,944;2,198;2,198;2,198;2,112;2,112;2,027;---;1,809;2,703;7,439
  12/1999;2,000;2,000;1,972;2,227;7,495;4,606;4,863;3,616;6,127;7,439;21,538;18,699;13,248;14,175;13,865;10,067;7,439;5,807;4,760;4,204;3,724;3,371;3,302;3,440;3,510;3,406;3,371;3,581;3,942;3,546;3,406;1,972;6,282;21,538
  01/2000;6,505;12,881;20,540;19,288;31,717;27,830;22,814;17,532;13,126;10,833;10,184;7,830;10,833;12,759;9,368;8,508;7,718;7,218;6,505;6,074;5,753;5,279;5,018;4,914;5,489;24,035;16,187;10,952;8,168;7,162;6,723;4,914;11,927;31,717
  02/2000;15,553;14,113;11,309;8,508;8,565;8,111;7,052;6,997;9,600;13,433;19,879;24,992;23,695;22,680;15,933;12,515;12,030;10,952;9,833;9,080;8,622;8,394;8,337;8,111;7,886;8,394;8,736;8,281;8,679;---;---;6,997;11,733;24,992
  03/2000;10,655;8,451;7,551;7,107;6,833;6,560;6,235;6,833;6,669;7,273;8,850;8,281;7,328;6,560;6,289;6,181;7,218;7,495;7,052;6,560;6,560;8,565;9,137;8,281;8,111;7,662;9,022;11,909;15,364;12,942;11,970;6,181;8,242;15,364
  04/2000;10,125;8,736;7,999;7,273;6,778;6,397;6,235;6,074;5,967;5,753;5,594;5,384;5,226;5,122;4,966;4,914;4,760;4,657;4,657;4,966;4,914;4,863;4,863;4,760;4,606;4,453;4,351;4,351;4,351;4,351;---;4,351;5,582;10,125
  05/2000;4,351;4,351;4,241;4,166;4,166;4,241;4,606;4,760;4,606;4,555;4,351;4,204;4,016;3,942;3,869;3,796;3,760;3,652;3,652;3,652;3,581;3,581;3,546;3,510;3,510;3,510;3,510;3,546;3,581;3,546;3,510;3,510;3,931;4,760
  06/2000;3,546;3,581;3,510;3,510;3,510;3,510;3,440;3,440;3,440;3,406;3,371;3,371;3,268;3,234;3,200;3,167;3,167;3,167;3,100;3,100;3,167;3,167;3,100;3,100;3,100;3,033;3,033;2,968;2,903;2,870;---;2,870;3,249;3,581
  07/2000;2,903;2,838;2,806;2,774;2,711;2,711;2,711;2,711;2,679;2,648;2,648;2,586;2,586;2,555;2,525;5,647;6,505;5,226;3,724;3,475;3,268;3,167;4,351;6,778;6,181;4,657;3,796;3,546;3,440;3,337;3,268;2,525;3,573;6,778
  08/2000;3,200;3,066;3,000;2,968;2,968;2,968;3,200;3,302;3,268;3,033;3,033;2,935;2,903;2,838;2,806;3,000;3,268;3,546;3,406;3,066;2,968;2,870;2,711;2,648;2,586;2,494;2,464;3,371;5,967;5,384;4,016;2,464;3,202;5,967
  09/2000;3,581;6,778;9,310;7,273;5,489;5,226;4,863;4,241;3,942;3,581;3,371;3,688;4,914;5,753;5,331;4,863;4,606;4,128;3,979;3,724;3,406;3,100;2,903;2,806;2,679;2,586;2,525;2,494;2,464;2,464;---;2,464;4,202;9,310
  10/2000;2,433;2,344;2,256;2,140;2,344;2,586;2,617;2,525;2,494;2,314;2,083;2,000;1,890;1,704;1,602;1,756;2,112;2,169;2,027;1,972;2,000;2,027;1,972;1,944;2,344;2,256;2,256;2,374;2,285;2,083;1,863;1,602;2,154;2,617
  11/2000;1,704;1,917;1,783;2,000;2,774;2,935;3,066;2,285;2,140;2,027;2,344;2,403;2,525;4,453;4,351;3,100;2,903;13,927;16,570;12,698;7,495;8,736;7,439;8,565;16,314;14,736;8,451;8,793;6,451;11,011;---;1,704;6,197;16,570
  12/2000;8,679;6,778;5,700;5,279;7,384;5,594;6,669;6,235;5,489;4,760;3,796;3,724;3,979;4,453;5,384;5,807;23,491;25,748;20,739;15,301;8,908;7,439;6,560;5,279;6,235;20,275;20,341;14,549;17,790;14,237;10,892;3,724;9,919;25,748
  01/2001;9,950;8,908;7,662;6,942;6,942;7,384;7,439;7,273;6,942;6,669;6,942;6,778;7,107;7,107;6,778;6,723;5,807;6,020;5,489;5,860;6,020;5,436;4,708;4,760;7,218;11,070;9,658;10,537;14,486;11,011;8,679;4,708;7,558;14,486
  02/2001;21,405;16,697;11,130;8,508;5,807;8,281;22,074;23,559;17,274;20,143;17,855;15,175;12,272;12,820;12,881;11,909;9,950;11,190;7,662;10,067;10,125;7,999;7,886;8,224;8,908;8,679;9,022;8,793;---;---;---;5,807;12,368;23,559
  03/2001;7,662;7,774;8,111;7,107;7,328;9,080;11,309;8,337;9,950;9,542;8,337;8,908;8,224;7,384;7,107;6,778;7,551;5,807;5,753;5,753;8,850;6,778;6,887;7,052;6,997;6,833;7,999;8,055;7,830;6,997;10,301;5,753;7,819;11,309
  04/2001;9,022;21,806;28,250;24,512;12,151;9,310;7,107;7,162;7,052;6,451;6,942;6,343;6,289;6,289;6,020;5,753;5,384;5,279;5,279;5,489;5,542;5,174;5,070;4,708;4,555;4,708;4,301;3,796;3,616;3,475;---;3,475;7,895;28,250
  05/2001;4,053;3,760;3,796;3,760;3,760;3,760;3,942;3,724;3,688;3,652;3,796;4,351;7,886;7,942;5,913;4,504;4,657;4,760;4,402;4,606;4,402;4,301;4,606;4,657;4,504;4,453;4,606;4,760;4,708;4,504;4,453;3,652;4,538;7,942
  06/2001;4,453;4,555;4,606;4,166;3,869;3,724;3,581;3,510;3,475;3,406;3,371;3,302;3,337;3,234;3,371;3,133;3,100;3,100;3,133;3,033;3,100;3,100;3,200;3,167;3,167;3,234;3,066;3,133;3,033;2,935;---;2,935;3,420;4,606
  07/2001;3,000;2,935;2,903;2,838;2,870;2,968;2,903;2,903;2,903;2,711;2,285;2,464;2,433;2,374;2,433;2,344;2,285;2,344;2,314;2,256;2,285;2,494;2,648;2,806;2,903;2,935;3,000;3,066;3,133;3,100;3,133;2,256;2,709;3,133
  08/2001;2,935;2,525;2,433;2,403;2,314;2,285;2,314;2,256;2,140;2,083;2,027;2,027;2,000;2,000;1,944;2,000;1,917;1,917;1,890;1,890;1,890;1,917;2,140;2,711;3,371;2,806;2,525;2,555;3,000;3,475;2,935;1,890;2,343;3,475
  09/2001;3,167;2,648;2,494;2,344;2,140;2,083;2,000;1,972;1,890;1,890;1,809;1,756;1,756;2,256;4,914;9,484;6,127;4,091;3,371;2,742;2,555;2,525;2,464;2,464;2,403;2,494;2,525;2,464;2,494;2,433;---;1,756;2,859;9,484
  10/2001;2,806;23,085;17,403;10,537;8,908;6,833;5,279;4,555;6,343;5,700;5,594;9,775;8,451;6,778;4,966;4,606;6,560;5,700;7,328;8,679;9,484;9,426;11,011;8,908;6,020;4,555;3,796;3,440;3,475;3,167;3,000;2,806;7,296;23,085
  11/2001;2,742;2,870;3,268;4,241;4,016;3,475;3,167;2,935;2,742;3,302;4,811;8,168;13,248;13,803;11,549;10,655;14,113;12,759;14,362;12,576;10,892;9,195;8,055;7,662;6,833;6,560;5,700;5,279;5,174;8,908;---;2,742;7,435;14,362
  12/2001;6,560;5,122;4,606;4,016;3,869;4,016;5,122;5,070;6,833;7,942;8,850;7,718;7,662;7,886;11,070;12,090;14,611;14,113;10,773;11,070;10,952;10,892;10,067;8,793;8,281;8,908;9,195;9,833;10,596;10,773;10,067;3,869;8,624;14,611
  01/2002;7,774;7,439;6,833;6,669;6,833;6,505;6,235;6,181;19,879;12,698;11,970;9,137;14,424;19,026;18,830;16,697;17,403;20,673;25,266;28,530;23,967;16,889;15,490;12,515;17,597;16,187;13,433;12,515;9,484;10,301;10,537;6,181;13,804;28,530
  02/2002;10,067;9,426;9,253;8,736;9,253;9,891;9,368;11,609;11,429;9,137;9,950;18,504;18,504;19,026;22,477;21,605;17,468;12,515;17,339;18,764;21,405;26,577;29,304;24,308;16,570;15,997;15,175;13,494;---;---;---;8,736;15,613;29,304
  03/2002;12,942;12,637;12,637;12,454;11,789;11,070;11,011;10,301;10,067;9,080;8,565;7,830;8,281;8,168;8,965;7,495;8,111;8,565;10,478;10,419;9,484;8,337;9,080;13,126;15,743;16,060;13,003;12,942;12,211;11,489;11,011;7,495;10,753;16,060
  04/2002;7,774;7,162;7,107;7,107;9,716;9,542;11,190;11,309;10,301;8,337;7,886;7,162;7,107;7,273;6,778;6,669;6,451;6,451;6,020;5,753;5,647;5,489;5,542;5,489;5,384;5,174;5,018;4,914;4,811;4,914;---;4,811;6,983;11,309
  05/2002;5,018;4,811;5,174;5,860;5,913;5,753;5,807;6,614;6,127;5,967;5,860;5,647;5,594;5,070;4,811;4,657;4,504;4,555;4,555;4,966;8,394;9,022;6,942;5,753;5,226;4,760;4,555;4,504;4,453;4,453;4,453;4,453;5,477;9,022
  06/2002;4,504;4,453;4,241;4,166;4,053;3,905;3,796;3,796;3,869;3,760;3,760;3,688;3,688;3,652;3,616;3,581;3,581;3,688;3,581;3,406;3,337;3,371;3,337;3,337;3,268;3,200;3,200;3,167;3,100;3,033;---;3,033;3,638;4,504
  07/2002;3,100;3,133;3,100;3,066;3,033;3,066;3,000;3,000;2,968;2,968;2,968;3,033;3,000;3,100;3,100;3,066;3,000;2,968;2,903;2,935;2,968;2,935;2,968;2,968;2,870;2,711;2,586;2,525;2,494;2,494;2,494;2,494;2,920;3,133
  08/2002;2,648;4,166;8,565;7,886;6,451;4,863;4,657;4,453;3,510;3,234;3,066;2,903;2,806;2,742;2,679;2,617;2,525;2,494;2,464;2,464;2,464;2,464;2,403;2,374;2,344;2,344;2,285;2,256;2,285;2,374;2,344;2,256;3,327;8,565
  09/2002;3,796;3,905;3,581;3,546;3,581;3,616;3,581;3,510;3,406;2,870;2,968;2,903;2,838;2,838;2,774;2,711;2,586;2,555;2,586;4,241;6,560;6,723;6,181;4,504;3,652;3,167;3,000;2,774;2,648;2,525;---;2,525;3,538;6,723
  10/2002;2,494;2,464;2,344;2,285;2,285;2,285;2,256;2,227;2,198;2,169;2,140;2,112;2,027;1,917;1,809;1,756;1,704;1,653;1,602;1,577;1,653;1,704;1,730;1,756;1,783;1,730;1,704;1,704;1,783;2,525;4,555;1,577;2,062;4,555
  11/2002;3,581;3,033;2,525;2,112;2,000;2,169;2,140;2,112;2,027;1,972;2,256;3,616;3,440;4,053;5,647;4,914;3,942;3,234;2,742;3,066;3,133;2,679;2,525;2,433;2,679;3,167;3,440;3,268;3,167;3,033;---;1,972;3,004;5,647
  12/2002;4,204;4,091;4,091;5,436;5,700;5,070;5,436;5,700;5,594;5,489;3,652;3,475;3,440;3,724;4,053;4,863;4,708;4,657;4,241;4,166;4,657;5,226;5,489;5,122;4,811;4,914;4,351;3,406;2,742;2,494;2,344;2,344;4,431;5,700
  01/2003;2,198;2,198;3,440;9,542;13,126;17,339;22,410;13,187;8,622;9,253;11,249;13,064;13,187;12,698;11,549;11,070;10,952;9,022;7,774;7,999;11,369;20,143;23,559;23,220;17,597;13,310;11,789;19,682;41,455;37,963;26,439;2,198;14,723;41,455
  02/2003;20,872;14,175;12,055;9,908;9,908;9,742;9,413;8,147;7,894;7,201;7,009;6,865;6,818;7,009;6,865;7,057;7,793;8,929;8,561;7,693;7,201;7,153;6,818;6,260;6,124;5,944;5,505;5,462;---;---;---;5,462;8,371;20,872
  03/2003;6,034;5,855;6,169;6,398;6,260;6,169;6,124;6,214;6,398;6,913;9,742;10,019;10,642;10,075;9,687;9,197;9,089;9,359;9,359;9,305;8,456;7,105;6,724;6,169;5,723;5,419;5,206;4,956;4,670;4,590;4,510;4,510;7,179;10,642
  04/2003;4,550;4,471;4,392;4,007;3,784;4,471;5,505;5,206;4,670;4,630;4,590;4,550;4,550;4,510;4,353;4,392;4,550;4,590;4,550;5,505;5,591;5,419;5,038;4,471;4,236;3,821;3,784;3,638;3,674;3,674;---;3,638;4,506;5,591
  05/2003;3,711;3,747;3,821;4,590;4,314;4,121;3,858;3,821;3,858;3,784;3,858;3,858;3,821;3,711;3,530;3,494;3,459;3,494;3,424;3,424;3,354;3,459;3,424;4,832;5,122;4,121;3,747;3,638;3,566;3,494;3,494;3,354;3,805;5,122
  06/2003;3,424;3,284;3,215;3,181;3,079;3,045;3,079;3,012;3,079;3,079;3,113;3,079;3,079;3,079;3,045;2,913;2,782;2,750;2,782;2,686;2,686;2,718;2,686;2,718;2,655;2,686;2,655;2,686;2,655;2,655;---;2,655;2,920;3,424
  07/2003;2,623;2,592;2,623;2,623;2,592;2,592;2,623;2,623;2,686;2,686;2,718;2,718;2,782;2,750;2,718;2,623;2,592;2,561;2,499;2,530;2,782;2,530;2,468;2,407;2,377;2,347;2,317;2,287;2,258;2,228;2,199;2,199;2,547;2,782
  08/2003;2,228;2,258;2,317;2,347;2,377;2,317;2,377;2,407;2,437;2,530;2,592;2,499;2,468;2,437;2,437;2,377;2,407;2,407;2,347;2,317;2,347;2,317;2,287;2,258;2,258;2,228;2,199;2,258;2,228;2,199;2,228;2,199;2,345;2,592
  09/2003;2,287;2,287;2,317;2,258;2,228;2,199;2,228;2,199;2,199;2,228;2,258;2,228;2,199;2,199;2,228;2,258;2,258;2,228;2,199;2,170;2,141;2,112;2,112;2,112;2,141;2,170;2,199;2,141;2,199;2,228;---;2,112;2,207;2,317
  10/2003;2,199;2,199;2,258;2,258;2,317;2,317;2,377;2,347;2,686;3,354;5,333;6,352;5,462;3,494;2,847;2,623;2,407;2,377;2,317;2,317;2,287;2,258;2,258;2,228;2,199;2,228;2,287;2,287;2,377;2,718;2,655;2,199;2,762;6,352
  11/2003;2,437;2,437;2,347;2,347;2,317;2,287;2,258;2,287;2,317;2,347;2,377;2,377;2,407;2,782;3,932;5,723;7,944;8,983;7,057;5,376;4,392;4,045;3,970;4,121;4,198;4,431;4,510;4,392;4,510;4,590;---;2,258;3,850;8,983
  12/2003;8,508;15,743;14,799;15,050;17,468;20,209;20,077;15,238;12,637;11,635;10,357;9,036;8,405;7,009;5,811;5,376;10,699;11,635;8,508;8,823;14,113;18,309;15,743;12,666;11,398;6,818;7,201;6,352;5,462;6,124;6,124;5,376;11,204;20,209
  01/2004;5,122;4,630;4,314;4,083;4,275;5,291;6,124;6,865;7,743;16,378;13,679;9,632;10,300;9,359;7,009;6,124;5,899;4,997;4,751;4,550;4,510;4,550;4,510;4,590;5,723;7,894;13,494;12,358;9,522;8,045;7,299;4,083;7,214;16,378
  02/2004;7,057;7,250;7,250;6,818;6,352;5,505;5,635;5,505;5,635;5,333;4,670;4,873;4,751;4,590;7,009;10,470;8,147;6,352;6,306;8,405;13,556;23,831;25,886;26,439;25,060;24,786;23,559;23,017;22,410;---;---;4,590;11,602;26,439
  03/2004;18,699;9,251;7,793;7,495;8,983;8,405;8,096;7,495;7,153;6,818;6,352;6,124;6,079;6,260;6,490;6,818;6,214;5,899;5,899;6,352;8,250;8,199;6,490;5,723;5,419;5,291;5,206;5,122;4,956;4,873;4,792;4,792;7,000;18,699
  04/2004;4,590;4,792;4,630;4,630;5,419;5,419;5,855;7,793;7,396;6,677;6,214;6,034;5,767;5,591;5,376;6,818;10,584;12,881;13,371;12,942;12,820;12,698;11,814;10,300;8,770;7,894;6,034;5,333;5,080;4,997;---;4,590;7,617;13,371
  05/2004;4,710;4,630;4,550;4,471;4,510;4,550;4,832;6,169;6,724;5,989;5,419;5,122;4,751;4,630;4,590;5,723;7,445;7,105;6,630;6,352;6,169;6,490;6,352;6,124;6,079;12,666;13,927;13,741;14,549;16,251;18,569;4,471;7,414;18,569
  06/2004;19,879;18,634;10,019;22,007;15,806;12,358;9,305;6,913;6,961;7,009;7,009;7,250;8,301;8,045;8,096;8,199;8,199;7,995;7,201;6,724;6,034;5,591;5,548;5,505;5,333;5,291;5,164;5,164;5,122;5,122;---;5,122;8,659;22,007
  07/2004;5,080;4,914;4,590;4,590;4,590;4,550;4,550;4,550;4,590;5,635;6,306;6,124;5,811;5,679;5,548;5,376;5,333;5,548;16,953;18,114;12,759;8,301;7,594;6,818;5,855;5,376;5,080;4,792;4,670;4,510;4,550;4,510;6,411;18,114
  08/2004;4,550;4,471;4,392;4,392;4,392;4,353;4,392;4,314;4,236;4,159;3,970;3,821;3,784;3,821;3,784;3,784;3,784;3,747;3,674;3,638;3,566;3,566;3,566;3,494;3,494;3,459;3,389;3,424;3,530;3,638;3,602;3,389;3,877;4,550
  09/2004;3,319;3,079;3,079;3,045;3,079;3,045;3,045;2,979;2,880;2,815;2,782;2,815;2,815;2,815;2,880;2,880;2,913;3,012;5,122;4,314;3,895;3,494;3,079;2,913;2,686;2,592;2,592;2,718;3,012;2,847;---;2,592;3,085;5,122
  10/2004;2,979;3,424;4,236;4,510;4,914;4,630;3,747;3,147;3,012;3,181;3,932;3,858;3,821;6,677;8,301;7,396;6,352;7,594;9,963;9,143;5,376;4,630;4,431;4,550;4,832;7,495;7,299;6,079;4,670;4,590;4,550;2,979;5,268;9,963
  11/2004;5,376;5,944;5,548;4,392;4,510;5,989;9,359;8,983;6,677;4,510;3,895;3,821;3,424;3,215;3,530;5,333;9,908;12,820;17,146;17,984;9,577;5,505;4,914;4,590;4,431;4,550;5,811;7,153;7,153;7,793;---;3,215;6,795;17,984
  12/2004;6,583;6,124;6,260;7,396;10,930;10,930;10,699;13,248;16,124;15,997;13,310;9,577;6,724;5,505;5,376;5,248;5,164;6,260;8,405;9,089;8,929;7,944;7,693;8,250;11,104;19,157;20,209;16,314;14,051;12,881;12,358;5,164;10,253;20,209
  01/2005;10,357;7,995;6,818;7,396;9,687;8,823;8,770;9,305;10,075;12,481;18,895;13,371;11,814;11,575;11,694;10,470;17,726;20,341;22,343;24,171;25,472;27,202;29,092;30,506;31,218;34,961;35,179;26,855;23,017;18,895;16,314;6,818;17,833;35,179
  02/2005;15,112;13,989;13,618;14,549;15,490;13,556;12,481;11,694;10,814;10,756;10,527;10,244;10,470;10,988;10,814;10,413;10,244;10,075;15,175;13,803;12,698;12,115;10,699;9,797;8,405;8,096;10,357;14,861;---;---;---;8,096;11,851;15,490
  03/2005;9,468;7,396;7,057;6,818;6,583;6,306;6,214;5,944;5,505;5,206;5,248;5,206;5,248;5,291;27,342;38,923;26,994;17,790;17,855;17,661;18,764;19,091;15,553;16,187;15,553;13,927;13,003;12,727;11,280;10,300;9,852;5,206;12,590;38,923
  04/2005;9,305;9,089;8,561;8,301;8,456;11,934;9,251;8,456;8,353;8,250;7,995;7,495;7,250;7,009;6,818;6,537;6,306;6,260;6,214;6,306;6,306;6,961;7,105;7,153;7,057;6,630;6,490;6,352;6,352;6,260;---;6,214;7,494;11,934
  05/2005;6,306;6,306;6,260;6,260;6,124;6,214;6,306;6,306;5,944;5,505;5,376;5,419;5,291;5,164;5,080;5,038;4,997;4,997;4,630;4,630;4,710;4,670;4,832;8,405;20,606;21,538;17,726;14,674;9,687;7,201;7,105;4,630;7,526;21,538
  06/2005;6,818;6,306;6,169;5,855;5,635;5,462;5,333;5,376;5,333;5,376;5,333;5,291;5,164;4,956;4,956;4,751;4,751;4,590;4,590;4,550;5,462;5,767;5,635;5,376;5,376;5,333;5,291;5,248;5,122;5,206;---;4,550;5,347;6,818
  07/2005;5,164;5,038;4,956;4,873;4,792;4,710;4,630;4,590;4,550;4,510;4,471;4,431;4,392;4,314;4,236;4,198;4,083;4,083;4,045;4,236;4,314;4,471;4,431;4,392;6,490;7,495;5,462;5,080;4,670;4,510;4,392;4,045;4,710;7,495
  08/2005;4,236;4,045;3,821;3,784;3,858;3,784;3,784;3,747;3,711;3,674;3,638;3,638;3,566;3,494;3,494;3,424;3,319;3,284;3,215;3,181;3,147;3,113;3,079;3,079;3,045;3,012;3,319;3,784;3,895;3,747;3,319;3,012;3,524;4,236
  09/2005;3,215;5,548;5,164;4,471;4,751;5,419;5,206;4,997;4,710;4,392;3,970;3,747;3,821;3,858;3,821;3,747;3,530;3,424;3,424;3,711;3,784;3,530;3,566;3,566;4,083;4,590;5,291;5,462;4,710;4,083;---;3,215;4,253;5,548
  10/2005;4,045;4,045;4,236;4,590;3,821;3,674;3,602;3,494;3,459;3,389;3,284;3,181;3,012;2,913;2,815;2,750;2,946;3,389;3,459;3,566;3,566;12,481;8,718;6,124;4,670;4,751;4,670;4,710;6,169;6,124;5,989;2,750;4,440;12,481
  11/2005;4,956;4,630;5,635;5,333;5,164;5,080;4,997;4,751;4,121;3,858;4,007;4,045;4,121;4,083;3,638;3,389;3,181;3,424;3,970;4,198;4,007;3,711;3,459;3,459;3,530;4,198;4,670;4,670;4,670;4,550;---;3,181;4,250;5,635
  12/2005;4,997;5,248;5,291;4,832;4,710;5,291;7,347;8,929;7,009;6,169;5,122;4,275;3,970;3,932;3,858;3,784;4,007;7,299;13,433;14,987;14,611;13,433;11,221;9,251;6,913;6,865;11,635;8,770;8,456;8,718;9,359;3,784;7,539;14,987
  01/2006;11,104;14,861;19,157;21,940;22,141;19,813;18,764;15,175;11,874;8,929;7,793;7,009;6,444;6,214;5,989;5,505;5,333;5,462;5,462;5,899;5,723;5,376;5,038;4,550;4,471;4,471;4,510;4,392;6,913;12,420;13,679;4,392;9,562;22,141
  02/2006;15,553;13,433;11,104;9,577;7,299;5,989;5,164;4,792;7,299;10,131;14,924;17,532;17,339;14,674;12,727;11,635;10,814;10,244;8,823;7,693;7,894;8,456;8,665;8,823;8,770;8,147;8,096;7,396;---;---;---;4,792;10,107;17,532
  03/2006;6,352;6,490;6,214;6,214;13,556;21,672;25,129;24,308;22,882;15,050;10,872;8,929;7,057;7,057;6,961;7,201;7,299;7,250;8,045;11,104;13,989;11,754;11,104;9,908;11,104;12,542;12,820;13,003;15,427;18,634;19,813;6,214;12,250;25,129
  04/2006;14,299;9,359;8,508;8,199;8,045;7,594;7,347;7,299;7,250;7,201;6,913;6,677;6,630;6,630;6,306;5,591;5,505;5,419;5,548;5,462;5,333;5,376;5,248;5,248;5,164;5,080;4,997;4,914;4,873;4,832;---;4,832;6,562;14,299
  05/2006;4,751;4,630;4,590;4,550;4,471;4,431;4,392;4,431;4,510;4,550;4,431;4,392;4,431;4,314;4,314;4,236;4,159;4,083;4,007;3,932;3,970;3,970;3,970;3,970;3,970;4,007;4,007;3,970;3,895;3,747;3,674;3,674;4,218;4,751
  06/2006;3,638;3,602;3,674;3,674;3,674;3,711;3,638;3,638;3,530;3,459;3,459;3,459;3,424;3,319;3,354;3,389;3,319;3,249;3,284;3,215;3,215;3,181;3,249;3,284;3,389;3,424;5,899;5,164;4,792;4,550;---;3,181;3,662;5,899
  07/2006;4,353;4,159;3,747;3,821;3,711;3,674;3,638;3,602;3,566;3,638;3,821;3,674;3,459;3,249;3,215;3,147;3,079;2,946;2,782;2,686;2,623;2,592;2,561;2,530;2,561;2,530;2,530;2,499;2,530;2,592;2,561;2,499;3,164;4,353
  08/2006;4,198;5,548;3,747;3,389;3,284;3,079;2,946;2,815;2,718;2,623;2,623;2,592;2,561;2,530;2,530;2,592;2,561;2,499;2,499;2,499;2,499;2,561;2,499;2,499;2,499;2,561;2,847;2,815;2,530;2,499;2,499;2,499;2,843;5,548
  09/2006;2,750;3,045;3,319;3,566;3,389;3,079;2,979;2,880;2,880;2,750;2,750;2,750;2,686;2,750;2,718;2,718;2,946;2,946;2,815;2,686;2,623;2,592;2,592;2,592;2,623;2,561;2,561;2,499;2,499;2,530;---;2,499;2,802;3,566
  10/2006;2,592;3,012;3,181;3,113;3,249;4,159;5,122;5,419;5,038;4,236;3,858;3,215;2,913;2,750;2,686;2,655;2,686;2,686;2,655;2,623;2,561;2,623;2,655;2,468;2,377;2,317;2,228;2,228;2,170;2,141;2,112;2,112;3,023;5,419
  11/2006;2,084;2,468;4,121;3,895;3,638;3,249;2,655;2,377;2,228;2,199;2,170;2,170;2,437;3,530;3,147;2,946;2,592;2,499;4,710;9,359;17,726;15,806;11,280;10,131;7,495;6,306;6,079;5,944;5,038;4,590;---;2,084;5,162;17,726
  12/2006;4,353;4,159;3,932;4,353;3,970;3,821;3,784;3,638;3,389;3,284;3,249;3,181;3,147;3,215;3,389;3,674;3,566;3,459;3,181;3,012;3,181;3,970;5,811;6,444;7,299;7,250;6,865;6,398;7,643;7,843;8,823;3,012;4,622;8,823
  01/2007;7,396;7,594;7,894;17,855;30,223;34,380;26,577;16,251;11,280;9,522;8,301;8,456;8,096;7,250;7,105;7,105;7,347;17,210;26,994;24,239;19,682;17,339;17,726;15,806;13,187;11,163;9,359;8,301;9,577;9,577;10,699;7,105;13,984;34,380
  02/2007;8,405;7,201;7,057;6,913;7,057;7,057;6,537;7,544;9,143;8,823;9,089;7,153;6,079;5,462;5,164;5,122;5,080;4,956;4,832;4,914;4,590;4,431;4,236;4,083;3,970;3,895;4,314;4,873;---;---;---;3,895;5,999;9,143
  03/2007;4,431;3,821;3,747;3,674;3,638;3,459;3,354;3,215;4,956;4,083;3,784;4,751;4,751;5,206;4,710;4,630;4,314;5,989;13,371;30,152;21,873;12,055;8,405;6,961;6,260;6,034;5,679;6,490;5,548;4,873;4,550;3,215;6,734;30,152
  04/2007;4,353;4,275;4,314;3,895;3,895;4,045;3,932;4,198;14,486;10,988;7,445;5,855;5,206;5,291;5,899;4,914;4,590;4,550;4,471;4,353;4,710;4,353;4,314;4,045;4,007;4,007;4,159;4,550;4,471;4,431;---;3,895;5,133;14,486
  05/2007;4,159;3,970;3,784;3,711;3,602;3,530;3,494;3,530;3,494;3,530;3,566;3,424;3,354;3,459;3,354;3,389;3,147;3,079;3,113;3,113;3,079;3,895;5,767;6,583;5,462;4,353;4,121;3,858;3,858;3,747;3,674;3,079;3,813;6,583
  06/2007;3,566;3,932;7,995;8,561;6,583;5,248;4,431;4,083;3,784;3,747;3,674;3,674;3,494;3,389;3,319;3,181;3,113;3,113;3,045;3,012;2,913;2,913;2,913;2,913;2,880;2,946;2,880;2,847;2,815;2,782;---;2,782;3,792;8,561
  07/2007;2,815;2,782;2,750;2,718;2,623;2,530;2,530;2,561;2,561;2,468;2,499;2,499;2,530;2,499;2,437;2,468;5,723;9,577;10,244;6,724;5,122;4,198;4,314;9,577;20,540;27,690;14,861;8,983;7,693;6,214;5,462;2,437;6,071;27,690
  08/2007;5,080;4,550;4,275;4,159;4,083;3,932;3,821;3,858;3,747;3,566;3,389;3,354;3,249;3,181;3,079;3,045;3,113;3,079;3,079;3,079;3,079;3,079;2,946;2,913;2,880;2,847;2,782;2,782;2,686;2,655;2,623;2,623;3,355;5,080
  09/2007;2,686;2,655;2,655;4,956;4,392;3,249;2,946;2,782;2,718;2,561;2,468;2,437;2,407;2,407;2,407;2,377;2,317;2,377;2,377;2,199;2,112;2,084;2,141;2,112;2,055;2,055;2,055;2,084;2,084;2,084;---;2,055;2,541;4,956
  10/2007;2,055;1,943;1,834;1,728;1,649;1,754;1,754;1,675;1,573;1,548;1,498;1,449;1,425;1,473;1,449;3,012;2,815;2,561;2,468;2,407;2,377;2,347;2,530;6,079;6,818;6,079;4,550;3,638;3,045;2,750;2,561;1,425;2,608;6,818
  11/2007;2,499;9,522;12,881;19,682;16,825;8,718;3,895;7,009;8,983;7,347;18,830;15,238;9,908;7,250;7,495;6,865;6,630;6,913;5,505;5,505;5,038;4,670;4,471;4,083;3,858;3,747;3,319;3,079;3,079;3,012;---;2,499;7,529;19,682
  12/2007;3,079;3,012;3,012;3,045;3,045;3,354;6,865;9,089;5,505;5,505;5,811;7,009;7,793;5,548;5,080;5,548;5,333;6,398;6,260;9,359;18,504;14,237;8,405;13,064;10,699;6,724;6,214;5,462;4,550;4,510;4,159;3,012;6,651;18,504
  01/2008;3,821;3,747;3,895;4,083;4,392;5,855;6,818;6,583;5,505;5,376;4,792;4,590;5,767;5,333;5,462;12,637;13,064;13,865;15,301;26,994;25,679;18,244;11,221;9,908;8,876;9,305;11,694;11,280;12,176;16,442;12,637;3,747;9,850;26,994
  02/2008;11,994;12,727;22,410;20,806;12,637;10,187;9,687;10,642;9,742;9,305;7,944;7,396;17,082;12,698;10,244;8,823;9,036;13,556;18,504;9,305;12,297;13,371;15,870;14,299;11,163;10,187;8,876;10,699;9,305;---;---;7,396;12,096;22,410
  03/2008;9,036;14,051;9,036;8,147;7,347;6,865;6,724;6,818;6,913;9,197;14,799;11,163;12,759;22,141;15,997;14,237;24,512;44,014;32,505;20,474;14,924;11,814;11,398;14,051;11,814;10,300;18,374;12,820;11,280;10,075;8,876;6,724;13,950;44,014
  04/2008;8,405;8,147;8,096;8,199;10,244;8,405;8,929;9,413;13,927;11,635;17,790;13,064;12,358;15,238;20,011;20,408;19,026;11,221;10,131;13,989;15,553;20,673;16,060;13,310;11,221;11,104;11,457;10,699;10,413;11,339;---;8,096;12,682;20,673
  05/2008;12,115;10,872;17,146;14,924;11,575;10,357;10,019;8,770;8,301;8,147;8,147;7,995;8,045;7,995;7,643;7,396;7,347;7,299;7,299;7,250;7,153;6,818;6,677;6,537;6,490;6,306;6,214;6,260;6,260;6,352;6,865;6,214;8,406;17,146
  06/2008;8,147;8,353;7,944;7,843;12,942;10,470;8,199;7,347;7,105;6,677;6,537;6,398;6,306;6,214;6,214;6,214;6,124;6,034;5,944;5,855;5,723;5,591;5,635;5,767;5,679;5,591;5,548;5,462;5,419;5,376;---;5,376;6,755;12,942
  07/2008;5,376;5,333;5,333;4,997;4,832;4,873;4,751;4,710;4,670;4,670;4,550;4,630;4,550;4,431;4,392;4,392;4,353;4,275;4,198;4,353;4,275;4,198;4,121;4,045;4,083;4,045;4,007;3,970;4,045;4,045;4,007;3,970;4,468;5,376
  08/2008;3,821;3,895;3,858;4,121;4,590;4,997;5,291;5,505;5,548;6,771;6,537;5,548;4,751;4,590;4,275;3,970;3,895;3,858;3,821;3,674;3,602;3,566;3,459;3,494;3,494;3,354;3,249;3,113;3,045;2,979;2,979;2,979;4,182;6,771
  09/2008;3,494;3,530;3,389;3,284;3,249;3,215;3,113;3,113;3,012;2,946;2,847;2,782;2,750;3,045;3,045;3,113;3,079;3,045;3,045;2,979;5,248;5,462;5,248;5,080;5,291;6,260;6,079;4,956;4,007;3,674;---;2,750;3,779;6,260
  10/2008;3,566;3,784;3,932;3,821;3,711;3,970;4,045;3,895;3,821;3,602;3,389;3,319;3,147;3,079;2,979;2,979;2,979;2,979;3,012;2,913;2,946;2,946;2,979;2,913;2,815;2,782;2,655;2,499;2,623;3,389;6,865;2,499;3,366;6,865
  11/2008;4,550;4,792;4,832;4,914;4,314;3,566;4,997;11,874;8,718;9,413;8,096;7,643;7,057;6,961;7,594;5,206;6,214;5,376;4,392;4,353;4,510;4,832;4,198;5,291;6,124;6,398;6,630;6,818;7,299;7,495;---;3,566;6,149;11,874
  12/2008;6,352;5,122;4,630;5,038;4,510;4,510;4,550;4,510;4,236;3,711;3,530;3,389;3,354;4,392;16,697;16,187;13,989;13,064;11,516;16,187;13,310;11,280;10,930;10,019;17,082;13,741;11,163;7,643;7,793;8,301;8,613;3,354;8,689;17,082
  01/2009;24,239;18,114;13,989;27,830;20,606;12,055;10,357;8,718;8,613;7,594;8,456;7,201;5,989;6,169;7,009;11,516;15,427;12,881;12,237;10,413;8,823;7,995;7,201;6,537;6,260;11,221;10,527;11,104;17,597;24,649;22,882;5,989;12,394;27,830
  02/2009;19,813;14,175;15,427;20,474;21,338;16,633;12,942;12,420;14,987;24,718;20,540;17,082;23,559;21,338;25,198;28,110;18,895;13,310;11,814;11,163;10,075;9,413;9,143;14,674;26,300;16,953;16,825;11,575;---;---;---;9,143;17,103;28,110
  03/2009;10,131;9,036;8,199;7,894;7,793;9,036;7,743;16,889;11,874;17,082;12,604;12,727;14,924;12,358;11,754;10,131;8,718;10,930;8,508;10,244;10,075;9,036;8,199;17,468;18,114;10,131;8,508;10,131;9,359;13,433;11,635;7,743;11,118;18,114
  04/2009;9,632;8,613;7,693;7,594;7,743;11,635;14,924;12,115;10,019;8,301;7,743;7,250;6,961;8,718;9,797;7,894;6,724;6,771;6,583;6,398;6,214;6,124;5,989;6,169;6,034;5,944;6,034;5,679;5,376;5,462;---;5,376;7,738;14,924
  05/2009;5,548;5,333;5,635;5,376;5,333;5,333;5,376;5,291;5,164;5,462;6,124;5,767;5,419;5,248;6,724;7,396;6,583;5,811;5,419;5,462;5,291;5,164;4,997;4,873;4,630;6,214;5,855;5,291;5,122;4,914;4,914;4,630;5,518;7,396
  06/2009;5,248;5,419;5,206;5,038;4,792;4,751;4,670;4,590;4,590;4,590;5,122;5,591;5,333;5,038;4,590;4,590;4,590;4,510;4,431;4,275;4,236;5,505;4,159;4,007;4,236;5,376;5,206;8,353;7,153;5,462;---;4,007;5,022;8,353
  07/2009;4,914;4,710;4,832;4,751;4,670;4,510;4,392;4,314;4,121;4,045;4,751;7,105;6,537;5,462;4,751;4,550;4,431;4,275;4,159;4,007;3,932;3,858;3,895;3,970;6,444;9,089;9,522;7,057;5,811;6,034;5,419;3,858;5,172;9,522
  08/2009;5,248;4,832;4,431;4,314;4,236;4,121;4,007;3,895;3,747;3,711;3,674;3,530;3,566;3,459;3,389;3,319;3,249;3,147;4,392;5,767;7,894;7,944;7,009;5,855;5,419;5,038;4,670;4,431;4,236;3,932;3,747;3,147;4,523;7,944
  09/2009;3,638;3,566;3,494;3,424;3,354;3,459;3,602;3,747;12,542;15,743;10,756;8,301;5,679;4,710;4,471;4,198;3,932;3,784;3,895;3,895;3,784;4,159;4,751;5,122;4,630;4,159;3,970;3,747;5,206;4,873;---;3,354;5,153;15,743
  10/2009;3,858;3,711;3,895;4,314;4,431;3,711;4,873;5,591;10,756;9,742;8,983;7,347;5,206;4,275;4,083;5,635;5,248;6,398;8,199;22,208;13,064;9,251;7,894;6,079;5,164;4,670;23,831;9,468;6,398;5,462;5,333;3,711;7,390;23,831
  11/2009;5,038;4,792;4,590;4,392;4,159;3,970;3,821;3,932;11,754;8,876;7,105;9,963;9,089;8,718;8,770;18,374;8,929;6,724;5,206;4,510;4,275;4,590;7,057;8,929;8,983;8,770;11,398;11,457;13,126;13,741;---;3,821;7,835;18,374
  12/2009;10,642;18,114;49,999;20,872;13,187;10,357;8,929;22,208;44,468;26,231;23,559;27,690;45,988;47,364;40,558;28,952;21,538;24,171;23,017;17,274;11,457;10,930;10,187;9,852;9,963;10,642;21,873;24,923;38,849;26,300;18,569;8,929;23,183;49,999
  01/2010;16,633;11,339;11,163;11,046;13,064;18,244;22,343;24,923;18,569;11,339;12,604;16,825;15,175;16,187;18,504;17,468;18,830;21,405;27,272;15,175;12,698;15,553;15,997;21,873;31,789;31,860;54,145;35,956;39,345;36,738;19,751;11,046;21,091;54,145
  02/2010;17,847;16,051;16,513;18,726;15,854;14,619;12,775;11,597;11,230;12,901;11,720;11,230;10,624;10,264;9,907;9,611;9,317;10,444;12,713;12,401;11,352;10,564;9,434;9,025;15,201;12,152;10,384;8,505;---;---;---;8,505;12,249;18,726
  03/2010;12,964;15,201;13,850;12,090;9,788;9,907;12,525;11,597;9,493;8,505;8,162;7,709;7,596;7,596;12,964;13,977;10,866;11,474;15,658;11,352;11,352;16,712;12,214;15,527;17,780;11,843;16,712;9,552;8,967;14,619;12,338;7,596;11,964;17,780
  04/2010;9,907;9,552;9,788;9,788;11,597;11,352;12,090;10,085;9,788;9,317;8,333;8,219;8,048;7,821;7,484;7,261;7,095;6,985;6,765;6,601;6,384;6,223;6,008;6,330;6,985;7,206;6,820;6,330;6,062;5,902;---;5,902;8,071;12,090
  05/2010;6,008;5,902;5,743;5,585;5,375;5,428;5,168;5,065;5,480;6,008;5,849;5,690;5,323;5,271;5,116;5,013;4,911;4,860;4,962;4,860;4,911;4,809;4,758;4,758;4,556;4,606;4,405;4,356;4,405;4,405;4,455;4,356;5,098;6,008
  06/2010;4,606;4,506;4,405;4,306;4,556;5,116;5,428;4,962;4,556;4,506;4,556;4,405;4,306;4,356;4,108;3,863;3,912;3,815;3,912;3,718;3,622;3,527;3,432;3,337;3,337;3,432;3,337;3,290;3,337;3,251;---;3,251;4,060;5,428
  07/2010;3,217;3,148;3,113;3,012;3,012;2,978;2,978;2,911;2,945;2,945;2,945;2,978;2,945;7,040;6,710;5,116;4,606;4,059;3,622;3,527;3,432;3,290;3,148;3,113;3,045;2,978;2,911;2,845;2,748;2,683;2,651;2,651;3,440;7,040
  08/2010;2,620;2,588;2,651;2,588;2,525;2,588;2,557;2,525;2,464;2,402;2,342;2,252;2,193;2,164;2,106;2,106;2,106;2,049;1,993;1,937;1,882;1,910;1,910;1,882;1,828;1,774;1,721;1,721;1,669;1,643;1,618;1,618;2,139;2,651
  09/2010;1,567;1,517;1,517;1,443;1,443;1,419;1,395;1,395;1,371;1,348;1,324;1,348;1,443;1,542;1,443;1,419;1,419;1,395;1,371;1,395;1,395;1,419;2,193;1,910;2,106;3,815;5,116;5,323;4,108;3,217;---;1,324;1,971;5,323
  10/2010;2,780;2,748;2,813;2,748;2,433;2,252;2,193;2,282;2,193;2,106;1,993;1,855;1,910;1,774;1,618;1,592;1,774;2,813;2,715;2,651;2,135;1,618;1,419;1,492;1,695;1,828;1,774;1,721;1,643;1,567;2,402;1,419;2,082;2,813
  11/2010;3,217;2,494;2,106;1,801;1,774;2,021;2,433;2,620;2,135;2,078;4,306;2,525;2,282;2,193;2,193;2,780;7,040;7,821;7,934;5,585;3,113;3,217;3,574;3,251;2,911;5,480;4,657;2,978;2,620;5,480;---;1,774;3,487;7,934
  12/2010;4,207;3,622;5,116;5,428;7,095;11,169;11,720;7,261;6,169;3,670;3,251;3,012;3,148;13,532;5,532;3,912;5,690;5,220;4,707;4,506;4,506;3,045;3,148;3,012;2,945;2,845;2,813;5,375;3,622;2,878;2,878;2,813;5,001;13,532
  01/2011;4,157;9,788;36,425;45,899;45,899;29,456;22,540;19,271;18,590;18,998;16,645;17,244;17,780;38,947;54,916;42,716;42,716;45,406;26,496;21,275;17,311;15,007;18,590;13,541;10,283;9,618;9,023;9,673;9,563;9,563;9,948;4,157;22,816;54,916
  02/2011;9,618;7,877;7,476;11,312;8,030;7,033;7,229;8,287;6,506;6,087;5,949;6,133;6,744;7,033;7,229;11,722;11,781;11,899;10,283;8,339;7,082;6,601;7,131;6,792;6,888;7,082;8,705;11,370;---;---;---;5,949;8,151;11,899
  03/2011;17,982;20,996;20,026;17,847;16,844;15,723;15,331;14,877;13,854;13,417;15,397;14,361;11,370;10,059;9,130;8,705;8,652;11,022;16,117;11,722;9,184;8,600;8,391;8,236;7,979;7,625;7,376;7,179;7,179;8,811;7,776;7,179;11,993;20,996
  04/2011;7,278;8,339;10,059;10,395;8,917;9,673;7,877;7,278;7,726;10,115;16,977;15,986;17,780;13,541;10,004;8,758;7,928;7,376;7,033;6,648;6,319;5,904;5,678;5,813;6,041;5,723;7,033;6,272;6,319;6,041;---;5,678;8,694;17,780
  05/2011;6,041;7,082;7,179;6,412;5,949;5,678;5,506;5,464;5,340;5,177;5,137;5,016;5,016;5,097;5,259;5,506;5,589;5,218;5,259;4,936;4,818;4,739;4,700;4,622;4,468;4,392;4,279;4,241;4,316;4,430;4,316;4,241;5,199;7,179
  06/2011;4,279;4,204;4,167;4,092;3,982;4,056;4,129;6,648;8,391;8,652;7,827;6,601;5,016;4,818;4,661;4,545;4,468;4,316;4,392;4,279;4,129;4,019;4,019;4,092;4,167;4,241;5,340;5,678;4,778;4,507;---;3,982;4,950;8,652
  07/2011;4,279;4,167;4,129;4,092;3,982;3,946;3,982;3,873;3,910;3,766;3,766;3,694;3,624;3,519;3,415;3,415;3,415;3,381;3,313;3,245;3,245;3,279;3,279;3,279;3,313;3,245;3,178;3,245;3,178;3,245;3,211;3,178;3,568;4,279
  08/2011;3,178;3,178;3,178;3,694;3,873;3,624;3,554;3,347;3,245;3,145;3,078;2,980;3,013;2,948;2,915;2,948;2,851;2,693;2,631;2,980;3,313;3,624;3,519;3,415;3,245;3,211;3,112;3,013;2,883;3,078;3,415;2,631;3,190;3,873
  09/2011;4,468;4,354;3,766;3,381;2,980;2,948;2,883;2,883;2,851;2,787;2,724;2,662;2,600;2,508;2,418;2,418;2,388;2,328;2,299;2,270;2,241;2,241;2,212;2,270;2,212;2,183;2,154;2,069;1,958;1,876;---;1,876;2,644;4,468
  10/2011;1,876;1,958;2,851;2,787;2,662;2,388;2,270;2,183;2,097;2,097;2,693;2,569;2,631;3,873;8,917;12,078;9,893;6,792;4,241;3,519;3,013;2,819;2,883;3,013;2,787;3,178;3,178;3,211;3,450;5,300;5,633;1,876;3,834;12,078
  11/2011;3,694;3,145;2,787;2,631;2,569;2,478;2,388;4,430;3,112;2,600;2,358;2,241;2,569;13,541;28,710;25,767;16,778;7,776;5,723;4,976;4,468;4,092;7,676;8,547;5,177;4,622;8,652;8,391;6,936;6,648;---;2,241;6,849;28,710
  12/2011;14,554;7,776;6,319;5,768;5,097;4,468;6,272;5,300;13,479;14,683;13,666;9,838;7,131;5,995;5,589;5,259;4,897;4,430;4,354;4,241;3,982;3,801;3,910;3,910;3,946;3,946;3,694;3,279;3,279;3,766;5,300;3,279;6,191;14,683
  01/2012;8,133;9,563;7,376;4,778;4,092;3,694;4,019;5,949;7,229;6,985;7,082;6,506;8,287;16,712;22,187;16,844;22,894;23,963;14,043;27,230;27,230;17,646;12,257;9,400;8,970;12,197;12,317;14,748;14,748;14,169;9,077;3,694;12,269;27,230
  02/2012;7,979;7,278;6,601;6,087;5,768;5,423;5,137;4,818;4,622;4,700;4,976;12,924;18,590;10,171;7,575;7,928;5,723;5,813;6,041;8,030;8,287;7,928;6,744;6,087;5,858;6,041;6,226;7,676;6,226;---;---;4,622;7,147;18,590
  03/2012;5,259;4,897;5,340;5,464;5,949;5,177;4,700;4,507;4,279;4,392;4,778;5,300;4,622;4,507;4,204;4,739;4,584;4,392;4,056;3,910;3,730;3,659;5,259;5,218;4,507;4,092;4,936;4,019;4,622;4,430;4,507;3,659;4,646;5,949
  04/2012;4,019;3,982;3,766;3,766;3,589;3,730;3,766;3,837;7,776;6,840;4,700;4,092;4,976;4,468;5,097;9,023;5,137;4,354;3,982;3,730;4,316;8,652;10,004;6,648;4,857;4,545;5,056;5,218;5,995;6,985;---;3,589;5,230;10,004
  05/2012;7,476;16,977;12,317;7,426;6,365;5,723;5,218;4,818;4,507;4,316;4,167;4,354;4,545;4,507;4,700;4,661;4,430;4,056;3,946;3,873;3,766;3,766;4,316;3,589;4,700;5,768;5,097;4,622;4,316;4,019;4,092;3,589;5,369;16,977
  06/2012;3,801;4,316;4,167;3,946;4,857;14,619;11,722;7,376;8,081;7,179;5,678;16,977;8,705;5,678;4,936;5,097;4,778;4,700;4,545;4,700;20,233;25,912;22,046;16,183;9,673;8,184;7,278;7,179;6,319;5,949;---;3,801;8,827;25,912
  07/2012;5,768;5,506;5,340;4,936;4,936;4,857;4,700;4,857;5,678;5,259;4,936;4,857;5,589;5,259;4,700;4,622;5,097;18,862;23,320;10,115;6,888;6,041;5,678;5,423;5,177;5,016;4,778;4,700;4,545;4,468;4,468;4,468;6,335;23,320
  08/2012;4,316;4,316;4,241;4,167;4,167;4,092;4,092;3,946;3,946;3,873;3,801;3,801;3,730;3,589;3,589;3,589;3,589;3,450;3,381;3,381;3,313;3,313;3,178;3,178;3,112;3,112;3,178;3,178;3,178;3,178;3,178;3,112;3,618;4,316
  09/2012;3,046;2,980;2,980;2,980;2,980;2,851;2,724;2,724;2,724;2,724;2,724;2,600;2,600;2,539;2,539;2,539;2,539;2,539;2,539;2,478;2,662;3,946;3,801;3,313;3,801;3,046;3,046;2,980;2,787;2,662;---;2,478;2,880;3,946
  10/2012;2,600;2,358;2,358;2,299;2,299;2,600;2,915;2,980;2,600;2,418;2,241;2,299;2,539;3,178;2,662;2,662;2,724;3,245;3,245;11,370;5,589;4,622;3,046;4,700;4,700;3,801;3,245;2,851;7,476;5,259;3,450;2,241;3,559;11,370
  11/2012;3,873;3,450;3,112;2,915;2,787;2,662;2,600;2,600;2,980;3,801;4,241;3,946;3,659;3,245;3,589;3,112;2,724;2,600;2,600;2,478;2,478;2,478;2,299;1,903;2,478;4,468;3,178;2,724;2,600;2,299;---;1,903;2,996;4,468
  12/2012;2,299;2,013;2,915;6,319;3,730;3,245;6,133;3,245;3,450;3,313;2,851;2,299;3,450;2,851;5,858;5,177;5,340;9,238;7,575;5,506;4,545;3,659;3,245;6,041;5,340;3,589;3,245;8,600;3,946;3,450;10,115;2,013;4,599;10,115
  01/2013;6,696;4,700;3,801;3,381;3,946;3,381;8,081;4,167;3,381;6,412;15,136;13,046;18,049;18,590;12,680;8,600;5,506;11,959;9,238;8,391;7,776;6,226;5,340;5,177;5,340;5,589;7,179;5,506;5,340;5,340;6,888;3,381;7,576;18,590
  02/2013;6,412;5,506;6,412;5,340;7,179;5,768;7,179;15,397;11,722;13,417;9,346;6,888;5,949;5,506;6,226;6,412;5,949;5,678;4,936;5,506;9,673;5,589;5,678;11,722;9,454;5,589;5,423;5,097;---;---;---;4,936;7,320;15,397
  03/2013;4,700;6,412;5,858;4,700;4,316;4,019;3,946;7,376;7,179;9,130;9,346;14,169;15,397;12,801;8,081;9,238;12,680;14,361;12,924;9,454;8,184;11,370;8,600;8,287;9,454;12,680;8,917;7,676;7,179;6,319;5,506;3,946;8,718;15,397
  04/2013;5,423;5,259;6,601;10,565;6,696;28,710;19,682;10,004;9,783;7,979;6,792;6,412;6,601;11,840;10,565;7,376;6,506;5,678;5,678;5,858;5,340;5,097;5,097;4,857;4,700;4,545;4,545;4,392;4,392;4,392;---;4,392;7,712;28,710
  05/2013;4,316;4,241;4,167;4,167;4,019;4,167;4,019;4,019;3,873;3,873;3,801;3,730;3,730;3,730;3,730;3,589;3,589;3,519;3,519;3,519;3,519;3,519;3,730;3,946;3,801;3,730;3,730;4,778;10,565;9,454;6,601;3,519;4,345;10,565
  06/2013;5,097;5,589;6,226;5,589;4,857;4,468;4,316;4,167;4,092;3,946;3,873;3,873;5,858;3,946;3,946;4,092;4,392;4,468;4,857;3,946;3,946;3,801;3,801;3,873;4,092;3,946;4,167;4,019;3,946;5,340;---;3,801;4,418;6,226
  07/2013;10,907;11,138;6,041;4,700;5,177;4,545;3,946;3,946;3,946;3,801;3,659;3,450;3,313;3,313;3,313;3,450;3,313;3,313;3,245;3,245;3,245;3,245;3,245;3,245;4,622;7,877;11,138;6,601;3,730;3,450;3,245;3,245;4,690;11,138
  08/2013;3,245;3,046;3,245;3,112;2,980;2,915;2,915;2,851;2,851;2,787;2,662;2,600;2,662;2,662;2,662;2,662;2,662;2,662;2,662;2,851;2,662;2,539;2,539;2,478;2,418;2,418;2,418;2,358;2,358;2,299;2,299;2,299;2,693;3,245
  09/2013;2,126;2,126;2,126;2,478;2,851;2,600;2,478;2,418;2,358;2,183;2,126;2,013;1,849;1,849;1,849;1,849;1,958;2,662;3,313;2,787;2,600;2,478;2,418;2,600;2,418;2,241;2,013;1,903;1,958;2,539;---;1,849;2,306;3,313
  10/2013;2,787;3,112;5,340;4,857;5,506;4,936;3,178;2,787;2,600;2,418;2,241;2,126;2,126;2,126;2,126;2,478;4,167;3,519;5,340;4,092;3,112;3,381;6,696;3,801;3,112;2,478;2,358;2,600;2,724;2,478;2,358;2,126;3,321;6,696
  11/2013;2,358;2,183;2,126;2,126;2,241;2,662;3,519;3,313;2,662;2,478;2,358;2,183;2,126;2,069;2,183;2,183;2,126;2,126;2,126;2,069;1,958;1,958;1,903;2,126;2,183;2,662;3,313;4,019;2,724;2,183;---;1,903;2,408;4,019
  12/2013;2,126;2,013;2,418;2,299;2,126;2,600;4,545;5,506;5,858;3,112;2,915;3,589;2,851;2,600;2,358;2,358;2,013;1,903;1,690;1,903;2,358;2,013;2,299;2,724;2,299;2,662;2,915;2,013;2,126;3,589;2,724;1,690;2,726;5,858
  01/2014;2,126;2,241;2,126;2,013;1,795;2,299;2,126;1,849;1,690;1,487;1,203;1,487;3,946;3,801;3,245;2,358;2,069;1,958;1,903;1,795;1,742;1,537;1,537;1,390;1,487;1,742;1,587;1,487;1,342;1,203;1,203;1,203;1,928;3,946
  02/2014;1,203;1,114;1,027;0,985;0,862;0,823;0,709;0,709;0,637;0,637;0,637;0,637;0,637;0,709;0,823;1,487;2,126;5,097;3,730;2,183;1,849;1,690;1,487;1,342;1,342;2,241;1,742;1,587;---;---;---;0,637;1,430;5,097
  03/2014;2,915;3,112;3,450;2,478;2,013;2,126;2,299;2,299;2,126;2,013;1,849;1,903;1,903;2,126;1,690;1,903;1,587;1,203;2,126;2,126;1,742;5,949;4,241;2,915;2,299;2,013;1,849;1,742;2,013;1,903;1,903;1,203;2,317;5,949
  04/2014;2,787;1,849;5,678;9,238;5,949;4,545;3,112;2,478;2,241;2,069;1,903;1,903;2,126;2,126;2,358;4,092;4,167;3,801;3,589;2,851;2,241;2,126;2,013;2,013;1,903;1,903;1,795;1,690;1,690;1,690;---;1,690;2,931;9,238
  05/2014;1,487;1,390;1,390;1,390;1,390;1,390;1,342;1,295;1,203;1,203;1,203;1,203;1,203;1,203;1,203;1,158;1,158;1,114;1,027;1,027;1,027;1,027;1,249;1,487;1,903;2,126;1,849;1,390;1,342;1,342;1,390;1,027;1,326;2,126
  06/2014;1,487;1,903;2,069;2,069;1,742;1,587;1,487;1,390;1,390;1,390;1,342;1,249;1,249;1,203;1,203;1,203;1,203;1,158;1,114;1,114;1,070;1,070;1,070;1,027;1,027;1,027;1,027;1,027;0,985;0,985;---;0,985;1,296;2,069
  07/2014;0,985;0,985;0,943;0,943;0,862;0,862;0,823;0,823;0,985;1,114;3,178;2,358;1,742;1,487;1,342;1,249;1,249;1,114;1,114;1,114;1,114;1,114;1,027;0,943;1,203;1,537;2,126;1,742;1,587;1,537;1,390;0,823;1,309;3,178
  08/2014;1,342;1,295;1,203;1,070;1,070;1,070;1,027;0,943;0,862;0,862;0,823;0,823;0,823;0,823;0,823;0,823;0,862;0,943;0,943;0,985;0,902;0,862;0,823;0,746;0,709;0,673;0,673;0,637;0,602;0,535;0,535;0,535;0,875;1,342
  09/2014;0,637;0,709;1,114;1,587;1,903;1,158;1,027;0,943;0,943;0,862;0,709;0,602;0,568;0,535;0,502;0,502;0,502;0,502;0,471;0,502;1,027;0,943;1,114;0,862;0,784;0,784;1,203;1,795;1,587;1,295;---;0,471;0,922;1,903
  10/2014;1,390;1,203;0,943;0,943;0,784;0,784;0,602;0,568;0,535;0,471;0,471;0,440;0,381;0,325;0,298;0,273;0,273;0,248;0,248;0,273;0,410;0,502;0,637;0,502;1,295;2,013;1,203;1,027;0,862;0,709;0,637;0,248;0,685;2,013
  11/2014;0,568;0,568;0,637;0,985;0,943;1,158;1,342;1,742;2,013;2,013;1,203;0,943;0,823;0,862;0,862;0,862;0,823;0,709;0,568;0,568;0,568;0,535;0,535;0,535;0,568;0,943;2,242;1,095;1,791;1,579;---;0,535;1,019;2,242
  12/2014;1,233;1,140;1,095;0,919;0,755;0,678;0,795;1,095;0,795;0,716;1,005;1,186;1,378;1,684;1,528;1,477;1,140;0,919;0,877;1,631;2,126;3,819;3,522;6,000;5,821;5,038;3,183;2,542;2,126;1,956;1,900;0,678;1,938;6,000
  01/2015;1,684;1,579;1,378;2,242;2,361;2,361;3,250;1,684;1,579;1,378;1,281;1,186;1,050;1,477;1,378;1,579;1,186;1,095;0,678;0,678;4,133;1,095;1,140;1,281;2,126;2,856;2,126;1,956;2,604;1,956;1,579;0,678;1,740;4,133
  02/2015;1,427;1,579;2,361;1,791;2,361;5,209;6,000;2,856;2,361;2,242;7,496;8,285;3,897;2,985;3,453;13,299;13,535;16,843;17,611;14,732;7,496;5,910;4,374;3,666;3,522;3,453;2,920;2,856;---;---;---;1,427;5,876;17,611
  03/2015;2,856;2,542;2,301;2,126;2,012;2,012;2,126;11,916;8,996;7,593;6,922;9,833;6,641;6,181;4,537;5,123;8,085;9,939;6,272;5,123;6,181;8,689;10,476;8,587;6,000;5,123;4,537;3,819;3,590;3,522;4,953;2,012;5,762;11,916
  04/2015;4,537;9,727;3,051;2,856;2,792;2,666;3,250;3,183;2,792;2,542;2,361;2,242;2,184;2,184;2,069;2,069;2,069;2,361;2,985;3,522;4,537;2,985;2,604;2,421;2,242;2,184;2,126;2,012;1,900;1,737;---;1,737;2,873;9,727
  05/2015;1,684;1,684;1,684;1,684;2,012;2,012;2,012;2,012;2,012;2,242;3,250;2,985;2,985;2,604;2,126;2,126;2,012;2,012;2,012;2,481;2,421;2,421;2,126;2,012;1,900;1,845;1,845;1,791;1,900;3,385;6,734;1,684;2,323;6,734
  06/2015;10,260;8,185;4,785;4,293;3,666;2,856;2,604;2,301;2,242;2,126;2,069;2,012;2,012;1,956;1,900;2,012;2,126;2,242;2,242;2,242;2,301;2,301;2,242;2,184;2,069;2,069;2,012;1,845;1,791;1,791;---;1,791;2,825;10,260
  07/2015;1,737;1,737;1,684;1,737;1,791;1,900;1,900;1,900;1,900;2,012;2,242;2,012;1,845;1,791;1,631;1,528;1,477;1,427;1,427;1,427;1,378;1,378;1,233;1,233;1,684;2,856;3,116;2,242;1,900;1,791;1,477;1,233;1,787;3,116
  08/2015;1,378;1,281;1,233;1,233;1,233;1,186;1,140;1,140;1,095;1,095;1,050;0,962;0,962;0,919;0,919;0,919;0,919;0,919;0,919;0,877;0,836;0,836;0,795;0,795;0,877;1,281;2,184;1,791;1,579;1,427;1,378;0,795;1,134;2,184
  09/2015;1,281;1,095;1,050;0,962;0,962;0,919;0,919;1,579;9,727;10,368;7,112;9,727;8,085;5,295;3,975;3,183;2,729;2,361;2,012;1,845;1,684;1,579;1,427;1,233;1,233;1,956;2,421;2,604;2,184;2,604;---;0,919;3,137;10,368
  10/2015;3,317;4,293;4,213;8,085;4,213;2,985;2,481;2,242;1,956;1,737;1,684;1,579;1,528;1,477;1,281;1,186;1,095;1,005;0,962;0,962;0,962;0,919;1,329;1,631;1,477;1,378;1,631;1,737;2,301;1,631;1,427;0,919;2,087;8,085
  11/2015;1,281;2,012;4,213;5,381;4,619;4,619;4,374;3,666;2,985;2,481;2,301;2,126;2,126;2,184;2,361;3,385;2,792;5,381;3,453;3,590;6,000;8,385;6,272;13,771;16,213;6,272;5,123;3,897;3,385;3,250;---;1,281;4,597;16,213
  12/2015;3,250;9,939;4,953;12,486;11,355;7,986;12,143;12,029;10,260;9,099;11,916;9,099;16,843;21,625;14,369;8,085;11,916;7,691;5,644;15,098;7,496;5,381;8,689;5,821;9,203;21,765;9,307;6,641;12,143;12,833;14,249;3,250;10,623;21,765
  01/2016;15,466;13,535;9,516;7,887;8,085;6,456;5,556;5,295;8,385;5,821;6,090;8,085;16,843;20,521;30,658;49,296;34,016;19,579;12,717;10,803;9,411;8,385;8,285;9,411;7,887;7,887;7,496;7,399;10,694;10,153;7,887;5,295;12,565;49,296
  02/2016;6,734;5,821;5,295;5,295;6,000;6,272;9,939;10,803;12,372;8,587;6,548;6,272;5,556;5,123;4,702;4,619;6,548;6,456;5,468;7,691;20,250;13,653;13,299;10,153;8,893;8,791;7,691;6,922;10,803;---;---;4,619;8,157;20,250
  03/2016;8,893;7,399;11,916;19,312;29,456;18,259;12,029;14,249;19,312;21,485;18,259;35,566;28,561;16,843;13,182;15,466;12,257;10,803;10,476;10,260;8,385;7,887;7,593;7,887;8,689;12,601;12,257;7,887;13,065;12,717;11,916;7,399;14,351;35,566
  04/2016;11,023;8,893;7,112;6,734;6,364;6,000;5,644;5,556;5,381;4,953;4,953;4,953;4,785;4,702;4,619;4,374;4,293;4,293;4,133;4,133;3,975;3,897;3,819;3,742;3,742;3,742;3,742;3,819;4,293;4,213;---;3,742;5,063;11,023
  05/2016;4,213;4,054;3,819;3,742;3,522;3,522;3,453;3,453;3,453;3,522;3,590;3,522;3,453;3,453;3,385;3,385;3,975;4,455;4,785;5,295;9,939;11,916;8,893;8,085;6,000;5,123;4,619;4,293;4,213;4,054;5,295;3,385;4,790;11,916
  06/2016;5,468;12,486;12,717;13,771;31,263;41,908;39,504;35,878;34,016;22,894;12,717;9,203;8,385;7,691;7,399;7,112;6,828;6,456;6,181;6,181;6,000;5,910;5,732;5,556;5,381;5,295;5,209;5,123;5,123;5,038;---;5,038;12,748;41,908
  07/2016;4,953;4,869;4,702;4,702;4,702;4,537;4,455;4,293;4,213;4,213;4,133;4,133;3,975;3,897;3,819;3,819;3,819;4,133;3,897;3,819;3,742;3,666;3,666;3,666;3,666;3,590;3,522;3,453;3,453;3,385;3,385;3,385;4,009;4,953
  08/2016;3,385;3,385;3,183;3,116;3,116;3,116;3,051;3,051;3,051;3,051;3,051;2,985;2,985;2,920;2,920;3,385;3,590;3,453;3,317;3,116;4,619;9,203;6,641;4,702;3,975;3,590;3,385;3,116;3,051;2,985;2,920;2,920;3,594;9,203
  09/2016;4,374;4,054;3,742;3,590;3,522;3,385;3,522;3,742;3,385;3,183;2,985;2,856;2,729;2,604;2,542;2,481;2,481;2,481;2,481;2,361;2,242;2,242;2,242;2,184;2,126;2,069;1,956;1,900;1,845;1,791;---;1,791;2,770;4,374
  10/2016;1,791;1,791;1,737;3,666;4,133;3,522;2,792;2,729;2,542;2,361;2,242;8,085;4,953;5,295;14,732;8,689;4,702;3,897;2,985;2,856;4,455;3,590;2,985;3,975;5,556;5,644;6,000;6,272;4,702;3,975;3,250;1,737;4,384;14,732
  11/2016;2,985;2,856;2,985;2,985;2,985;2,856;3,183;2,920;2,542;3,522;3,742;3,522;3,522;5,910;11,023;6,922;5,556;5,295;4,455;3,897;3,742;3,385;3,051;3,051;2,920;2,856;2,604;2,856;2,856;7,303;---;2,542;3,943;11,023
  12/2016;4,455;3,590;3,183;5,732;5,556;4,785;3,590;3,116;3,183;2,985;2,985;3,522;7,303;4,953;3,819;3,183;2,985;2,729;2,920;2,856;3,522;2,985;2,792;4,702;4,133;3,522;6,181;4,054;8,689;3,666;2,856;2,729;4,017;8,689
  01/2017;2,985;3,250;2,856;2,729;2,604;2,792;2,604;2,481;2,481;2,856;3,385;8,689;5,821;6,922;7,691;8,185;7,887;20,656;19,579;17,999;13,299;28,264;19,579;15,098;10,803;9,411;10,260;9,411;9,203;7,112;9,411;2,481;8,913;28,264
  02/2017;10,803;9,203;13,771;12,143;9,411;16,717;23,178;12,372;7,887;7,112;6,000;5,556;4,785;4,702;4,455;4,133;4,054;3,897;3,742;3,742;3,666;3,522;3,385;3,385;6,922;5,123;5,295;4,455;---;---;---;3,385;7,265;23,178
  03/2017;3,975;4,702;5,123;5,556;10,803;10,476;20,656;12,143;16,971;10,803;8,893;7,017;5,821;5,295;11,023;12,143;6,456;5,644;9,939;15,098;7,887;6,456;6,181;5,556;4,953;4,537;4,374;4,374;4,537;4,293;4,133;3,975;7,930;20,656
  04/2017;3,666;3,666;3,666;3,590;3,453;3,385;5,123;8,689;6,000;5,123;4,953;4,455;4,133;3,819;3,666;3,590;3,385;3,385;3,385;3,317;3,116;3,666;4,293;3,742;3,522;3,317;6,181;6,272;4,702;4,133;---;3,116;4,246;8,689
  05/2017;3,897;3,590;3,522;3,385;3,590;7,691;7,017;4,953;4,374;3,819;3,590;3,522;3,522;3,385;3,385;3,385;3,385;3,317;7,112;20,929;15,963;13,299;11,244;7,887;6,456;5,556;5,123;4,869;4,537;4,374;4,293;3,317;5,967;20,929
  06/2017;4,133;4,133;4,133;4,054;3,897;4,054;4,374;4,293;4,133;3,975;3,975;3,819;3,819;3,819;3,819;3,666;3,522;3,385;3,385;3,385;3,250;3,250;3,183;3,116;3,116;3,116;3,116;3,116;3,116;2,985;---;2,985;3,638;4,374
  07/2017;2,985;2,920;2,856;2,792;2,729;2,729;2,666;2,604;2,604;2,604;2,542;2,542;2,542;2,421;2,361;2,361;2,361;2,361;2,361;2,361;2,361;2,361;2,301;2,301;2,301;2,242;2,242;2,242;2,242;2,184;2,184;2,184;2,473;2,985
  08/2017;2,126;2,126;2,069;2,069;2,069;2,069;2,069;2,069;2,012;2,012;1,956;1,956;1,956;1,900;1,900;1,845;2,242;2,792;3,250;3,666;3,666;3,453;2,856;2,542;2,666;2,242;2,126;2,126;2,069;2,012;1,956;1,845;2,318;3,666
  09/2017;1,956;1,900;1,791;1,791;1,684;1,684;1,684;1,684;1,579;1,579;1,477;1,427;1,378;1,281;1,281;1,281;1,281;1,281;1,233;1,186;1,095;1,095;1,050;1,050;1,005;0,962;0,962;0,919;2,666;2,920;---;0,919;1,472;2,920
  10/2017;2,920;2,920;3,522;2,421;2,421;2,242;2,242;2,184;2,126;2,126;2,126;2,126;2,012;1,791;1,684;1,684;1,579;1,528;1,427;1,378;1,281;1,186;1,579;1,528;1,477;1,791;2,242;8,689;3,975;2,421;2,604;1,186;2,298;8,689
  11/2017;2,361;2,126;2,012;1,956;2,069;2,361;2,184;2,069;1,900;1,791;1,737;8,893;5,821;3,250;2,856;2,421;2,126;5,556;5,468;9,621;6,456;17,999;16,338;10,476;8,996;6,641;4,619;4,869;5,123;4,537;---;1,737;5,154;17,999
  12/2017;3,385;4,455;3,522;3,250;2,920;2,666;2,421;3,590;3,183;2,856;2,421;2,242;2,069;1,956;2,856;2,481;2,242;2,069;2,242;3,183;2,421;2,361;5,123;3,897;2,856;2,242;2,126;2,069;1,900;2,126;5,910;1,900;2,872;5,910
  01/2018;7,887;7,887;4,953;4,293;3,819;4,619;8,893;16,464;16,717;13,535;8,385;7,691;7,207;6,364;4,619;6,000;4,953;4,702;4,293;15,714;7,691;6,000;6,922;6,456;10,153;8,689;14,129;9,939;8,689;14,490;14,732;3,819;8,609;16,717
  02/2018;9,099;8,893;6,734;5,821;5,556;4,702;4,293;4,133;4,133;3,897;3,453;3,250;3,250;3,250;3,250;3,250;3,742;4,619;8,587;11,578;20,115;8,285;6,922;6,272;4,953;4,953;7,496;5,821;---;---;---;3,250;6,082;20,115
  03/2018;4,869;4,293;5,123;5,123;5,556;5,123;4,054;4,054;3,897;4,133;6,272;4,619;3,819;3,666;6,548;4,133;4,133;4,293;4,455;3,819;11,023;9,099;6,272;5,644;4,869;3,897;3,522;5,468;5,209;4,702;5,123;3,522;5,058;11,023
  04/2018;4,953;4,619;7,691;6,000;4,785;4,133;3,742;3,522;3,250;3,183;2,985;2,856;2,542;2,421;2,421;2,361;2,361;2,361;2,361;2,242;2,242;2,242;2,242;2,301;2,184;2,242;2,242;2,242;2,242;2,242;---;2,184;3,107;7,691
  05/2018;2,242;2,242;2,242;2,126;2,012;1,956;1,956;1,956;1,956;1,900;1,900;1,900;1,900;1,900;1,900;1,900;2,069;2,069;2,242;2,856;2,985;2,542;2,242;2,184;2,069;2,069;2,012;2,012;2,012;1,956;1,956;1,900;2,105;2,985
  06/2018;1,900;1,900;1,845;1,845;1,845;1,900;1,956;2,069;2,069;2,069;2,069;2,069;2,012;1,956;1,956;1,900;1,900;1,900;1,900;1,791;1,737;1,737;1,579;1,579;1,477;1,477;1,477;1,329;1,329;1,281;---;1,281;1,795;2,069
  07/2018;1,281;1,233;1,233;1,233;1,233;1,233;1,233;1,186;1,186;1,095;1,095;1,095;1,095;1,095;1,095;1,095;1,140;1,140;1,050;1,050;1,095;1,140;1,140;1,095;1,050;1,005;0,962;0,962;0,962;0,962;0,962;0,962;1,111;1,281
  08/2018;1,737;2,301;2,184;3,819;4,293;2,856;4,133;4,702;3,183;2,729;2,361;2,184;2,012;1,845;1,737;1,579;1,528;1,579;1,579;1,579;1,477;1,281;1,281;1,233;1,281;1,579;1,791;1,631;1,477;1,427;1,427;1,233;2,123;4,702
  09/2018;1,329;1,186;1,095;1,186;1,281;1,095;1,095;1,095;1,095;1,095;1,005;1,005;0,919;0,877;1,281;1,579;1,900;2,361;1,900;1,900;2,069;1,956;1,956;1,845;1,579;1,378;1,186;1,140;1,095;1,095;---;0,877;1,386;2,361
  10/2018;1,233;2,069;1,737;1,427;1,579;1,684;1,684;1,684;2,729;4,785;5,556;3,522;2,729;2,361;2,126;2,126;2,126;2,421;2,242;2,012;1,900;1,684;1,684;1,579;1,791;3,250;4,293;3,666;2,856;2,361;2,126;1,233;2,420;5,556
  11/2018;2,012;1,845;1,845;1,956;5,295;3,975;2,126;2,985;3,975;3,250;2,666;2,920;2,729;5,295;2,985;2,242;2,126;2,012;2,126;4,293;3,385;4,953;5,123;9,203;12,833;19,312;10,046;8,893;5,468;4,537;---;1,845;4,747;19,312
  12/2018;7,986;19,981;19,579;10,913;6,272;5,209;4,537;3,975;3,522;3,250;3,051;2,729;2,604;7,112;5,821;3,453;2,242;3,522;4,054;3,819;2,856;2,729;18,783;10,046;5,209;7,303;7,303;12,143;7,887;4,133;3,250;2,242;6,622;19,981
  01/2019;2,666;2,361;2,481;3,183;18,652;22,328;8,385;8,285;7,303;6,000;5,209;5,123;5,123;5,821;4,702;3,897;7,207;5,821;4,785;4,293;5,295;4,293;4,133;5,644;5,821;6,000;6,364;5,556;5,556;5,556;3,897;2,361;6,185;22,328
  02/2019;3,183;2,856;2,666;2,421;2,542;2,421;11,355;11,023;8,486;6,000;3,897;3,317;4,133;3,666;3,317;3,897;5,821;7,691;4,953;4,953;4,537;5,038;8,185;6,090;4,455;6,181;6,000;8,689;---;---;---;2,421;5,278;11,355
  03/2019;6,000;17,482;18,129;20,929;11,578;8,689;7,789;8,893;8,385;7,112;6,272;6,272;6,090;8,689;7,691;15,963;37,445;21,485;11,023;8,893;7,496;6,734;6,272;5,821;5,468;4,953;4,785;4,537;4,374;4,213;4,133;4,133;9,793;37,445
  04/2019;4,054;3,975;3,666;3,522;3,385;5,821;29,755;20,656;11,467;8,085;6,181;5,821;4,293;3,975;4,619;3,975;23,605;20,385;12,372;8,689;7,986;7,399;5,910;5,556;5,821;6,364;6,000;5,821;8,185;8,893;---;3,385;8,541;29,755
  05/2019;6,734;5,468;5,381;5,295;6,922;6,734;5,123;4,953;5,821;4,455;4,374;4,293;4,293;4,054;5,821;4,213;4,054;4,702;4,619;4,619;4,374;4,054;3,742;3,666;3,742;3,897;3,819;3,666;3,819;4,133;3,975;3,666;4,671;6,922
  06/2019;3,897;3,666;3,522;6,000;5,381;4,293;3,742;3,666;3,590;3,522;3,385;3,317;3,250;3,183;3,116;3,051;2,985;2,985;2,985;2,985;2,920;2,920;2,920;2,856;2,856;2,792;2,729;2,729;2,729;2,666;---;2,666;3,355;6,000
  07/2019;2,666;2,604;2,604;2,481;4,953;10,046;8,893;6,456;4,133;3,522;3,317;3,250;3,183;3,116;2,985;2,856;2,729;2,729;2,666;2,666;2,666;2,604;2,542;2,481;2,481;2,361;2,361;2,361;2,301;2,242;2,301;2,242;3,373;10,046
  08/2019;2,301;2,301;2,361;2,481;5,295;3,183;2,792;2,542;2,301;2,242;2,242;2,184;2,126;1,956;1,956;1,956;1,956;1,900;1,900;2,069;2,012;2,012;1,900;1,900;1,845;1,845;1,845;1,684;1,684;1,631;1,631;1,631;2,195;5,295
  09/2019;1,631;3,975;4,293;3,250;2,792;2,481;2,361;2,361;2,126;1,956;1,684;1,684;1,631;1,579;1,579;1,528;2,666;1,956;1,684;1,528;1,579;1,477;1,378;1,378;2,012;5,123;4,133;2,920;2,421;2,126;---;1,378;2,310;5,123
  10/2019;1,900;1,791;1,631;1,378;1,329;1,329;1,281;1,477;2,361;5,295;3,897;2,421;2,242;1,737;1,579;1,477;1,477;1,378;1,329;1,329;1,281;1,281;1,281;1,095;1,095;1,005;1,005;0,919;2,421;1,737;1,427;0,919;1,716;5,295
  11/2019;1,427;1,329;1,281;1,186;1,095;1,684;1,329;1,845;2,126;3,742;2,792;2,126;1,845;2,126;6,000;12,143;7,207;3,590;2,856;2,666;2,361;3,666;2,729;2,421;2,301;2,126;2,126;2,184;2,361;2,242;---;1,095;2,830;12,143
  12/2019;8,085;7,691;4,953;3,250;2,729;10,046;40,302;27,230;9,939;7,691;7,691;7,017;6,922;5,556;4,953;4,293;3,116;4,953;4,702;4,133;3,666;3,522;3,666;13,299;9,411;6,364;4,619;4,293;4,213;3,183;3,116;2,729;7,568;40,302
  01/2020;3,522;3,116;11,691;10,803;5,123;15,714;14,249;8,689;11,355;16,338;9,516;6,922;21,905;20,656;16,213;8,689;8,893;8,587;7,399;6,000;5,821;5,123;5,123;7,399;10,803;8,385;5,295;4,702;4,537;4,455;8,285;3,116;9,203;21,905
  02/2020;5,910;8,893;11,578;8,689;11,355;23,605;12,143;10,260;7,887;9,727;25,042;29,905;17,482;11,023;9,833;7,887;7,207;7,887;7,496;6,734;6,922;9,939;8,085;6,734;7,399;9,099;13,535;22,187;17,354;---;---;5,910;11,786;29,905
  03/2020;10,476;8,893;8,385;7,112;6,456;5,381;5,381;5,295;5,295;5,295;5,295;4,953;4,785;4,785;4,785;6,364;9,203;10,803;7,224;6,845;6,376;5,915;5,732;5,190;4,572;4,140;4,140;4,055;3,970;4,485;4,659;3,970;6,008;10,803
  04/2020;4,312;3,970;4,140;3,970;3,885;3,717;3,717;3,550;3,467;3,302;3,302;3,221;2,978;3,139;3,221;3,221;3,139;3,058;2,978;2,898;2,818;2,660;2,458;2,226;2,169;2,113;2,003;2,113;2,113;2,113;---;2,003;3,066;4,312
  05/2020;2,113;2,113;2,113;2,169;2,169;2,169;2,169;2,113;2,113;2,113;2,058;2,058;2,058;1,949;2,058;2,113;2,113;2,169;2,113;2,058;1,949;1,949;1,895;1,949;2,003;2,058;2,058;1,949;1,949;1,949;1,949;1,895;2,057;2,169
  06/2020;1,949;1,949;1,949;1,949;1,842;1,949;4,835;7,034;5,012;3,550;3,139;2,517;2,283;2,113;2,058;2,058;2,058;2,003;2,003;1,949;1,895;1,842;1,842;1,842;1,842;1,790;1,842;2,978;3,221;2,399;---;1,790;2,523;7,034
  07/2020;2,340;2,113;2,113;2,113;2,113;2,058;2,058;2,058;2,058;2,003;1,949;1,895;1,842;1,790;1,790;1,738;1,687;1,636;1,586;1,537;1,537;1,537;1,440;1,440;1,392;1,299;1,254;1,254;1,254;1,254;1,209;1,209;1,721;2,340
  08/2020;1,209;1,165;1,165;1,165;1,254;1,254;1,209;1,165;1,121;1,121;1,121;1,078;1,078;0,994;0,994;0,953;0,953;2,399;3,302;2,517;2,003;1,949;1,949;1,895;1,738;1,488;1,440;1,345;1,254;1,165;1,078;0,953;1,436;3,302
  09/2020;1,078;1,078;1,078;1,036;0,994;0,953;0,913;0,913;0,835;0,835;0,835;0,722;0,651;0,617;0,617;0,617;0,617;0,617;0,617;0,583;0,583;0,617;1,254;1,842;1,440;1,254;0,994;0,913;0,953;0,835;---;0,583;0,896;1,842
  10/2020;0,835;0,835;0,759;0,651;0,617;0,617;0,583;0,550;0,550;0,550;0,550;0,518;0,486;0,486;0,835;0,686;0,759;0,796;0,796;0,759;1,345;1,537;1,440;0,994;0,994;0,953;0,913;0,913;0,796;0,759;0,617;0,486;0,790;1,537
  11/2020;0,617;0,583;0,550;0,651;0,913;1,165;0,913;0,722;0,583;0,550;0,617;0,617;0,617;0,913;1,345;1,254;1,121;1,949;5,915;7,800;5,915;4,659;2,058;1,636;1,392;1,254;1,209;1,392;1,345;1,345;---;0,550;1,720;7,800
  12/2020;1,345;1,586;1,345;1,488;1,949;4,923;4,226;17,244;10,286;12,896;7,034;5,460;4,485;5,370;6,283;12,896;9,577;29,606;22,187;12,896;7,415;5,732;5,460;4,835;4,659;4,659;11,005;7,607;10,286;11,838;11,005;1,345;8,309;29,606
  01/2021;5,550;5,732;6,657;6,657;8,779;5,280;4,312;4,835;4,923;8,581;20,788;11,838;9,276;10,799;9,678;7,994;7,800;6,657;5,012;4,835;4,312;3,717;3,550;3,467;3,302;5,190;3,885;4,398;4,140;3,801;2,898;2,898;6,408;20,788
  02/2021;2,517;2,399;3,139;2,660;3,467;14,877;11,525;8,091;5,280;5,823;9,577;7,994;8,680;11,629;11,838;7,607;5,915;5,915;6,376;6,099;5,550;4,140;5,370;4,398;3,717;3,550;4,312;4,226;---;---;---;2,399;6,310;14,877
  03/2021;3,885;3,467;3,058;2,898;2,898;4,747;7,129;11,213;11,420;7,607;5,280;5,370;5,280;5,370;5,732;8,581;5,732;4,923;4,572;4,835;4,923;5,101;4,140;3,970;3,633;3,302;3,139;2,978;2,898;4,140;3,550;2,898;5,025;11,420
  04/2021;3,302;3,139;2,978;2,517;2,169;2,399;2,458;2,517;2,818;2,517;2,283;1,949;1,895;1,949;1,949;1,949;1,949;1,949;1,949;1,949;1,949;2,458;2,226;2,058;1,949;1,895;1,842;1,790;1,790;1,790;---;1,790;2,211;3,302
  05/2021;1,790;1,738;1,738;1,687;1,687;1,636;1,586;1,537;1,537;1,488;1,488;1,488;1,488;1,440;1,345;1,345;1,345;1,440;1,440;1,537;1,537;1,586;1,790;1,790;1,842;2,058;1,949;1,842;1,842;1,842;1,842;1,345;1,635;2,058
  06/2021;1,842;1,842;1,738;1,636;1,537;1,440;1,392;1,440;1,738;1,738;1,842;1,842;1,842;1,842;1,842;1,842;1,790;1,790;1,687;1,586;1,488;1,537;2,739;2,898;2,226;1,949;1,842;1,738;1,687;1,586;---;1,392;1,798;2,898
  07/2021;1,537;1,537;1,488;1,440;1,392;1,345;1,345;1,345;1,299;1,254;1,209;1,165;1,165;1,165;1,121;1,078;1,078;1,078;1,078;1,078;1,078;1,078;1,078;1,078;1,078;1,078;1,078;1,078;3,384;3,885;3,139;1,078;1,427;3,885
  08/2021;2,169;1,842;1,687;1,586;1,440;1,440;1,392;1,345;1,345;1,345;1,299;1,254;1,165;1,121;1,078;1,078;1,078;1,299;1,299;1,440;1,299;1,209;1,121;0,994;0,994;0,994;0,913;0,913;1,636;1,636;1,636;0,913;1,324;2,169
  09/2021;1,440;1,345;1,036;0,994;0,953;0,913;0,873;0,835;0,722;0,835;0,835;0,835;0,835;0,835;0,722;0,651;0,617;0,617;0,583;0,550;0,486;0,426;0,397;0,368;0,315;0,315;0,264;0,264;0,289;0,289;---;0,264;0,681;1,440
  10/2021;0,264;0,315;0,315;0,686;1,121;1,078;1,209;1,254;1,537;1,790;1,949;1,842;1,790;1,636;1,488;1,895;1,842;2,113;2,283;2,517;2,283;2,169;2,169;2,169;3,717;3,302;2,818;2,577;6,845;5,012;4,572;0,264;2,147;6,845
  11/2021;3,717;3,717;3,221;2,978;2,283;1,895;1,687;1,440;1,345;1,254;1,254;1,165;1,078;1,036;0,994;0,994;0,913;0,796;1,738;18,590;9,779;5,550;3,302;2,577;2,226;2,226;2,660;2,283;2,003;34,944;---;0,796;3,988;34,944
  12/2021;29,905;10,184;5,732;5,190;4,747;4,485;5,732;4,055;3,139;2,517;2,226;2,113;5,012;4,398;4,923;5,101;4,659;7,800;6,657;4,659;3,384;2,739;4,140;3,302;2,818;2,660;2,399;2,399;2,818;4,485;4,835;2,113;5,136;29,905
  01/2022;4,835;10,389;6,191;10,083;12,896;11,838;12,577;11,734;11,213;8,581;8,779;7,994;11,005;10,593;7,319;7,994;22,612;19,550;14,051;9,797;11,516;8,405;6,724;5,811;5,376;6,079;5,376;4,956;5,989;11,516;23,152;4,835;10,159;23,152
  02/2022;29,092;21,940;18,244;16,570;16,570;18,374;25,886;25,472;20,474;12,820;10,584;10,584;10,357;9,577;7,495;7,594;6,537;7,793;7,201;6,818;6,079;6,079;5,635;5,462;8,096;7,009;6,169;5,376;---;---;---;5,376;12,139;29,092
  03/2022;4,956;5,206;5,122;4,550;4,471;4,392;4,314;5,376;5,723;5,376;5,376;4,873;5,899;11,754;7,995;6,260;5,899;5,376;4,873;4,956;4,392;4,159;3,858;3,784;3,638;3,638;4,236;7,009;5,811;4,550;4,007;3,638;5,220;11,754
  04/2022;4,873;4,159;3,638;3,284;3,858;3,858;5,635;5,038;6,169;4,702;4,054;3,522;3,385;3,385;3,183;2,985;2,856;2,792;2,856;2,666;2,361;2,301;2,481;2,481;2,361;2,361;2,242;2,242;2,242;2,242;---;2,242;3,340;6,169
  05/2022;2,301;2,361;2,421;2,361;3,522;3,975;3,385;2,920;2,792;2,604;2,542;2,542;2,421;2,421;2,729;2,920;2,920;2,729;2,481;2,421;2,361;2,361;2,301;2,242;2,242;2,242;2,184;2,184;2,126;2,126;2,792;2,126;2,578;3,975
  06/2022;3,250;3,453;3,385;3,250;2,856;2,666;2,421;2,301;2,361;2,361;2,856;4,133;3,116;2,729;2,542;2,481;2,421;2,301;2,242;2,184;2,242;2,126;2,069;2,012;2,012;1,956;1,900;1,900;1,791;1,791;---;1,791;2,504;4,133
  07/2022;1,737;1,737;1,737;1,684;1,684;1,631;1,631;1,579;1,631;1,631;1,631;1,579;1,579;1,579;1,579;1,528;1,477;1,427;1,378;1,378;1,329;1,281;1,186;1,140;1,095;1,095;1,095;1,050;1,050;1,186;1,378;1,050;1,442;1,737
  08/2022;1,737;1,528;1,477;1,329;1,281;1,281;1,281;1,281;1,579;3,666;4,293;3,742;3,317;2,604;2,012;1,791;1,737;1,579;1,528;1,477;1,477;1,477;1,477;1,378;1,378;1,281;1,233;1,233;1,186;1,140;1,050;1,050;1,769;4,293
  09/2022;1,050;1,005;1,005;0,962;0,919;0,919;0,919;1,050;1,005;0,962;0,919;0,877;0,877;0,919;1,233;1,528;1,281;1,050;0,877;0,877;1,005;0,962;1,737;2,126;1,791;1,427;4,785;5,556;8,893;7,017;---;0,877;1,851;8,893
  10/2022;6,364;4,785;2,856;2,481;2,301;1,140;2,542;2,481;2,604;2,856;4,293;3,183;2,856;2,481;2,421;2,184;1,956;1,845;2,126;2,920;5,644;4,293;3,666;2,856;2,301;2,069;1,900;1,900;2,126;2,481;2,666;1,140;2,857;6,364
  11/2022;5,556;4,133;2,920;2,481;2,242;2,126;1,956;1,900;1,791;1,737;1,579;3,819;2,126;2,361;5,123;4,213;2,856;2,126;2,012;2,729;4,953;2,361;2,361;5,295;7,399;6,181;4,953;4,953;12,143;26,350;---;1,579;4,425;26,350
  12/2022;14,009;9,411;7,691;4,785;4,785;10,153;23,605;21,625;19,579;15,963;7,887;5,123;6,181;19,579;10,260;9,099;8,185;6,000;4,455;4,133;5,821;5,123;4,702;13,890;8,893;6,364;10,476;12,717;31,718;26,496;23,320;4,133;11,678;31,718
  01/2023;18,915;13,299;32,786;20,656;18,521;18,783;15,220;11,023;10,803;18,652;15,098;13,771;15,466;14,249;13,299;9,307;17,226;14,732;16,213;13,299;13,065;11,691;10,803;9,411;8,486;7,887;7,887;7,986;8,385;8,893;7,691;7,691;13,661;32,786
  02/2023;10,476;8,385;12,257;10,585;11,023;11,467;9,939;10,368;8,285;9,099;8,893;9,411;11,023;16,843;25,186;18,783;18,783;30,206;21,485;12,717;11,023;17,482;13,299;10,153;11,023;9,411;8,893;8,689;---;---;---;8,285;13,042;30,206
  03/2023;26,204;11,916;8,791;8,791;13,065;21,205;18,652;14,732;12,029;15,590;16,971;18,521;15,838;22,752;18,783;16,971;11,023;10,368;9,516;7,593;17,999;10,913;17,999;19,579;19,579;19,312;7,887;7,112;22,469;13,890;13,065;7,112;15,133;26,204
  04/2023;---;---;---;---;---;---;---;---;---;---;---;---;---;---;---;---;---;---;---;---;---;---;---;---;---;---;---;---;---;---;---;---;---;---
  05/2023;---;---;---;---;---;---;---;---;---;---;---;---;---;---;---;---;---;---;---;---;---;---;---;---;---;---;---;---;---;---;---;---;---;---
  06/2023;---;---;---;---;---;---;---;---;---;---;---;---;---;---;---;---;---;---;---;---;---;---;---;---;---;---;---;---;---;---;---;---;---;---
  07/2023;---;---;---;---;---;---;---;---;---;---;---;---;---;---;---;---;---;---;---;---;---;---;---;---;---;---;---;---;---;---;---;---;---;---
